t,frame,pos_err,sigma_1d,sigma_3d,ratio_1d,ratio_3d,att_err_deg,n_live,n_dead,n_sub,n_trunc,nobs_sum,nobs_max,nobs_all_max,trunc_min,trunc_max,n_clones,ok,rej,ok_frac
0.020000,22,0.0001,0.003163,0.005478,0.0315,0.0182,nan,165,0,0,0,0,0,0,0,0,1,0,0,0.0000
0.070000,23,0.0044,0.003171,0.005492,1.3952,0.8056,nan,200,0,0,0,0,0,0,0,0,2,0,0,0.0000
0.120000,24,0.0047,0.003192,0.005525,1.4681,0.8482,nan,200,0,0,0,0,0,0,0,0,3,0,0,0.0000
0.170000,25,0.0049,0.003237,0.005590,1.5257,0.8834,nan,200,4,4,0,12,3,3,0,0,4,3,1,0.7500
0.220000,26,0.0052,0.003316,0.005694,1.5626,0.9099,nan,200,12,12,0,47,4,4,0,0,5,12,0,1.0000
0.270000,27,0.0053,0.003438,0.005848,1.5488,0.9106,nan,200,5,5,0,24,5,5,0,0,6,5,0,1.0000
0.320000,28,0.0027,0.003622,0.006058,0.7587,0.4536,nan,200,4,4,0,24,6,6,0,0,7,4,0,1.0000
0.370000,29,0.0057,0.003811,0.006297,1.4935,0.9038,nan,200,3,3,0,21,7,7,0,0,8,3,0,1.0000
0.420000,30,0.0064,0.003963,0.006494,1.6258,0.9922,0.0668,200,4,4,0,32,8,8,0,0,9,4,0,1.0000
0.470000,31,0.0083,0.004261,0.006766,1.9545,1.2309,0.3402,200,3,3,0,22,9,9,0,0,10,3,0,1.0000
0.520000,32,0.0098,0.004282,0.006936,2.2915,1.4147,0.4552,200,3,3,1,27,9,10,10,10,10,3,0,1.0000
0.570000,33,0.0106,0.004650,0.007405,2.2776,1.4301,0.4027,200,0,0,0,0,0,0,0,0,10,0,0,0.0000
0.620000,34,0.0115,0.004001,0.006786,2.8869,1.7019,0.3838,200,90,90,90,810,9,12,11,12,10,90,0,1.0000
0.670000,35,0.0120,0.004197,0.006987,2.8663,1.7218,0.2794,200,53,53,49,458,9,12,12,12,10,52,1,0.9811
0.720000,36,0.0129,0.004432,0.007300,2.9212,1.7735,0.0512,200,17,17,13,137,9,12,12,12,10,15,2,0.8824
0.770000,37,0.0134,0.004540,0.007456,2.9595,1.8019,nan,200,13,13,7,103,9,12,12,12,10,11,2,0.8462
0.820000,38,0.0158,0.004822,0.007809,3.2750,2.0223,nan,200,7,7,7,63,9,12,12,12,10,7,0,1.0000
0.870000,39,0.0155,0.005078,0.008132,3.0511,1.9052,nan,200,24,24,10,156,9,12,10,12,10,22,2,0.9167
0.920000,40,0.0169,0.005426,0.008567,3.1060,1.9671,nan,200,6,6,3,41,9,12,12,12,10,5,1,0.8333
0.970000,41,0.0186,0.005837,0.009099,3.1849,2.0429,nan,200,2,2,1,15,9,11,11,11,10,1,1,0.5000
1.020000,42,0.0204,0.006280,0.009667,3.2526,2.1130,nan,200,3,3,0,15,8,8,0,0,10,2,1,0.6667
1.070000,43,0.0221,0.006730,0.010225,3.2826,2.1606,0.3164,200,8,8,2,45,9,12,11,12,10,8,0,1.0000
1.120000,44,0.0246,0.007243,0.010646,3.3897,2.3061,0.1754,200,12,12,1,73,9,10,10,10,10,12,0,1.0000
1.170000,45,0.0254,0.007574,0.010858,3.3600,2.3440,0.2356,200,16,16,5,118,9,11,10,11,10,16,0,1.0000
1.220000,46,0.0103,0.004986,0.008566,2.0681,1.2039,nan,200,87,87,81,756,9,12,10,12,10,87,0,1.0000
1.270000,47,0.0115,0.005129,0.008745,2.2494,1.3192,nan,200,45,45,42,398,9,12,12,12,10,44,1,0.9778
1.320000,48,0.0136,0.005220,0.008990,2.6041,1.5122,nan,200,9,9,7,75,9,12,12,12,10,8,1,0.8889
1.370000,49,0.0149,0.005070,0.009101,2.9378,1.6367,0.1954,200,8,8,3,47,9,12,12,12,10,8,0,1.0000
1.420000,50,0.0167,0.005060,0.009073,3.2923,1.8361,0.2034,200,9,9,4,56,9,12,11,12,10,9,0,1.0000
1.470000,51,0.0173,0.004948,0.008838,3.5020,1.9608,0.2132,200,6,6,6,54,9,12,12,12,10,6,0,1.0000
1.520000,52,0.0157,0.005006,0.008844,3.1289,1.7711,0.2320,200,8,8,2,49,9,12,12,12,10,8,0,1.0000
1.570000,53,0.0158,0.005086,0.008573,3.1102,1.8452,nan,200,12,12,1,70,9,12,12,12,10,12,0,1.0000
1.620000,54,0.0133,0.004848,0.008180,2.7381,1.6229,nan,200,13,13,2,93,9,12,12,12,10,13,0,1.0000
1.670000,55,0.0126,0.004882,0.008051,2.5800,1.5645,nan,200,7,7,3,61,9,12,12,12,10,7,0,1.0000
1.720000,56,0.0131,0.004905,0.008028,2.6670,1.6295,nan,200,9,9,6,76,9,12,10,12,10,9,0,1.0000
1.770000,57,0.0136,0.004756,0.007961,2.8592,1.7081,nan,200,10,10,7,84,9,12,11,12,10,10,0,1.0000
1.820000,58,0.0117,0.004670,0.007938,2.4995,1.4705,nan,200,59,59,58,527,9,12,12,12,10,59,0,1.0000
1.870000,59,0.0160,0.004714,0.008012,3.3891,1.9940,nan,200,41,41,40,366,9,12,11,12,10,41,0,1.0000
1.920000,60,0.0176,0.004571,0.007966,3.8477,2.2079,nan,200,20,20,19,177,9,12,10,12,10,20,0,1.0000
1.970000,61,0.0192,0.004562,0.008036,4.2133,2.3920,nan,200,6,6,4,48,9,12,11,12,10,6,0,1.0000
2.020000,62,0.0110,0.004633,0.008155,2.3759,1.3497,nan,200,7,7,2,48,9,11,11,11,10,7,0,1.0000
2.070000,63,0.0134,0.004724,0.008296,2.8469,1.6210,nan,200,7,7,3,39,9,12,12,12,10,7,0,1.0000
2.120000,64,0.0128,0.004817,0.008445,2.6528,1.5133,nan,200,9,9,7,70,9,12,12,12,10,9,0,1.0000
2.170000,65,0.0122,0.004920,0.008607,2.4897,1.4231,nan,200,11,11,11,99,9,12,12,12,10,10,1,0.9091
2.220000,66,0.0117,0.004931,0.008724,2.3629,1.3355,0.1315,200,16,16,13,131,9,12,12,12,10,16,0,1.0000
2.270000,67,0.0112,0.005026,0.008898,2.2191,1.2536,0.1725,200,10,10,10,90,9,12,12,12,10,9,1,0.9000
2.320000,68,0.0114,0.005135,0.009087,2.2258,1.2578,0.1818,200,8,8,8,72,9,12,12,12,10,8,0,1.0000
2.370000,69,0.0097,0.005237,0.009275,1.8583,1.0492,0.1221,200,10,10,10,90,9,12,10,12,10,10,0,1.0000
2.420000,70,0.0078,0.005173,0.009271,1.5157,0.8458,0.0763,200,58,58,57,518,9,12,12,12,10,58,0,1.0000
2.470000,71,0.0069,0.005236,0.009343,1.3154,0.7373,nan,200,39,39,39,351,9,12,12,12,10,39,0,1.0000
2.520000,72,0.0079,0.005309,0.009400,1.4821,0.8370,nan,200,19,19,15,156,9,12,10,12,10,17,2,0.8947
2.570000,73,0.0049,0.005405,0.009552,0.8981,0.5082,nan,200,9,9,7,78,9,12,12,12,10,8,1,0.8889
2.620000,74,0.0043,0.005516,0.009757,0.7876,0.4453,nan,200,8,8,6,65,9,12,11,12,10,7,1,0.8750
2.670000,75,0.0040,0.005654,0.009992,0.7028,0.3977,nan,200,8,8,6,60,9,12,12,12,10,8,0,1.0000
2.720000,76,0.0037,0.005801,0.010233,0.6331,0.3589,nan,200,14,14,10,108,9,12,12,12,10,13,1,0.9286
2.770000,77,0.0030,0.005952,0.010487,0.5008,0.2842,nan,200,14,14,10,109,9,12,12,12,10,14,0,1.0000
2.820000,78,0.0037,0.005845,0.010605,0.6333,0.3491,nan,200,23,23,14,175,9,12,11,12,10,23,0,1.0000
2.870000,79,0.0071,0.005990,0.010875,1.1778,0.6487,nan,200,23,23,12,181,9,12,11,12,10,22,1,0.9565
2.920000,80,0.0070,0.006144,0.011171,1.1449,0.6297,nan,200,10,10,6,69,9,12,11,12,10,10,0,1.0000
2.970000,81,0.0083,0.006279,0.011416,1.3294,0.7311,nan,200,18,18,6,116,9,12,11,12,10,17,1,0.9444
3.020000,82,0.0096,0.006249,0.011560,1.5336,0.8291,0.0212,200,66,66,51,525,9,12,12,12,10,65,1,0.9848
3.070000,83,0.0099,0.006388,0.011829,1.5450,0.8343,0.1459,200,47,47,34,370,9,12,12,12,10,47,0,1.0000
3.120000,84,0.0077,0.006476,0.012030,1.1905,0.6409,0.1558,200,14,14,5,103,9,12,12,12,10,14,0,1.0000
3.170000,85,0.0079,0.006536,0.012225,1.2098,0.6468,0.1288,200,7,7,3,45,9,12,12,12,10,6,1,0.8571
3.220000,86,0.0059,0.006255,0.012284,0.9394,0.4784,0.1680,200,3,3,2,26,9,12,12,12,10,3,0,1.0000
3.270000,87,0.0060,0.006395,0.012613,0.9434,0.4783,0.1819,200,4,4,3,32,9,12,12,12,10,4,0,1.0000
3.320000,88,0.0072,0.006551,0.012955,1.0960,0.5542,0.1829,200,2,2,1,14,9,12,12,12,10,2,0,1.0000
3.370000,89,0.0037,0.006579,0.012803,0.5637,0.2896,0.1448,200,9,9,1,45,9,12,12,12,10,9,0,1.0000
3.420000,90,0.0105,0.006315,0.011268,1.6687,0.9352,0.1534,200,15,15,6,112,9,12,10,12,10,15,0,1.0000
3.470000,91,0.0153,0.006156,0.010383,2.4883,1.4752,0.0880,200,11,11,6,91,9,12,10,12,10,11,0,1.0000
3.520000,92,0.0148,0.005953,0.009986,2.4870,1.4827,0.1459,200,15,15,12,134,9,12,10,12,10,15,0,1.0000
3.570000,93,0.0188,0.005959,0.009943,3.1515,1.8887,nan,200,20,20,18,174,9,12,10,12,10,19,1,0.9500
3.620000,94,0.0191,0.005900,0.009909,3.2304,1.9237,nan,200,60,60,55,530,9,12,11,12,10,58,2,0.9667
3.670000,95,0.0198,0.005949,0.009956,3.3342,1.9923,nan,200,40,40,37,347,9,12,11,12,10,40,0,1.0000
3.720000,96,0.0200,0.005972,0.009991,3.3556,2.0056,nan,200,13,13,10,99,9,12,12,12,10,13,0,1.0000
3.770000,97,0.0206,0.005993,0.010027,3.4336,2.0522,nan,200,8,8,6,60,9,12,12,12,10,8,0,1.0000
3.820000,98,0.0186,0.005952,0.010034,3.1275,1.8554,nan,200,7,7,2,42,9,12,12,12,10,7,0,1.0000
3.870000,99,0.0220,0.006014,0.010107,3.6629,2.1795,nan,200,6,6,2,38,9,12,12,12,10,6,0,1.0000
3.920000,100,0.0161,0.006086,0.010193,2.6511,1.5829,nan,200,3,3,2,25,9,12,12,12,10,3,0,1.0000
3.970000,101,0.0154,0.006147,0.010272,2.5075,1.5005,nan,200,9,9,5,70,9,12,11,12,10,9,0,1.0000
4.020000,102,0.0127,0.006185,0.010343,2.0583,1.2308,nan,200,16,16,15,139,9,12,12,12,10,15,1,0.9375
4.070000,103,0.0140,0.006178,0.010394,2.2625,1.3448,0.1216,200,11,11,10,99,9,12,10,12,10,10,1,0.9091
4.120000,104,0.0132,0.006254,0.010502,2.1181,1.2613,0.1628,200,9,9,9,81,9,12,12,12,10,9,0,1.0000
4.170000,105,0.0122,0.006336,0.010618,1.9275,1.1501,0.1916,200,14,14,14,126,9,12,12,12,10,13,1,0.9286
4.220000,106,0.0114,0.006346,0.010690,1.7924,1.0640,0.2093,200,56,56,56,504,9,12,12,12,10,56,0,1.0000
4.270000,107,0.0107,0.006430,0.010815,1.6657,0.9903,0.1926,200,38,38,38,342,9,12,12,12,10,38,0,1.0000
4.320000,108,0.0116,0.006501,0.010928,1.7887,1.0641,0.1402,200,13,13,10,106,9,12,12,12,10,13,0,1.0000
4.370000,109,0.0094,0.006601,0.011079,1.4203,0.8462,nan,200,10,10,10,90,9,12,12,12,10,8,2,0.8000
4.420000,110,0.0088,0.006666,0.011147,1.3159,0.7868,nan,200,11,11,10,97,9,12,12,12,10,11,0,1.0000
4.470000,111,0.0083,0.006746,0.011283,1.2251,0.7325,nan,200,14,14,9,111,9,12,10,12,10,14,0,1.0000
4.520000,112,0.0096,0.006864,0.011464,1.3945,0.8349,nan,200,4,4,4,36,9,12,11,12,10,4,0,1.0000
4.570000,113,0.0068,0.006954,0.011630,0.9758,0.5835,nan,200,8,8,8,72,9,12,12,12,10,8,0,1.0000
4.620000,114,0.0069,0.007009,0.011757,0.9781,0.5831,nan,200,20,20,16,158,9,12,10,12,10,20,0,1.0000
4.670000,115,0.0057,0.007018,0.011896,0.8191,0.4832,nan,200,16,16,9,112,9,12,12,12,10,13,3,0.8125
4.720000,116,0.0112,0.007146,0.012111,1.5711,0.9270,0.0218,200,14,14,8,102,9,12,12,12,10,13,1,0.9286
4.770000,117,0.0124,0.007263,0.012320,1.7091,1.0075,nan,200,20,20,13,154,9,12,12,12,10,20,0,1.0000
4.820000,118,0.0152,0.007234,0.012430,2.0952,1.2193,nan,200,61,61,55,543,9,12,12,12,10,61,0,1.0000
4.870000,119,0.0161,0.007361,0.012660,2.1854,1.2706,nan,200,44,44,42,391,9,12,10,12,10,42,2,0.9545
4.920000,120,0.0168,0.007480,0.012890,2.2515,1.3065,nan,200,12,12,10,99,9,12,11,12,10,11,1,0.9167
4.970000,121,0.0175,0.007637,0.013178,2.2867,1.3251,nan,200,3,3,1,19,9,12,12,12,10,2,1,0.6667
5.020000,122,0.0176,0.007763,0.013455,2.2623,1.3053,nan,200,11,11,2,54,9,12,12,12,10,10,1,0.9091
5.070000,123,0.0180,0.007938,0.013767,2.2681,1.3078,nan,200,11,11,2,94,9,12,12,12,10,11,0,1.0000
5.120000,124,0.0180,0.008111,0.014076,2.2170,1.2775,nan,200,6,6,4,53,9,12,10,12,10,6,0,1.0000
5.170000,125,0.0175,0.008066,0.014054,2.1723,1.2467,nan,200,18,18,5,128,9,12,12,12,10,18,0,1.0000
5.220000,126,0.0184,0.008136,0.013880,2.2602,1.3248,nan,200,32,32,8,233,9,12,12,12,10,30,2,0.9375
5.270000,127,0.0232,0.008093,0.012973,2.8609,1.7847,nan,200,16,16,6,130,9,12,12,12,10,16,0,1.0000
5.320000,128,0.0231,0.008121,0.012940,2.8437,1.7847,nan,200,14,14,13,126,9,12,12,12,10,14,0,1.0000
5.370000,129,0.0242,0.008064,0.012707,3.0044,1.9066,nan,200,19,19,19,171,9,12,11,12,10,19,0,1.0000
5.420000,130,0.0247,0.007874,0.012401,3.1313,1.9882,nan,200,42,42,40,366,9,12,11,12,10,42,0,1.0000
5.470000,131,0.0249,0.007922,0.012434,3.1466,2.0047,nan,200,16,16,14,136,9,12,12,12,10,16,0,1.0000
5.520000,132,0.0249,0.007809,0.012323,3.1881,2.0203,nan,200,8,8,8,72,9,12,12,12,10,8,0,1.0000
5.570000,133,0.0254,0.007789,0.012295,3.2605,2.0656,nan,200,11,11,8,82,9,12,12,12,10,11,0,1.0000
5.620000,134,0.0255,0.007744,0.012285,3.2942,2.0766,nan,200,21,21,9,134,9,12,12,12,10,20,1,0.9524
5.670000,135,0.0255,0.007741,0.012296,3.2930,2.0731,nan,200,12,12,7,87,9,12,12,12,10,11,1,0.9167
5.720000,136,0.0256,0.007810,0.012366,3.2803,2.0717,0.0890,200,12,12,6,96,9,12,12,12,10,10,2,0.8333
5.770000,137,0.0259,0.007873,0.012409,3.2841,2.0838,0.1433,200,12,12,9,102,9,12,12,12,10,11,1,0.9167
5.820000,138,0.0268,0.007842,0.012299,3.4151,2.1774,0.2196,200,33,33,32,295,9,12,12,12,10,32,1,0.9697
5.870000,139,0.0269,0.007830,0.012255,3.4409,2.1983,0.1880,200,17,17,17,153,9,12,12,12,10,17,0,1.0000
5.920000,140,0.0274,0.007812,0.012224,3.5102,2.2432,0.1313,200,15,15,15,135,9,12,12,12,10,15,0,1.0000
5.970000,141,0.0283,0.007843,0.012241,3.6031,2.3085,0.0989,200,13,13,13,117,9,12,12,12,10,13,0,1.0000
6.020000,142,0.0284,0.007780,0.012183,3.6471,2.3292,0.2062,200,25,25,24,219,9,12,12,12,10,24,1,0.9600
6.070000,143,0.0281,0.007807,0.012204,3.5996,2.3026,0.2250,200,14,14,13,124,9,12,12,12,10,14,0,1.0000
6.120000,144,0.0266,0.007707,0.012137,3.4523,2.1922,0.2122,200,12,12,11,103,9,12,12,12,10,11,1,0.9167
6.170000,145,0.0275,0.007659,0.012111,3.5936,2.2725,0.1997,200,10,10,9,90,9,12,12,12,10,10,0,1.0000
6.220000,146,0.0268,0.007486,0.011994,3.5816,2.2354,0.2181,200,20,20,20,180,9,12,12,12,10,20,0,1.0000
6.270000,147,0.0266,0.007461,0.011987,3.5621,2.2173,0.1994,200,17,17,17,153,9,12,12,12,10,17,0,1.0000
6.320000,148,0.0268,0.007458,0.011997,3.5955,2.2353,0.2467,200,11,11,11,99,9,12,12,12,10,11,0,1.0000
6.370000,149,0.0265,0.007453,0.012006,3.5578,2.2086,0.2003,200,13,13,13,117,9,12,12,12,10,13,0,1.0000
6.420000,150,0.0264,0.007411,0.011981,3.5580,2.2008,0.1687,200,35,35,33,304,9,12,12,12,10,34,1,0.9714
6.470000,151,0.0265,0.007402,0.011985,3.5862,2.2148,0.2233,200,22,22,17,185,9,12,12,12,10,22,0,1.0000
6.520000,152,0.0274,0.007404,0.012000,3.6943,2.2794,0.1657,200,26,26,16,196,9,12,11,12,10,26,0,1.0000
6.570000,153,0.0268,0.007412,0.012022,3.6128,2.2272,0.2320,200,15,15,13,129,9,12,10,12,10,15,0,1.0000
6.620000,154,0.0268,0.007418,0.012043,3.6066,2.2214,0.1918,200,27,27,23,225,9,12,12,12,10,27,0,1.0000
6.670000,155,0.0271,0.007430,0.012073,3.6486,2.2454,0.2041,200,21,21,13,162,9,12,10,12,10,20,1,0.9524
6.720000,156,0.0270,0.007433,0.012099,3.6314,2.2309,0.1932,200,18,18,10,130,9,12,12,12,10,15,3,0.8333
6.770000,157,0.0267,0.007435,0.012128,3.5968,2.2052,0.2302,200,18,18,11,136,9,12,10,12,10,16,2,0.8889
6.820000,158,0.0276,0.007444,0.012167,3.7122,2.2713,0.0743,200,21,21,16,172,9,12,10,12,10,21,0,1.0000
6.870000,159,0.0273,0.007455,0.012211,3.6603,2.2346,0.1826,200,20,20,8,153,9,12,11,12,10,19,1,0.9500
6.920000,160,0.0279,0.007470,0.012267,3.7287,2.2708,0.0993,200,20,20,10,145,9,12,10,12,10,20,0,1.0000
6.970000,161,0.0280,0.007479,0.012320,3.7401,2.2706,nan,200,22,22,10,160,9,12,11,12,10,22,0,1.0000
7.020000,162,0.0290,0.007495,0.012387,3.8748,2.3447,0.1292,200,19,19,17,163,9,12,11,12,10,19,0,1.0000
7.070000,163,0.0289,0.007516,0.012464,3.8463,2.3194,0.1857,200,15,15,12,126,9,12,12,12,10,15,0,1.0000
7.120000,164,0.0293,0.007540,0.012550,3.8892,2.3366,0.1169,200,22,22,14,156,9,12,10,12,10,21,1,0.9545
7.170000,165,0.0302,0.007568,0.012648,3.9860,2.3849,nan,200,13,13,9,100,9,12,12,12,10,12,1,0.9231
7.220000,166,0.0303,0.007598,0.012746,3.9814,2.3733,0.1690,200,27,27,19,224,9,12,11,12,10,27,0,1.0000
7.270000,167,0.0310,0.007633,0.012858,4.0587,2.4094,0.2412,200,11,11,8,89,9,12,12,12,10,11,0,1.0000
7.320000,168,0.0323,0.007659,0.012935,4.2237,2.5009,0.2445,200,18,18,16,156,9,12,11,12,10,18,0,1.0000
7.370000,169,0.0329,0.007699,0.013055,4.2699,2.5179,0.2466,200,7,7,5,55,9,12,11,12,10,7,0,1.0000
7.420000,170,0.0322,0.007729,0.013129,4.1678,2.4537,0.2080,200,14,14,14,126,9,12,12,12,10,14,0,1.0000
7.470000,171,0.0321,0.007758,0.013174,4.1411,2.4389,0.2100,200,7,7,7,63,9,12,12,12,10,7,0,1.0000
7.520000,172,0.0327,0.007793,0.013208,4.1956,2.4754,0.2080,200,13,13,12,111,9,12,12,12,10,13,0,1.0000
7.570000,173,0.0332,0.007829,0.013221,4.2434,2.5128,0.1773,200,18,18,17,158,9,12,12,12,10,18,0,1.0000
7.620000,174,0.0337,0.007824,0.013111,4.3013,2.5670,0.2432,200,21,21,21,189,9,12,12,12,10,21,0,1.0000
7.670000,175,0.0343,0.007853,0.013096,4.3737,2.6226,0.1939,200,15,15,15,135,9,12,12,12,10,15,0,1.0000
7.720000,176,0.0347,0.007826,0.012967,4.4309,2.6741,0.1903,200,23,23,23,207,9,12,12,12,10,23,0,1.0000
7.770000,177,0.0357,0.007819,0.012863,4.5627,2.7734,0.2231,200,16,16,15,142,9,12,12,12,10,16,0,1.0000
7.820000,178,0.0350,0.007715,0.012612,4.5413,2.7779,0.2274,200,27,27,25,235,9,12,12,12,10,26,1,0.9630
7.870000,179,0.0357,0.007697,0.012608,4.6364,2.8306,0.1948,200,13,13,11,108,9,12,12,12,10,13,0,1.0000
7.920000,180,0.0358,0.007698,0.012597,4.6520,2.8430,0.2184,200,24,24,22,209,9,12,12,12,10,23,1,0.9583
7.970000,181,0.0357,0.007701,0.012620,4.6360,2.8291,0.2263,200,13,13,11,106,9,12,12,12,10,12,1,0.9231
8.020000,182,0.0345,0.007690,0.012629,4.4875,2.7325,0.2077,200,20,20,17,174,9,12,10,12,10,20,0,1.0000
8.070000,183,0.0355,0.007695,0.012656,4.6071,2.8010,0.2171,200,10,10,8,87,9,12,12,12,10,10,0,1.0000
8.120000,184,0.0357,0.007699,0.012687,4.6306,2.8102,0.2203,200,19,19,13,150,9,12,10,12,10,19,0,1.0000
8.170000,185,0.0351,0.007706,0.012719,4.5509,2.7571,0.1927,200,21,21,16,173,9,12,10,12,10,21,0,1.0000
8.220000,186,0.0347,0.007715,0.012754,4.4964,2.7198,0.1965,200,24,24,18,198,9,12,12,12,10,23,1,0.9583
8.270000,187,0.0345,0.007732,0.012802,4.4601,2.6937,0.2206,200,18,18,13,141,9,12,10,12,10,17,1,0.9444
8.320000,188,0.0326,0.007743,0.012847,4.2110,2.5379,0.2499,200,23,23,18,190,9,12,12,12,10,22,1,0.9565
8.370000,189,0.0331,0.007765,0.012909,4.2587,2.5617,0.2417,200,14,14,11,121,9,12,10,12,10,14,0,1.0000
8.420000,190,0.0325,0.007788,0.012971,4.1707,2.5043,0.2130,200,24,24,23,211,9,12,11,12,10,24,0,1.0000
8.470000,191,0.0319,0.007813,0.013042,4.0796,2.4439,0.2128,200,17,17,11,129,9,12,11,12,10,17,0,1.0000
8.520000,192,0.0305,0.007833,0.013108,3.8932,2.3262,0.2505,200,30,30,19,220,9,12,10,12,10,28,2,0.9333
8.570000,193,0.0309,0.007866,0.013198,3.9309,2.3428,0.2245,200,14,14,6,101,9,12,12,12,10,13,1,0.9286
8.620000,194,0.0303,0.007892,0.013285,3.8408,2.2815,0.2325,200,14,14,12,118,9,12,12,12,10,14,0,1.0000
8.670000,195,0.0290,0.007915,0.013380,3.6619,2.1664,0.2537,200,17,17,7,111,9,12,11,12,10,17,0,1.0000
8.720000,196,0.0277,0.007954,0.013493,3.4887,2.0566,0.2285,200,12,12,10,101,9,12,10,12,10,12,0,1.0000
8.770000,197,0.0268,0.007994,0.013610,3.3582,1.9726,0.2442,200,17,17,12,143,9,12,12,12,10,16,1,0.9412
8.820000,198,0.0253,0.008019,0.013715,3.1564,1.8456,0.2794,200,20,20,17,174,9,12,12,12,10,20,0,1.0000
8.870000,199,0.0257,0.008066,0.013840,3.1891,1.8585,0.2310,200,15,15,14,133,9,12,12,12,10,15,0,1.0000
8.920000,200,0.0252,0.008088,0.013951,3.1186,1.8080,0.1994,200,23,23,20,196,9,12,12,12,10,23,0,1.0000
8.970000,201,0.0228,0.008108,0.014071,2.8154,1.6223,0.1970,200,26,26,15,209,9,12,10,12,10,25,1,0.9615
9.020000,202,0.0215,0.008148,0.014221,2.6343,1.5093,0.2297,200,21,21,17,176,9,12,12,12,10,21,0,1.0000
9.070000,203,0.0211,0.008200,0.014380,2.5770,1.4696,0.1665,200,16,16,12,127,9,12,10,12,10,16,0,1.0000
9.120000,204,0.0216,0.008236,0.014488,2.6280,1.4939,0.1917,200,26,26,20,217,9,12,10,12,10,25,1,0.9615
9.170000,205,0.0223,0.008266,0.014609,2.6930,1.5238,0.2303,200,16,16,13,134,9,12,12,12,10,16,0,1.0000
9.220000,206,0.0225,0.008312,0.014743,2.7026,1.5237,0.1785,200,9,9,9,81,9,12,12,12,10,9,0,1.0000
9.270000,207,0.0225,0.008335,0.014845,2.6975,1.5145,0.2102,200,11,11,10,99,9,12,12,12,10,11,0,1.0000
9.320000,208,0.0229,0.008363,0.014961,2.7327,1.5275,0.2292,200,9,9,9,81,9,12,12,12,10,9,0,1.0000
9.370000,209,0.0224,0.008380,0.014995,2.6745,1.4947,0.2421,200,11,11,11,99,9,12,12,12,10,11,0,1.0000
9.420000,210,0.0224,0.008361,0.014753,2.6771,1.5172,0.2400,200,18,18,18,162,9,12,12,12,10,18,0,1.0000
9.470000,211,0.0226,0.008375,0.014535,2.6972,1.5540,0.2050,200,17,17,17,153,9,12,12,12,10,17,0,1.0000
9.520000,212,0.0229,0.008380,0.014383,2.7387,1.5956,0.1688,200,19,19,18,168,9,12,12,12,10,19,0,1.0000
9.570000,213,0.0264,0.008299,0.013920,3.1800,1.8959,0.1135,200,23,23,23,207,9,12,12,12,10,23,0,1.0000
9.620000,214,0.0274,0.008279,0.013765,3.3141,1.9933,0.2076,200,20,20,20,180,9,12,12,12,10,20,0,1.0000
9.670000,215,0.0288,0.008271,0.013633,3.4787,2.1104,0.2315,200,18,18,18,162,9,12,12,12,10,18,0,1.0000
9.720000,216,0.0286,0.008270,0.013597,3.4538,2.1006,0.2036,200,28,28,28,252,9,12,11,12,10,28,0,1.0000
9.770000,217,0.0283,0.008278,0.013610,3.4185,2.0794,0.2101,200,16,16,15,140,9,12,12,12,10,16,0,1.0000
9.820000,218,0.0290,0.008303,0.013641,3.4920,2.1254,0.1724,200,11,11,11,99,9,12,12,12,10,11,0,1.0000
9.870000,219,0.0279,0.008326,0.013676,3.3463,2.0372,0.1833,200,16,16,11,121,9,12,12,12,10,16,0,1.0000
9.920000,220,0.0276,0.008355,0.013717,3.3038,2.0122,0.1709,200,12,12,9,98,9,12,12,12,10,12,0,1.0000
9.970000,221,0.0277,0.008387,0.013764,3.2994,2.0106,0.2072,200,14,14,11,113,9,12,12,12,10,14,0,1.0000
10.020000,222,0.0293,0.008410,0.013798,3.4826,2.1227,0.1162,200,23,23,19,198,9,12,11,12,10,23,0,1.0000
10.070000,223,0.0277,0.008449,0.013848,3.2839,2.0035,0.1790,200,20,20,19,180,9,12,10,12,10,20,0,1.0000
10.120000,224,0.0273,0.008497,0.013908,3.2172,1.9656,0.2113,200,21,21,18,174,9,12,12,12,10,21,0,1.0000
10.170000,225,0.0285,0.008520,0.013953,3.3410,2.0401,0.2080,200,19,19,19,171,9,12,12,12,10,19,0,1.0000
10.220000,226,0.0286,0.008572,0.014023,3.3359,2.0391,0.2426,200,15,15,14,132,9,12,12,12,10,15,0,1.0000
10.270000,227,0.0284,0.008620,0.014092,3.2988,2.0178,0.2027,200,16,16,14,137,9,12,12,12,10,16,0,1.0000
10.320000,228,0.0294,0.008634,0.014135,3.4105,2.0833,0.1766,200,27,27,27,243,9,12,10,12,10,26,1,0.9630
10.370000,229,0.0282,0.008668,0.014203,3.2487,1.9826,0.2399,200,17,17,13,133,9,12,10,12,10,17,0,1.0000
10.420000,230,0.0284,0.008728,0.014294,3.2504,1.9847,0.2152,200,12,12,8,89,9,12,12,12,10,11,1,0.9167
10.470000,231,0.0284,0.008774,0.014378,3.2356,1.9743,0.2057,200,17,17,14,137,9,12,12,12,10,17,0,1.0000
10.520000,232,0.0309,0.008788,0.014445,3.5118,2.1364,0.1782,200,15,15,11,115,9,12,12,12,10,15,0,1.0000
10.570000,233,0.0299,0.008848,0.014548,3.3788,2.0549,0.2383,200,15,15,12,122,9,12,11,12,10,14,1,0.9333
10.620000,234,0.0309,0.008883,0.014621,3.4735,2.1103,0.2158,200,19,19,15,156,9,12,12,12,10,19,0,1.0000
10.670000,235,0.0312,0.008940,0.014703,3.4939,2.1244,0.1769,200,26,26,18,214,9,12,12,12,10,24,2,0.9231
10.720000,236,0.0309,0.008999,0.014784,3.4368,2.0921,0.1171,200,25,25,19,205,9,12,11,12,10,24,1,0.9600
10.770000,237,0.0302,0.008862,0.014708,3.4031,2.0504,nan,200,28,28,21,234,9,12,10,12,10,27,1,0.9643
10.820000,238,0.0304,0.008904,0.014779,3.4110,2.0550,nan,200,20,20,18,174,9,12,10,12,10,20,0,1.0000
10.870000,239,0.0280,0.008778,0.014730,3.1853,1.8981,nan,200,14,14,9,100,9,12,12,12,10,12,2,0.8571
10.920000,240,0.0267,0.008710,0.014702,3.0612,1.8136,nan,200,20,20,14,165,9,12,12,12,10,19,1,0.9500
10.970000,241,0.0265,0.008634,0.014682,3.0634,1.8016,nan,200,11,11,5,75,9,12,10,12,10,11,0,1.0000
11.020000,242,0.0260,0.008644,0.014725,3.0132,1.7689,nan,200,14,14,9,103,9,12,10,12,10,14,0,1.0000
11.070000,243,0.0252,0.008624,0.014685,2.9229,1.7165,0.1090,200,19,19,13,149,9,12,12,12,10,16,3,0.8421
11.120000,244,0.0244,0.008627,0.014685,2.8228,1.6583,0.0963,200,12,12,11,102,9,12,12,12,10,11,1,0.9167
11.170000,245,0.0237,0.008635,0.014691,2.7439,1.6128,0.1170,200,18,18,15,148,9,12,12,12,10,18,0,1.0000
11.220000,246,0.0231,0.008655,0.014688,2.6703,1.5734,nan,200,23,23,18,192,9,12,12,12,10,22,1,0.9565
11.270000,247,0.0224,0.008670,0.014701,2.5861,1.5251,nan,200,18,18,15,150,9,12,12,12,10,17,1,0.9444
11.320000,248,0.0226,0.008675,0.014712,2.5999,1.5330,nan,200,20,20,14,167,9,12,11,12,10,18,2,0.9000
11.370000,249,0.0216,0.008692,0.014741,2.4836,1.4645,0.0303,200,22,22,21,194,9,12,11,12,10,20,2,0.9091
11.420000,250,0.0215,0.008716,0.014800,2.4613,1.4496,0.1514,200,22,22,19,188,9,12,12,12,10,19,3,0.8636
11.470000,251,0.0206,0.008747,0.014871,2.3505,1.3826,nan,200,17,17,11,135,9,12,12,12,10,14,3,0.8235
11.520000,252,0.0214,0.008775,0.014928,2.4387,1.4335,0.1864,200,22,22,15,171,9,12,10,12,10,22,0,1.0000
11.570000,253,0.0217,0.008806,0.014961,2.4670,1.4520,0.1681,200,20,20,13,149,9,12,10,12,10,20,0,1.0000
11.620000,254,0.0226,0.008843,0.015010,2.5512,1.5030,0.1969,200,14,14,10,110,9,12,10,12,10,14,0,1.0000
11.670000,255,0.0239,0.008873,0.015013,2.6927,1.5914,0.1601,200,30,30,16,210,9,12,10,12,10,29,1,0.9667
11.720000,256,0.0279,0.008861,0.014850,3.1439,1.8760,nan,200,18,18,12,137,9,12,10,12,10,16,2,0.8889
11.770000,257,0.0269,0.008873,0.014807,3.0287,1.8150,nan,200,16,16,12,129,9,12,11,12,10,15,1,0.9375
11.820000,258,0.0276,0.008890,0.014787,3.1006,1.8641,0.2298,200,20,20,17,174,9,12,11,12,10,20,0,1.0000
11.870000,259,0.0287,0.008896,0.014748,3.2257,1.9456,nan,200,20,20,13,150,9,12,12,12,10,20,0,1.0000
11.920000,260,0.0320,0.008885,0.014692,3.6006,2.1775,nan,200,21,21,12,155,9,12,11,12,10,21,0,1.0000
11.970000,261,0.0324,0.008921,0.014723,3.6347,2.2023,nan,200,16,16,14,134,9,12,12,12,10,16,0,1.0000
12.020000,262,0.0314,0.008912,0.014690,3.5271,2.1399,nan,200,23,23,16,172,9,12,10,12,10,22,1,0.9565
12.070000,263,0.0333,0.008935,0.014703,3.7298,2.2665,nan,200,17,17,11,131,9,12,10,12,10,15,2,0.8824
12.120000,264,0.0349,0.008908,0.014663,3.9198,2.3814,nan,200,14,14,8,108,9,12,10,12,10,14,0,1.0000
12.170000,265,0.0358,0.008913,0.014662,4.0209,2.4443,nan,200,29,29,15,223,9,12,10,12,10,28,1,0.9655
12.220000,266,0.0364,0.008925,0.014672,4.0786,2.4811,nan,200,23,23,15,183,9,12,10,12,10,22,1,0.9565
12.270000,267,0.0368,0.008929,0.014678,4.1242,2.5088,nan,200,21,21,16,181,9,12,10,12,10,20,1,0.9524
12.320000,268,0.0341,0.008955,0.014707,3.8027,2.3153,nan,200,17,17,9,125,9,12,10,12,10,17,0,1.0000
12.370000,269,0.0375,0.008984,0.014740,4.1784,2.5466,nan,200,14,14,7,103,9,12,12,12,10,14,0,1.0000
12.420000,270,0.0377,0.009020,0.014777,4.1803,2.5518,nan,200,20,20,13,150,9,12,11,12,10,20,0,1.0000
12.470000,271,0.0380,0.009053,0.014817,4.1921,2.5613,0.0724,200,14,14,11,114,9,12,10,12,10,13,1,0.9286
12.520000,272,0.0351,0.009032,0.014826,3.8841,2.3663,0.2147,200,11,11,9,93,9,12,10,12,10,11,0,1.0000
12.570000,273,0.0372,0.009080,0.014881,4.0970,2.4999,0.2094,200,20,20,10,149,9,12,10,12,10,20,0,1.0000
12.620000,274,0.0373,0.009115,0.014932,4.0960,2.5004,0.2098,200,22,22,17,177,9,12,12,12,10,22,0,1.0000
12.670000,275,0.0374,0.009158,0.014991,4.0861,2.4961,0.1685,200,15,15,9,115,9,12,10,12,10,13,2,0.8667
12.720000,276,0.0373,0.009193,0.015045,4.0554,2.4781,0.0333,200,11,11,8,96,9,12,10,12,10,11,0,1.0000
12.770000,277,0.0363,0.009235,0.015095,3.9361,2.4079,nan,200,19,19,13,162,9,12,11,12,10,18,1,0.9474
12.820000,278,0.0375,0.009271,0.015133,4.0450,2.4782,nan,200,27,27,19,218,9,12,10,12,10,25,2,0.9259
12.870000,279,0.0351,0.009194,0.015051,3.8178,2.3322,nan,200,22,22,19,193,9,12,11,12,10,22,0,1.0000
12.920000,280,0.0341,0.009221,0.015066,3.7030,2.2664,nan,200,21,21,13,165,9,12,10,12,10,21,0,1.0000
12.970000,281,0.0341,0.009243,0.015074,3.6846,2.2593,nan,200,23,23,11,172,9,12,10,12,10,21,2,0.9130
13.020000,282,0.0357,0.009196,0.015011,3.8845,2.3797,nan,200,27,27,16,218,9,12,10,12,10,25,2,0.9259
13.070000,283,0.0336,0.009166,0.014973,3.6650,2.2437,nan,200,30,30,21,235,9,12,10,12,10,28,2,0.9333
13.120000,284,0.0328,0.009187,0.014984,3.5745,2.1915,nan,200,21,21,12,154,9,12,10,12,10,20,1,0.9524
13.170000,285,0.0325,0.009222,0.015016,3.5270,2.1660,nan,200,9,9,7,74,9,12,11,12,10,9,0,1.0000
13.220000,286,0.0323,0.009236,0.015032,3.5022,2.1518,nan,200,14,14,9,117,9,12,11,12,10,14,0,1.0000
13.270000,287,0.0321,0.009244,0.015043,3.4763,2.1363,nan,200,22,22,8,166,9,12,10,12,10,22,0,1.0000
13.320000,288,0.0342,0.009260,0.015058,3.6878,2.2680,nan,200,32,32,13,244,9,12,10,12,10,32,0,1.0000
13.370000,289,0.0310,0.009289,0.015082,3.3348,2.0539,nan,200,35,35,13,259,9,12,10,12,10,35,0,1.0000
13.420000,290,0.0303,0.009332,0.015121,3.2518,2.0069,nan,200,18,18,10,135,9,12,10,12,10,17,1,0.9444
13.470000,291,0.0297,0.009386,0.015168,3.1667,1.9595,0.0950,200,14,14,7,95,9,12,12,12,10,13,1,0.9286
13.520000,292,0.0307,0.009401,0.015191,3.2679,2.0222,0.1785,200,13,13,4,73,9,12,12,12,10,13,0,1.0000
13.570000,293,0.0274,0.009430,0.015223,2.9006,1.7968,0.2772,200,12,12,4,79,9,12,12,12,10,12,0,1.0000
13.620000,294,0.0262,0.009427,0.015234,2.7786,1.7195,0.2381,200,17,17,10,126,9,12,10,12,10,17,0,1.0000
13.670000,295,0.0241,0.009349,0.015195,2.5733,1.5833,0.2563,200,12,12,8,95,9,12,10,12,10,12,0,1.0000
13.720000,296,0.0234,0.009339,0.015204,2.5105,1.5421,nan,200,23,23,15,176,9,12,12,12,10,23,0,1.0000
13.770000,297,0.0233,0.009281,0.015181,2.5137,1.5368,0.2746,200,14,14,6,91,9,12,10,12,10,14,0,1.0000
13.820000,298,0.0245,0.009292,0.015209,2.6383,1.6118,0.2911,200,16,16,10,116,9,12,12,12,10,16,0,1.0000
13.870000,299,0.0239,0.009282,0.015219,2.5721,1.5688,0.2538,200,10,10,10,90,9,12,10,12,10,10,0,1.0000
13.920000,300,0.0239,0.009231,0.015185,2.5869,1.5725,0.2027,200,25,25,21,215,9,12,11,12,10,25,0,1.0000
13.970000,301,0.0260,0.009227,0.015179,2.8207,1.7147,nan,200,34,34,30,288,9,12,10,12,10,33,1,0.9706
14.020000,302,0.0259,0.009232,0.015191,2.8004,1.7019,nan,200,18,18,12,134,9,12,10,12,10,18,0,1.0000
14.070000,303,0.0298,0.009238,0.015156,3.2245,1.9653,nan,200,27,27,18,212,9,12,10,12,10,27,0,1.0000
14.120000,304,0.0329,0.009245,0.015144,3.5595,2.1730,nan,200,22,22,9,145,9,12,10,12,10,21,1,0.9545
14.170000,305,0.0341,0.009257,0.015160,3.6826,2.2488,nan,193,29,29,14,201,9,12,11,12,10,28,1,0.9655
14.220000,306,0.0353,0.009273,0.015181,3.8022,2.3225,nan,184,24,24,14,178,9,12,10,12,10,24,0,1.0000
14.270000,307,0.0357,0.009291,0.015204,3.8388,2.3458,nan,181,19,19,12,149,9,12,10,12,10,19,0,1.0000
14.320000,308,0.0335,0.009304,0.015224,3.5969,2.1982,nan,181,17,17,9,121,9,12,12,12,10,16,1,0.9412
14.370000,309,0.0367,0.009333,0.015267,3.9347,2.4054,nan,198,10,10,7,87,9,12,10,12,10,10,0,1.0000
14.420000,310,0.0367,0.009366,0.015314,3.9132,2.3934,nan,200,20,20,8,139,9,12,10,12,10,20,0,1.0000
14.470000,311,0.0367,0.009381,0.015350,3.9139,2.3920,nan,200,13,13,3,70,9,12,12,12,10,13,0,1.0000
14.520000,312,0.0344,0.009422,0.015410,3.6512,2.2324,0.0221,200,11,11,5,75,9,12,12,12,10,11,0,1.0000
14.570000,313,0.0355,0.009440,0.015457,3.7650,2.2994,0.2233,200,15,15,13,127,9,12,12,12,10,15,0,1.0000
14.620000,314,0.0348,0.009487,0.015529,3.6718,2.2433,0.2542,200,11,11,9,90,9,12,11,12,10,11,0,1.0000
14.670000,315,0.0340,0.009533,0.015598,3.5617,2.1768,0.2432,200,13,13,12,114,9,12,10,12,10,12,1,0.9231
14.720000,316,0.0337,0.009588,0.015686,3.5193,2.1511,0.2623,200,8,8,7,66,9,12,12,12,10,8,0,1.0000
14.770000,317,0.0322,0.009620,0.015737,3.3448,2.0446,0.2287,200,13,13,12,115,9,12,12,12,10,12,1,0.9231
14.820000,318,0.0317,0.009663,0.015764,3.2854,2.0138,0.1613,200,19,19,17,165,9,12,10,12,10,19,0,1.0000
14.870000,319,0.0303,0.009695,0.015719,3.1283,1.9294,nan,200,20,20,13,157,9,12,12,12,10,20,0,1.0000
14.920000,320,0.0303,0.009619,0.015558,3.1547,1.9504,nan,200,38,38,23,293,9,12,11,12,10,35,3,0.9211
14.970000,321,0.0306,0.009620,0.015503,3.1790,1.9728,nan,200,34,34,29,295,9,12,10,12,10,34,0,1.0000
15.020000,322,0.0325,0.009595,0.015475,3.3826,2.0974,nan,200,31,31,22,252,9,12,11,12,10,30,1,0.9677
15.070000,323,0.0304,0.009592,0.015479,3.1646,1.9611,nan,200,21,21,10,135,9,12,12,12,10,21,0,1.0000
15.120000,324,0.0304,0.009624,0.015512,3.1621,1.9618,nan,200,19,19,9,127,9,12,10,12,10,18,1,0.9474
15.170000,325,0.0306,0.009669,0.015557,3.1682,1.9691,nan,200,22,22,11,148,9,12,12,12,10,20,2,0.9091
15.220000,326,0.0310,0.009719,0.015605,3.1943,1.9894,nan,200,18,18,6,117,9,12,12,12,10,16,2,0.8889
15.270000,327,0.0316,0.009770,0.015654,3.2296,2.0156,nan,200,26,26,7,166,9,12,10,12,10,25,1,0.9615
15.320000,328,0.0321,0.009834,0.015719,3.2626,2.0411,nan,200,7,7,4,50,9,12,12,12,10,6,1,0.8571
15.370000,329,0.0331,0.009902,0.015784,3.3476,2.1002,0.2114,200,8,8,6,70,9,12,12,12,10,8,0,1.0000
15.420000,330,0.0338,0.009974,0.015847,3.3902,2.1336,0.2582,200,13,13,13,117,9,12,10,12,10,13,0,1.0000
15.470000,331,0.0357,0.010051,0.015906,3.5473,2.2416,0.2483,200,13,13,10,104,9,12,11,12,10,13,0,1.0000
15.520000,332,0.0345,0.010098,0.015931,3.4126,2.1632,0.2537,200,17,17,15,146,9,12,11,12,10,16,1,0.9412
15.570000,333,0.0380,0.010124,0.015947,3.7511,2.3815,0.2174,200,18,18,16,157,9,12,12,12,10,17,1,0.9444
15.620000,334,0.0391,0.010131,0.015958,3.8568,2.4484,0.1510,200,15,15,14,132,9,12,10,12,10,15,0,1.0000
15.670000,335,0.0398,0.009973,0.015854,3.9867,2.5080,0.0801,200,14,14,12,119,9,12,11,12,10,14,0,1.0000
15.720000,336,0.0389,0.009954,0.015849,3.9031,2.4513,0.2847,200,18,18,16,151,9,12,10,12,10,17,1,0.9444
15.770000,337,0.0383,0.009816,0.015769,3.9027,2.4294,0.2910,200,21,21,21,189,9,12,12,12,10,21,0,1.0000
15.820000,338,0.0366,0.009758,0.015741,3.7505,2.3250,0.2555,200,21,21,19,178,9,12,12,12,10,21,0,1.0000
15.870000,339,0.0376,0.009730,0.015736,3.8650,2.3899,0.2824,200,20,20,19,174,9,12,11,12,10,20,0,1.0000
15.920000,340,0.0372,0.009736,0.015755,3.8194,2.3603,0.2469,200,17,17,17,153,9,12,12,12,10,17,0,1.0000
15.970000,341,0.0366,0.009741,0.015775,3.7572,2.3201,0.2812,200,15,15,15,135,9,12,12,12,10,15,0,1.0000
16.020000,342,0.0364,0.009730,0.015782,3.7394,2.3055,0.3122,200,16,16,15,144,9,12,12,12,10,16,0,1.0000
16.070000,343,0.0358,0.009746,0.015803,3.6693,2.2630,0.2840,200,14,14,12,115,9,12,12,12,10,14,0,1.0000
16.120000,344,0.0354,0.009763,0.015810,3.6274,2.2401,0.2711,200,18,18,16,159,9,12,12,12,10,17,1,0.9444
16.170000,345,0.0350,0.009781,0.015800,3.5813,2.2170,0.2455,200,20,20,17,173,9,12,12,12,10,20,0,1.0000
16.220000,346,0.0347,0.009800,0.015800,3.5372,2.1940,0.0969,200,13,13,12,117,9,12,12,12,10,13,0,1.0000
16.270000,347,0.0341,0.009815,0.015797,3.4717,2.1570,0.1630,200,18,18,15,153,9,12,11,12,10,18,0,1.0000
16.320000,348,0.0340,0.009833,0.015805,3.4625,2.1541,0.2029,200,23,23,16,189,9,12,11,12,10,23,0,1.0000
16.370000,349,0.0333,0.009850,0.015818,3.3793,2.1045,0.2344,200,20,20,17,175,9,12,12,12,10,20,0,1.0000
16.420000,350,0.0333,0.009869,0.015827,3.3777,2.1062,0.1960,200,22,22,20,193,9,12,11,12,10,22,0,1.0000
16.470000,351,0.0335,0.009898,0.015851,3.3822,2.1120,0.1708,200,19,19,18,168,9,12,11,12,10,19,0,1.0000
16.520000,352,0.0324,0.009933,0.015881,3.2583,2.0380,0.2812,200,16,16,13,132,9,12,12,12,10,16,0,1.0000
16.570000,353,0.0324,0.009970,0.015916,3.2515,2.0369,0.1723,200,17,17,12,131,9,12,12,12,10,17,0,1.0000
16.620000,354,0.0324,0.010017,0.015956,3.2299,2.0277,0.1182,200,19,19,14,154,9,12,12,12,10,19,0,1.0000
16.670000,355,0.0313,0.010066,0.015987,3.1102,1.9581,nan,200,17,17,11,135,9,12,10,12,10,17,0,1.0000
16.720000,356,0.0306,0.010116,0.016023,3.0269,1.9111,0.0570,200,21,21,16,179,9,12,12,12,10,20,1,0.9524
16.770000,357,0.0312,0.010162,0.016051,3.0722,1.9450,nan,200,25,25,21,210,9,12,10,12,10,24,1,0.9600
16.820000,358,0.0293,0.010213,0.016093,2.8719,1.8227,nan,200,14,14,11,111,9,12,10,12,10,14,0,1.0000
16.870000,359,0.0292,0.010245,0.016112,2.8536,1.8145,nan,200,11,11,10,96,9,12,11,12,10,11,0,1.0000
16.920000,360,0.0288,0.010216,0.016072,2.8182,1.7913,0.1562,200,16,16,16,144,9,12,12,12,10,15,1,0.9375
16.970000,361,0.0284,0.010241,0.016090,2.7696,1.7628,0.1861,200,11,11,11,99,9,12,12,12,10,11,0,1.0000
17.020000,362,0.0275,0.010099,0.015955,2.7262,1.7255,0.3140,200,21,21,20,183,9,12,12,12,10,20,1,0.9524
17.070000,363,0.0287,0.010071,0.015932,2.8480,1.8003,0.2397,200,16,16,16,144,9,12,10,12,10,15,1,0.9375
17.120000,364,0.0284,0.010071,0.015938,2.8220,1.7832,0.2910,200,14,14,14,126,9,12,12,12,10,14,0,1.0000
17.170000,365,0.0281,0.010061,0.015942,2.7912,1.7615,0.2511,200,13,13,12,111,9,12,12,12,10,13,0,1.0000
17.220000,366,0.0278,0.010062,0.015955,2.7673,1.7451,0.1927,200,18,18,17,160,9,12,12,12,10,18,0,1.0000
17.270000,367,0.0278,0.010086,0.015981,2.7598,1.7418,0.1991,200,18,18,17,157,9,12,12,12,10,18,0,1.0000
17.320000,368,0.0280,0.010079,0.015985,2.7807,1.7533,0.1303,200,26,26,23,232,9,12,12,12,10,26,0,1.0000
17.370000,369,0.0276,0.010077,0.015991,2.7438,1.7290,nan,200,26,26,23,222,9,12,12,12,10,26,0,1.0000
17.420000,370,0.0280,0.010090,0.016011,2.7703,1.7460,nan,200,16,16,14,137,9,12,10,12,10,16,0,1.0000
17.470000,371,0.0281,0.010114,0.016037,2.7756,1.7504,0.2043,200,12,12,10,102,9,12,10,12,10,12,0,1.0000
17.520000,372,0.0291,0.010133,0.016055,2.8700,1.8114,0.2582,200,21,21,16,171,9,12,10,12,10,20,1,0.9524
17.570000,373,0.0281,0.010162,0.016085,2.7700,1.7500,0.2491,200,19,19,10,137,9,12,10,12,10,19,0,1.0000
17.620000,374,0.0274,0.010174,0.016084,2.6907,1.7020,0.2870,200,19,19,16,161,9,12,10,12,10,19,0,1.0000
17.670000,375,0.0272,0.010176,0.016085,2.6725,1.6909,0.2758,200,18,18,17,159,9,12,12,12,10,18,0,1.0000
17.720000,376,0.0271,0.010191,0.016095,2.6609,1.6847,0.2549,200,11,11,9,92,9,12,12,12,10,11,0,1.0000
17.770000,377,0.0269,0.010201,0.016103,2.6413,1.6732,0.1803,200,15,15,10,114,9,12,12,12,10,15,0,1.0000
17.820000,378,0.0274,0.010218,0.016111,2.6803,1.6999,0.2280,200,18,18,16,153,9,12,12,12,10,18,0,1.0000
17.870000,379,0.0266,0.010210,0.016099,2.6025,1.6504,nan,200,17,17,16,148,9,12,12,12,10,17,0,1.0000
17.920000,380,0.0273,0.010186,0.016083,2.6779,1.6960,nan,200,22,22,19,189,9,12,10,12,10,22,0,1.0000
17.970000,381,0.0275,0.010187,0.016085,2.6966,1.7078,nan,200,24,24,22,213,9,12,10,12,10,24,0,1.0000
18.020000,382,0.0273,0.010199,0.016098,2.6756,1.6952,nan,200,22,22,17,187,9,12,10,12,10,22,0,1.0000
18.070000,383,0.0258,0.010215,0.016115,2.5259,1.6011,0.0153,200,12,12,9,91,9,12,10,12,10,11,1,0.9167
18.120000,384,0.0248,0.010230,0.016131,2.4278,1.5397,0.1835,200,21,21,14,171,9,12,11,12,10,21,0,1.0000
18.170000,385,0.0248,0.010240,0.016142,2.4215,1.5362,0.2379,200,30,30,17,215,9,12,10,12,10,30,0,1.0000
18.220000,386,0.0241,0.010258,0.016161,2.3498,1.4915,0.1261,200,22,22,16,176,9,12,11,12,10,21,1,0.9545
18.270000,387,0.0237,0.010282,0.016191,2.3016,1.4617,nan,200,15,15,12,127,9,12,12,12,10,15,0,1.0000
18.320000,388,0.0236,0.010310,0.016225,2.2925,1.4567,0.1719,200,15,15,7,100,9,12,10,12,10,14,1,0.9333
18.370000,389,0.0231,0.010334,0.016255,2.2306,1.4181,nan,200,17,17,11,125,9,12,10,12,10,17,0,1.0000
18.420000,390,0.0217,0.010357,0.016283,2.0987,1.3349,nan,200,14,14,12,115,9,12,12,12,10,13,1,0.9286
18.470000,391,0.0211,0.010362,0.016291,2.0343,1.2939,nan,200,17,17,16,149,9,12,12,12,10,17,0,1.0000
18.520000,392,0.0206,0.010376,0.016308,1.9873,1.2644,0.3124,200,18,18,13,139,9,12,10,12,10,18,0,1.0000
18.570000,393,0.0196,0.010394,0.016327,1.8819,1.1981,nan,200,17,17,15,148,9,12,12,12,10,17,0,1.0000
18.620000,394,0.0195,0.010411,0.016349,1.8686,1.1899,0.3226,200,15,15,12,130,9,12,12,12,10,15,0,1.0000
18.670000,395,0.0199,0.010426,0.016369,1.9061,1.2141,0.2682,200,21,21,17,171,9,12,10,12,10,21,0,1.0000
18.720000,396,0.0211,0.010441,0.016385,2.0238,1.2896,0.1644,200,30,30,28,268,9,12,10,12,10,30,0,1.0000
18.770000,397,0.0208,0.010472,0.016423,1.9885,1.2679,0.2765,200,14,14,11,111,9,12,11,12,10,13,1,0.9286
18.820000,398,0.0211,0.010505,0.016459,2.0120,1.2841,0.2863,200,14,14,13,120,9,12,11,12,10,14,0,1.0000
18.870000,399,0.0198,0.010508,0.016474,1.8802,1.1993,0.2477,200,12,12,8,95,9,12,10,12,10,12,0,1.0000
18.920000,400,0.0198,0.010523,0.016505,1.8837,1.2009,0.2266,200,11,11,9,96,9,12,12,12,10,11,0,1.0000
18.970000,401,0.0197,0.010522,0.016514,1.8675,1.1899,0.2373,200,28,28,28,252,9,12,12,12,10,28,0,1.0000
19.020000,402,0.0196,0.010498,0.016491,1.8697,1.1902,0.3043,200,10,10,10,90,9,12,12,12,10,10,0,1.0000
19.070000,403,0.0190,0.010451,0.016429,1.8142,1.1541,0.2947,200,16,16,16,144,9,12,12,12,10,16,0,1.0000
19.120000,404,0.0185,0.010428,0.016396,1.7730,1.1276,0.2674,200,15,15,15,135,9,12,12,12,10,15,0,1.0000
19.170000,405,0.0180,0.010413,0.016363,1.7286,1.1001,0.2803,200,15,15,15,135,9,12,12,12,10,14,1,0.9333
19.220000,406,0.0179,0.010381,0.016330,1.7264,1.0975,0.2745,200,15,15,14,130,9,12,12,12,10,14,1,0.9333
19.270000,407,0.0176,0.010381,0.016331,1.6935,1.0765,0.2572,200,18,18,18,162,9,12,12,12,10,17,1,0.9444
19.320000,408,0.0171,0.010383,0.016329,1.6487,1.0484,0.2974,200,31,31,31,279,9,12,12,12,10,31,0,1.0000
19.370000,409,0.0166,0.010395,0.016342,1.5944,1.0141,0.3072,200,12,12,12,108,9,12,12,12,10,12,0,1.0000
19.420000,410,0.0161,0.010412,0.016361,1.5454,0.9835,0.3375,200,15,15,15,135,9,12,12,12,10,15,0,1.0000
19.470000,411,0.0156,0.010431,0.016383,1.4944,0.9515,0.2975,200,9,9,9,81,9,12,12,12,10,9,0,1.0000
19.520000,412,0.0152,0.010452,0.016404,1.4520,0.9252,0.3275,200,15,15,15,135,9,12,12,12,10,13,2,0.8667
19.570000,413,0.0147,0.010474,0.016418,1.4039,0.8956,0.3265,200,28,28,28,252,9,12,12,12,10,26,2,0.9286
19.620000,414,0.0143,0.010487,0.016418,1.3630,0.8706,0.3397,200,10,10,10,90,9,12,12,12,10,9,1,0.9000
19.670000,415,0.0141,0.010509,0.016418,1.3399,0.8577,0.3355,200,16,16,16,144,9,12,12,12,10,13,3,0.8125
19.720000,416,0.0137,0.010538,0.016439,1.3004,0.8336,0.3187,200,15,15,15,135,9,12,12,12,10,6,9,0.4000
19.770000,417,0.0133,0.010567,0.016456,1.2594,0.8087,0.3175,200,16,16,16,144,9,12,12,12,10,13,3,0.8125
19.820000,418,0.0129,0.010605,0.016485,1.2156,0.7820,0.3428,200,14,14,14,126,9,12,12,12,10,5,9,0.3571
19.870000,419,0.0124,0.010640,0.016512,1.1659,0.7513,0.3139,200,18,18,18,162,9,12,12,12,10,3,15,0.1667
19.920000,420,0.0121,0.010683,0.016545,1.1328,0.7315,0.3205,200,31,31,31,279,9,12,12,12,10,7,24,0.2258
19.970000,421,0.0118,0.010707,0.016565,1.1066,0.7152,0.3153,200,12,12,12,108,9,12,12,12,10,2,10,0.1667
20.020000,422,0.0117,0.010735,0.016588,1.0886,0.7045,0.3274,200,15,15,15,135,9,12,12,12,10,7,8,0.4667
20.070000,423,0.0116,0.010778,0.016624,1.0788,0.6995,0.3294,200,9,9,9,81,9,12,12,12,10,7,2,0.7778
20.120000,424,0.0118,0.010839,0.016673,1.0865,0.7063,0.3346,200,15,15,15,135,9,12,12,12,10,11,4,0.7333
20.170000,425,0.0121,0.010906,0.016729,1.1085,0.7227,0.3384,200,28,28,28,252,9,12,12,12,10,3,25,0.1071
20.220000,426,0.0125,0.010978,0.016790,1.1415,0.7464,0.3091,200,10,10,10,90,9,12,12,12,10,3,7,0.3000
20.270000,427,0.0132,0.011062,0.016861,1.1977,0.7857,0.3271,200,16,16,16,144,9,12,12,12,10,0,16,0.0000
20.320000,428,0.0141,0.011154,0.016942,1.2647,0.8327,0.3369,200,15,15,15,135,9,12,12,12,10,0,15,0.0000
20.370000,429,0.0151,0.011256,0.017031,1.3449,0.8888,0.3361,200,16,16,16,144,9,12,12,12,10,0,16,0.0000
20.420000,430,0.0163,0.011367,0.017131,1.4359,0.9528,0.3242,200,14,14,14,126,9,12,12,12,10,0,14,0.0000
20.470000,431,0.0176,0.011489,0.017242,1.5340,1.0222,0.3292,200,18,18,18,162,9,12,12,12,10,0,18,0.0000
20.520000,432,0.0191,0.011621,0.017365,1.6452,1.1010,0.3480,200,32,32,32,288,9,12,12,12,10,0,32,0.0000
20.570000,433,0.0206,0.011674,0.017435,1.7660,1.1825,0.3451,200,12,12,12,108,9,12,12,12,10,1,11,0.0833
20.620000,434,0.0223,0.011818,0.017576,1.8867,1.2686,0.3536,200,15,15,15,135,9,12,12,12,10,0,15,0.0000
20.670000,435,0.0240,0.011959,0.017718,2.0094,1.3563,0.3561,200,9,9,9,81,9,12,12,12,10,1,8,0.1111
20.720000,436,0.0259,0.012126,0.017887,2.1352,1.4475,0.3561,200,15,15,15,135,9,12,12,12,10,0,15,0.0000
20.770000,437,0.0278,0.012304,0.018069,2.2623,1.5405,0.3522,200,28,28,28,252,9,12,12,12,10,1,27,0.0357
20.820000,438,0.0299,0.012496,0.018269,2.3898,1.6346,0.3700,200,10,10,10,90,9,12,12,12,10,0,10,0.0000
20.870000,439,0.0320,0.012702,0.018488,2.5177,1.7298,0.3575,200,16,16,16,144,9,12,12,12,10,0,16,0.0000
20.920000,440,0.0342,0.012922,0.018725,2.6446,1.8250,0.3672,200,15,15,15,135,9,12,12,12,10,0,15,0.0000
20.970000,441,0.0365,0.013143,0.018969,2.7795,1.9258,0.3614,200,16,16,16,144,9,12,12,12,10,1,15,0.0625
21.020000,442,0.0389,0.013391,0.019245,2.9070,2.0227,0.3669,200,14,14,14,126,9,12,12,12,10,0,14,0.0000
21.070000,443,0.0414,0.013637,0.019525,3.0366,2.1209,0.3701,200,18,18,18,162,9,12,12,12,10,1,17,0.0556
21.120000,444,0.0440,0.013909,0.019832,3.1599,2.2161,0.3607,200,32,32,32,288,9,12,12,12,10,1,31,0.0312
21.170000,445,0.0466,0.014200,0.020166,3.2832,2.3118,0.3889,200,12,12,12,108,9,12,12,12,10,2,10,0.1667
21.220000,446,0.0494,0.014508,0.020526,3.4035,2.4056,0.3633,200,15,15,15,135,9,12,12,12,10,0,15,0.0000
21.270000,447,0.0522,0.014817,0.020895,3.5236,2.4987,0.3712,200,9,9,9,81,9,12,12,12,10,2,7,0.2222
21.320000,448,0.0552,0.015157,0.021302,3.6402,2.5901,0.3744,200,15,15,15,135,9,12,12,12,10,0,15,0.0000
21.370000,449,0.0582,0.015488,0.021672,3.7548,2.6834,0.3733,200,28,28,28,252,9,12,12,12,10,1,27,0.0357
21.420000,450,0.0613,0.015857,0.022112,3.8637,2.7707,0.3951,200,10,10,10,90,9,12,12,12,10,1,9,0.1000
21.470000,451,0.0645,0.016245,0.022586,3.9711,2.8562,0.3678,200,16,16,16,144,9,12,12,12,10,1,15,0.0625
21.520000,452,0.0679,0.016618,0.023005,4.0863,2.9517,0.3885,200,15,15,15,135,9,12,12,12,10,5,10,0.3333
21.570000,453,0.0714,0.016987,0.023458,4.2015,3.0425,0.3945,200,16,16,16,144,9,12,12,12,10,4,12,0.2500
21.620000,454,0.0749,0.017408,0.023950,4.3044,3.1287,0.3946,200,14,14,14,126,9,12,12,12,10,5,9,0.3571
21.670000,455,0.0785,0.017814,0.024445,4.4066,3.2113,0.3927,200,18,18,18,162,9,12,12,12,10,10,8,0.5556
21.720000,456,0.0822,0.018265,0.025009,4.5016,3.2876,0.4082,200,32,32,32,288,9,12,12,12,10,13,19,0.4062
21.770000,457,0.0860,0.018681,0.025563,4.6043,3.3648,0.4035,200,12,12,12,108,9,12,12,12,10,3,9,0.2500
21.820000,458,0.0900,0.019166,0.026180,4.6944,3.4367,0.3748,200,15,15,15,135,9,12,12,12,10,6,9,0.4000
21.870000,459,0.0940,0.019675,0.026832,4.7798,3.5049,0.4046,200,9,9,9,81,9,12,12,12,10,2,7,0.2222
21.920000,460,0.0981,0.020068,0.027387,4.8889,3.5823,0.3985,200,15,15,15,135,9,12,12,12,10,2,13,0.1333
21.970000,461,0.1025,0.020606,0.028088,4.9720,3.6477,0.3799,200,28,28,28,252,9,12,12,12,10,0,28,0.0000
22.020000,462,0.1069,0.021162,0.028815,5.0505,3.7092,0.3987,200,10,10,10,90,9,12,12,12,10,0,10,0.0000
22.070000,463,0.1114,0.021736,0.029570,5.1270,3.7687,0.4060,200,16,16,16,144,9,12,12,12,10,0,16,0.0000
22.120000,464,0.1161,0.022327,0.030352,5.2002,3.8253,0.4093,200,15,15,15,135,9,12,12,12,10,0,15,0.0000
22.170000,465,0.1209,0.022936,0.031162,5.2708,3.8794,0.4001,200,16,16,16,144,9,12,12,12,10,0,16,0.0000
22.220000,466,0.1258,0.023562,0.031999,5.3377,3.9303,0.3998,200,14,14,14,126,9,12,12,12,10,0,14,0.0000
22.270000,467,0.1308,0.024206,0.032864,5.4042,3.9805,0.4179,200,18,18,18,162,9,12,12,12,10,0,18,0.0000
22.320000,468,0.1359,0.024867,0.033756,5.4660,4.0266,0.4062,200,32,32,32,288,9,12,12,12,10,0,32,0.0000
22.370000,469,0.1412,0.025547,0.034677,5.5273,4.0720,0.4187,200,12,12,12,108,9,12,12,12,10,0,12,0.0000
22.420000,470,0.1466,0.026244,0.035626,5.5851,4.1143,0.4114,200,15,15,15,135,9,12,12,12,10,0,15,0.0000
22.470000,471,0.1521,0.026959,0.036602,5.6405,4.1544,0.4082,200,9,9,9,81,9,12,12,12,10,0,9,0.0000
22.520000,472,0.1577,0.027692,0.037607,5.6934,4.1923,0.4424,200,15,15,15,135,9,12,12,12,10,0,15,0.0000
22.570000,473,0.1634,0.028443,0.038641,5.7442,4.2283,0.4377,200,28,28,28,252,9,12,12,12,10,0,28,0.0000
22.620000,474,0.1692,0.029212,0.039702,5.7925,4.2621,0.4343,200,10,10,10,90,9,12,12,12,10,0,10,0.0000
22.670000,475,0.1751,0.029999,0.040792,5.8382,4.2935,0.4119,200,16,16,16,144,9,12,12,12,10,0,16,0.0000
22.720000,476,0.1812,0.030804,0.041911,5.8826,4.3237,0.4212,200,15,15,15,135,9,12,12,12,10,0,15,0.0000
22.770000,477,0.1874,0.031628,0.043058,5.9242,4.3516,0.4259,200,16,16,16,144,9,12,12,12,10,0,16,0.0000
22.820000,478,0.1937,0.032470,0.044234,5.9644,4.3782,0.4227,200,14,14,14,126,9,12,12,12,10,0,14,0.0000
22.870000,479,0.1999,0.033286,0.044890,6.0049,4.4527,0.4547,200,18,18,18,162,9,12,12,12,10,1,17,0.0556
22.920000,480,0.2064,0.034163,0.046093,6.0417,4.4780,0.4403,200,32,32,32,288,9,12,12,12,10,0,32,0.0000
22.970000,481,0.2130,0.035058,0.047324,6.0769,4.5018,0.4473,200,12,12,12,108,9,12,12,12,10,0,12,0.0000
23.020000,482,0.2198,0.035972,0.048583,6.1107,4.5244,0.4459,200,15,15,15,135,9,12,12,12,10,0,15,0.0000
23.070000,483,0.2264,0.035789,0.048836,6.3247,4.6350,0.4539,200,9,9,9,81,9,12,12,12,10,3,6,0.3333
23.120000,484,0.2334,0.036699,0.050112,6.3589,4.6569,0.4596,200,15,15,15,135,9,12,12,12,10,0,15,0.0000
23.170000,485,0.2405,0.037627,0.051415,6.3917,4.6776,0.4471,200,28,28,28,252,9,12,12,12,10,1,27,0.0357
23.220000,486,0.2478,0.038573,0.052747,6.4230,4.6970,0.4440,200,10,10,10,90,9,12,12,12,10,0,10,0.0000
23.270000,487,0.2552,0.039537,0.054106,6.4546,4.7165,0.4603,200,16,16,16,144,9,12,12,12,10,1,15,0.0625
23.320000,488,0.2627,0.040519,0.055494,6.4842,4.7345,0.4505,200,15,15,15,135,9,12,12,12,10,0,15,0.0000
23.370000,489,0.2704,0.041514,0.056905,6.5146,4.7526,0.4545,200,16,16,16,144,9,12,12,12,10,1,15,0.0625
23.420000,490,0.2783,0.042517,0.058333,6.5447,4.7701,0.4632,200,14,14,14,126,9,12,12,12,10,2,12,0.1429
23.470000,491,0.2860,0.043539,0.059771,6.5694,4.7853,0.4620,200,18,18,18,162,9,12,12,12,10,2,16,0.1111
23.520000,492,0.2941,0.044556,0.061237,6.6010,4.8029,0.4552,200,32,32,32,288,9,12,12,12,10,3,29,0.0938
23.570000,493,0.3024,0.045612,0.062752,6.6292,4.8185,0.4715,200,12,12,12,108,9,12,12,12,10,1,11,0.0833
23.620000,494,0.3108,0.046703,0.064308,6.6546,4.8329,0.4677,200,15,15,15,135,9,12,12,12,10,2,13,0.1333
23.670000,495,0.3192,0.047802,0.065860,6.6777,4.8468,0.4746,200,9,9,9,81,9,12,12,12,10,3,6,0.3333
23.720000,496,0.3279,0.048926,0.067470,6.7014,4.8595,0.4613,200,15,15,15,135,9,12,12,12,10,1,14,0.0667
23.770000,497,0.3367,0.050074,0.069110,6.7250,4.8726,0.4659,200,28,28,28,252,9,12,12,12,10,1,27,0.0357
23.820000,498,0.3457,0.051240,0.070782,6.7476,4.8846,0.4697,200,10,10,10,90,9,12,12,12,10,0,10,0.0000
23.870000,499,0.3549,0.052425,0.072483,6.7696,4.8963,0.4732,200,16,16,16,144,9,12,12,12,10,1,15,0.0625
23.920000,500,0.3642,0.053630,0.074214,6.7910,4.9074,0.4943,200,15,15,15,135,9,12,12,12,10,0,15,0.0000
23.970000,501,0.3736,0.054854,0.075975,6.8113,4.9177,0.4733,200,16,16,16,144,9,12,12,12,10,0,16,0.0000
24.020000,502,0.3833,0.056098,0.077767,6.8319,4.9282,0.4792,200,14,14,14,126,9,12,12,12,10,0,14,0.0000
24.070000,503,0.3930,0.057361,0.079588,6.8514,4.9379,0.4896,200,18,18,18,162,9,12,12,12,10,0,18,0.0000
24.120000,504,0.4029,0.058565,0.081366,6.8788,4.9512,0.4926,200,32,32,32,288,9,12,12,12,10,1,31,0.0312
24.170000,505,0.4129,0.059823,0.083198,6.9019,4.9627,0.4902,200,12,12,12,108,9,12,12,12,10,5,7,0.4167
24.220000,506,0.4232,0.060683,0.084474,6.9745,5.0102,0.4866,200,15,15,15,135,9,12,12,12,10,12,3,0.8000
24.270000,507,0.4336,0.061959,0.086325,6.9988,5.0233,0.4995,200,9,9,9,81,9,12,12,12,10,8,1,0.8889
24.320000,508,0.4442,0.063128,0.087988,7.0369,5.0487,0.5049,200,15,15,15,135,9,12,12,12,10,7,8,0.4667
24.370000,509,0.4550,0.064219,0.089133,7.0853,5.1049,0.4951,200,28,28,28,252,9,12,12,12,10,19,9,0.6786
24.420000,510,0.4658,0.065590,0.091098,7.1016,5.1131,0.5188,200,10,10,10,90,9,12,12,12,10,4,6,0.4000
24.470000,511,0.4767,0.066985,0.093100,7.1172,5.1208,0.4957,200,16,16,16,144,9,12,12,12,10,0,16,0.0000
24.520000,512,0.4879,0.068401,0.095132,7.1329,5.1286,0.5147,200,15,15,15,135,9,12,12,12,10,0,15,0.0000
24.570000,513,0.4992,0.069836,0.097195,7.1478,5.1358,0.5085,200,16,16,16,144,9,12,12,12,10,0,16,0.0000
24.620000,514,0.5100,0.064185,0.094225,7.9452,5.4122,0.5196,200,14,14,14,126,9,12,12,12,10,1,13,0.0714
24.670000,515,0.5215,0.065476,0.096221,7.9654,5.4203,0.5243,200,18,18,18,162,9,12,12,12,10,0,18,0.0000
24.720000,516,0.5333,0.066784,0.098246,7.9848,5.4278,0.5171,200,32,32,32,288,9,12,12,12,10,0,32,0.0000
24.770000,517,0.5452,0.068111,0.100301,8.0041,5.4353,0.5224,200,12,12,12,108,9,12,12,12,10,0,12,0.0000
24.820000,518,0.5572,0.069456,0.102386,8.0226,5.4424,0.5365,200,15,15,15,135,9,12,12,12,10,0,15,0.0000
24.870000,519,0.5694,0.070820,0.104501,8.0405,5.4490,0.5293,200,9,9,9,81,9,12,12,12,10,0,9,0.0000
24.920000,520,0.5817,0.072160,0.106612,8.0609,5.4560,0.5238,200,15,15,15,135,9,12,12,12,10,1,14,0.0667
24.970000,521,0.5942,0.073557,0.108784,8.0775,5.4618,0.5231,200,28,28,28,252,9,12,12,12,10,1,27,0.0357
25.020000,522,0.6068,0.074972,0.110985,8.0936,5.4673,0.5245,200,10,10,10,90,9,12,12,12,10,1,9,0.1000
25.070000,523,0.6196,0.076409,0.113221,8.1094,5.4727,0.5356,200,16,16,16,144,9,12,12,12,10,0,16,0.0000
25.120000,524,0.6326,0.077862,0.115483,8.1243,5.4777,0.5243,200,15,15,15,135,9,12,12,12,10,2,13,0.1333
25.170000,525,0.6457,0.079324,0.117761,8.1399,5.4831,0.5294,200,16,16,16,144,9,12,12,12,10,2,14,0.1250
25.220000,526,0.6588,0.080695,0.120004,8.1642,5.4899,0.5366,200,14,14,14,126,9,12,12,12,10,2,12,0.1429
25.270000,527,0.6723,0.082203,0.122361,8.1783,5.4943,0.5385,200,18,18,18,162,9,12,12,12,10,1,17,0.0556
25.320000,528,0.6859,0.083734,0.124751,8.1919,5.4984,0.5418,200,32,32,32,288,9,12,12,12,10,0,32,0.0000
25.370000,529,0.6998,0.085284,0.127173,8.2051,5.5024,0.5430,200,12,12,12,108,9,12,12,12,10,0,12,0.0000
25.420000,530,0.7137,0.086853,0.129627,8.2179,5.5062,0.5367,200,15,15,15,135,9,12,12,12,10,0,15,0.0000
25.470000,531,0.7279,0.088443,0.132113,8.2301,5.5096,0.5501,200,9,9,9,81,9,12,12,12,10,0,9,0.0000
25.520000,532,0.7423,0.090052,0.134632,8.2425,5.5132,0.5498,200,15,15,15,135,9,12,12,12,10,0,15,0.0000
25.570000,533,0.7568,0.091682,0.137183,8.2542,5.5164,0.5603,200,28,28,28,252,9,12,12,12,10,0,28,0.0000
25.620000,534,0.7714,0.093331,0.139767,8.2657,5.5195,0.5491,200,10,10,10,90,9,12,12,12,10,0,10,0.0000
25.670000,535,0.7863,0.095001,0.142384,8.2769,5.5225,0.5555,200,16,16,16,144,9,12,12,12,10,0,16,0.0000
25.720000,536,0.8014,0.096691,0.145034,8.2878,5.5253,0.5765,200,15,15,15,135,9,12,12,12,10,0,15,0.0000
25.770000,537,0.8166,0.098402,0.147718,8.2984,5.5280,0.5758,200,16,16,16,144,9,12,12,12,10,0,16,0.0000
25.820000,538,0.8320,0.100134,0.150435,8.3088,5.5305,0.5624,200,14,14,14,126,9,12,12,12,10,0,14,0.0000
25.870000,539,0.8475,0.101886,0.153186,8.3186,5.5328,0.5610,200,18,18,18,162,9,12,12,12,10,0,18,0.0000
25.920000,540,0.8633,0.103659,0.155970,8.3287,5.5353,0.5724,200,32,32,32,288,9,12,12,12,10,0,32,0.0000
25.970000,541,0.8793,0.105453,0.158789,8.3383,5.5375,0.5754,200,12,12,12,108,9,12,12,12,10,0,12,0.0000
26.020000,542,0.8954,0.107268,0.161642,8.3476,5.5396,0.5821,200,15,15,15,135,9,12,12,12,10,0,15,0.0000
26.070000,543,0.9118,0.109105,0.164530,8.3568,5.5416,0.5705,200,9,9,9,81,9,12,12,12,10,0,9,0.0000
26.120000,544,0.9283,0.110961,0.167450,8.3657,5.5436,0.5738,200,15,15,15,135,9,12,12,12,10,1,14,0.0667
26.170000,545,0.9450,0.112841,0.170402,8.3742,5.5455,0.5821,200,28,28,28,252,9,12,12,12,10,1,27,0.0357
26.220000,546,0.9614,0.111733,0.170717,8.6042,5.6314,0.5813,200,10,10,10,90,9,12,12,12,10,4,6,0.4000
26.270000,547,0.9787,0.111827,0.170649,8.7523,5.7354,0.5846,200,16,16,16,144,9,12,12,12,10,2,14,0.1250
26.320000,548,0.9960,0.113673,0.173571,8.7619,5.7382,0.5868,200,15,15,15,135,9,12,12,12,10,0,15,0.0000
26.370000,549,1.0134,0.115538,0.176524,8.7712,5.7409,0.5888,200,16,16,16,144,9,12,12,12,10,3,13,0.1875
26.420000,550,1.0305,0.116006,0.178573,8.8829,5.7706,0.5899,200,14,14,14,126,9,12,12,12,10,2,12,0.1429
26.470000,551,1.0478,0.104090,0.172437,10.0660,6.0762,0.5947,200,18,18,18,162,9,12,12,12,10,5,13,0.2778
26.520000,552,1.0658,0.105632,0.175217,10.0894,6.0825,0.5973,200,32,32,32,288,9,12,12,12,10,11,21,0.3438
26.570000,553,1.0839,0.107247,0.178086,10.1067,6.0865,0.5962,200,12,12,12,108,9,12,12,12,10,4,8,0.3333
26.620000,554,1.1023,0.108852,0.180926,10.1268,6.0926,0.5953,200,15,15,15,135,9,12,12,12,10,5,10,0.3333
26.670000,555,1.1205,0.110462,0.183823,10.1438,6.0956,0.5982,200,9,9,9,81,9,12,12,12,10,4,5,0.4444
26.720000,556,1.1392,0.112135,0.186791,10.1589,6.0986,0.6045,200,15,15,15,135,9,12,12,12,10,3,12,0.2000
26.770000,557,1.1581,0.113736,0.189717,10.1826,6.1045,0.6108,200,28,28,28,252,9,12,12,12,10,8,20,0.2857
26.820000,558,1.1773,0.115186,0.192543,10.2209,6.1145,0.6045,200,10,10,10,90,9,12,12,12,10,3,7,0.3000
26.870000,559,1.1966,0.116913,0.195607,10.2350,6.1174,0.6198,200,17,17,16,148,9,12,12,12,10,1,16,0.0588
26.920000,560,1.2161,0.118659,0.198705,10.2489,6.1202,0.6029,200,15,15,15,135,9,12,12,12,10,0,15,0.0000
26.970000,561,1.2358,0.120424,0.201837,10.2623,6.1229,0.6111,200,16,16,16,144,9,12,12,12,10,0,16,0.0000
27.020000,562,1.2557,0.122208,0.205002,10.2755,6.1255,0.6163,200,14,14,14,126,9,12,12,12,10,0,14,0.0000
27.070000,563,1.2758,0.124010,0.208201,10.2883,6.1280,0.6236,200,18,18,18,162,9,12,12,12,10,0,18,0.0000
27.120000,564,1.2962,0.125832,0.211434,10.3008,6.1304,0.6193,200,32,32,32,288,9,12,12,12,10,0,32,0.0000
27.170000,565,1.3167,0.127673,0.214700,10.3129,6.1326,0.6194,200,12,12,12,108,9,12,12,12,10,0,12,0.0000
27.220000,566,1.3374,0.129533,0.218002,10.3246,6.1347,0.6348,200,15,15,15,135,9,12,12,12,10,0,15,0.0000
27.270000,567,1.3583,0.131412,0.221337,10.3364,6.1369,0.6284,200,8,8,8,72,9,12,12,12,10,0,8,0.0000
27.320000,568,1.3795,0.133311,0.224708,10.3478,6.1390,0.6200,200,15,15,15,135,9,12,12,12,10,0,15,0.0000
27.370000,569,1.4008,0.135230,0.228113,10.3589,6.1410,0.6220,200,28,28,28,252,9,12,12,12,10,0,28,0.0000
27.420000,570,1.4224,0.137169,0.231554,10.3697,6.1428,0.6429,200,10,10,10,90,9,12,12,12,10,0,10,0.0000
27.470000,571,1.4442,0.139128,0.235029,10.3802,6.1447,0.6322,200,17,17,17,153,9,12,12,12,10,0,17,0.0000
27.520000,572,1.4662,0.141106,0.238540,10.3905,6.1464,0.6375,200,15,15,15,135,9,12,12,12,10,0,15,0.0000
27.570000,573,1.4884,0.143105,0.242087,10.4006,6.1481,0.6442,200,16,16,16,144,9,12,12,12,10,0,16,0.0000
27.620000,574,1.5107,0.145120,0.245660,10.4101,6.1496,0.6396,200,14,14,14,126,9,12,12,12,10,2,12,0.1429
27.670000,575,1.5332,0.147141,0.249261,10.4202,6.1511,0.6340,200,18,18,18,162,9,12,12,12,10,7,11,0.3889
27.720000,576,1.5559,0.149124,0.252852,10.4339,6.1536,0.6385,200,32,32,32,288,9,12,12,12,10,15,17,0.4688
27.770000,577,1.5789,0.150930,0.256312,10.4613,6.1601,0.6502,200,12,12,12,108,9,12,12,12,10,7,5,0.5833
27.820000,578,1.6022,0.153021,0.260029,10.4705,6.1616,0.6555,200,15,15,15,135,9,12,12,12,10,4,11,0.2667
27.870000,579,1.6257,0.155137,0.263787,10.4792,6.1630,0.6544,200,8,8,8,72,9,12,12,12,10,1,7,0.1250
27.920000,580,1.6495,0.157275,0.267583,10.4878,6.1643,0.6573,200,15,15,15,135,9,12,12,12,10,0,15,0.0000
27.970000,581,1.6734,0.159434,0.271415,10.4959,6.1655,0.6557,200,28,28,28,252,9,12,12,12,10,0,28,0.0000
28.020000,582,1.6976,0.161614,0.275285,10.5040,6.1667,0.6664,200,10,10,10,90,9,12,12,12,10,0,10,0.0000
28.070000,583,1.7220,0.163816,0.279192,10.5118,6.1678,0.6667,200,17,17,17,153,9,12,12,12,10,0,17,0.0000
28.120000,584,1.7466,0.166039,0.283137,10.5192,6.1688,0.6705,200,15,15,15,135,9,12,12,12,10,0,15,0.0000
28.170000,585,1.7714,0.168284,0.287120,10.5264,6.1696,0.6759,200,16,16,16,144,9,12,12,12,10,0,16,0.0000
28.220000,586,1.7961,0.170134,0.290893,10.5568,6.1743,0.6703,200,14,14,14,126,9,12,12,12,10,1,13,0.0714
28.270000,587,1.8212,0.172383,0.294910,10.5647,6.1753,0.6689,200,18,18,18,162,9,12,12,12,10,5,13,0.2778
28.320000,588,1.8465,0.174672,0.298987,10.5711,6.1758,0.6678,200,32,32,32,288,9,12,12,12,10,12,20,0.3750
28.370000,589,1.8721,0.176993,0.303113,10.5772,6.1762,0.6859,200,12,12,12,108,9,12,12,12,10,3,9,0.2500
28.420000,590,1.8985,0.175365,0.302816,10.8257,6.2693,0.6711,200,15,15,15,135,9,12,12,12,10,6,9,0.4000
28.470000,591,1.9245,0.177684,0.306934,10.8309,6.2700,0.6823,200,8,8,8,72,9,12,12,12,10,1,7,0.1250
28.520000,592,1.9507,0.180025,0.311091,10.8358,6.2706,0.6816,200,15,15,15,135,9,12,12,12,10,3,12,0.2000
28.570000,593,1.9772,0.182131,0.315069,10.8558,6.2754,0.6887,200,28,28,28,252,9,12,12,12,10,5,23,0.1786
28.620000,594,2.0038,0.184509,0.319295,10.8602,6.2757,0.6932,200,10,10,10,90,9,12,12,12,10,3,7,0.3000
28.670000,595,2.0307,0.186914,0.323564,10.8644,6.2761,0.6866,200,17,17,17,153,9,12,12,12,10,0,17,0.0000
28.720000,596,2.0578,0.189343,0.327872,10.8682,6.2763,0.6746,200,15,15,15,135,9,12,12,12,10,0,15,0.0000
28.770000,597,2.0852,0.191794,0.332218,10.8718,6.2765,0.6870,200,16,16,16,144,9,12,12,12,10,0,16,0.0000
28.820000,598,2.1127,0.194269,0.336604,10.8752,6.2766,0.6934,200,14,14,14,126,9,12,12,12,10,0,14,0.0000
28.870000,599,2.1405,0.196766,0.341028,10.8784,6.2766,0.6933,200,18,18,18,162,9,12,12,12,10,0,18,0.0000
28.920000,600,2.1685,0.199287,0.345493,10.8814,6.2766,0.7078,200,32,32,32,288,9,12,12,12,10,0,32,0.0000
28.970000,601,2.1963,0.200300,0.349098,10.9649,6.2913,0.6893,200,12,12,12,108,9,12,12,12,10,1,11,0.0833
29.020000,602,2.2247,0.202839,0.353622,10.9680,6.2913,0.6992,200,15,15,15,135,9,12,12,12,10,2,13,0.1333
29.070000,603,2.2532,0.205381,0.358174,10.9708,6.2908,0.7078,200,8,8,8,72,9,12,12,12,10,3,5,0.3750
29.120000,604,2.2821,0.207897,0.362734,10.9771,6.2914,0.6958,200,15,15,15,135,9,12,12,12,10,8,7,0.5333
29.170000,605,2.3121,0.189505,0.354315,12.2008,6.5256,0.7045,200,28,28,28,252,9,12,12,12,10,25,3,0.8929
29.220000,606,2.3413,0.191794,0.358782,12.2072,6.5256,0.7002,200,10,10,10,90,9,12,12,12,10,10,0,1.0000
29.270000,607,2.3710,0.194100,0.363286,12.2152,6.5265,0.7118,200,17,17,17,153,9,12,12,12,10,14,3,0.8235
29.320000,608,2.4009,0.196444,0.367838,12.2216,6.5270,0.7082,200,15,15,15,135,9,12,12,12,10,10,5,0.6667
29.370000,609,2.4308,0.198795,0.372416,12.2276,6.5271,0.7096,200,16,16,16,144,9,12,12,12,10,10,6,0.6250
29.420000,610,2.4609,0.201174,0.377043,12.2325,6.5267,0.7200,200,14,14,14,126,9,12,12,12,10,2,12,0.1429
29.470000,611,2.4918,0.203549,0.381686,12.2419,6.5285,0.7205,200,18,18,18,162,9,12,12,12,10,4,14,0.2222
29.520000,612,2.5220,0.205337,0.386046,12.2823,6.5329,0.7200,200,32,32,32,288,9,12,12,12,10,4,28,0.1250
29.570000,613,2.5529,0.207628,0.390710,12.2955,6.5340,0.7320,200,12,12,12,108,9,12,12,12,10,1,11,0.0833
29.620000,614,2.5842,0.210106,0.395505,12.2995,6.5339,0.7322,200,15,15,15,135,9,12,12,12,10,0,15,0.0000
29.670000,615,2.6171,0.212330,0.400138,12.3258,6.5406,0.7318,200,8,8,8,72,9,12,12,12,10,1,7,0.1250
29.720000,616,2.6489,0.214849,0.405010,12.3293,6.5404,0.7297,200,15,15,15,135,9,12,12,12,10,0,15,0.0000
29.770000,617,2.6808,0.217384,0.409918,12.3319,6.5398,0.7286,200,28,28,28,252,9,12,12,12,10,1,27,0.0357
29.820000,618,2.7131,0.219948,0.414872,12.3351,6.5396,0.7376,200,12,12,10,102,9,12,12,12,10,1,11,0.0833
29.870000,619,2.7456,0.222535,0.419867,12.3379,6.5392,0.7446,200,18,18,17,161,9,12,12,12,10,1,17,0.0556
29.920000,620,2.7784,0.225145,0.424903,12.3406,6.5390,0.7448,200,16,16,15,138,9,12,12,12,10,1,15,0.0625
29.970000,621,2.8123,0.227227,0.429519,12.3764,6.5474,0.7377,200,17,17,16,148,9,12,10,12,10,8,9,0.4706
30.020000,622,2.8423,0.159640,0.401344,17.8044,7.0820,0.7421,200,15,15,14,129,9,12,12,12,10,10,5,0.6667
30.070000,623,2.8755,0.161106,0.405959,17.8486,7.0833,0.7382,200,16,16,16,144,9,12,12,12,10,9,7,0.5625
30.120000,624,2.9085,0.162454,0.410536,17.9036,7.0846,0.7430,200,33,33,32,294,9,12,12,12,10,29,4,0.8788
30.170000,625,2.9424,0.163956,0.415235,17.9465,7.0862,0.7474,200,12,12,12,108,9,12,12,12,10,10,2,0.8333
30.220000,626,2.9764,0.165457,0.419963,17.9888,7.0872,0.7459,200,15,15,15,135,9,12,12,12,10,15,0,1.0000
30.270000,627,3.0102,0.166964,0.424724,18.0290,7.0874,0.7621,200,7,7,7,63,9,12,12,12,10,7,0,1.0000
30.320000,628,3.0448,0.168490,0.429526,18.0711,7.0888,0.7405,200,15,15,15,135,9,12,12,12,10,14,1,0.9333
30.370000,629,3.0786,0.169467,0.434049,18.1663,7.0927,0.7659,200,26,26,26,234,9,12,12,12,10,24,2,0.9231
30.420000,630,3.1135,0.170949,0.438887,18.2132,7.0942,0.7561,200,10,10,10,90,9,12,12,12,10,8,2,0.8000
30.470000,631,3.1486,0.172147,0.443573,18.2900,7.0982,0.7668,200,17,17,17,153,9,12,12,12,10,17,0,1.0000
30.520000,632,3.1842,0.172489,0.447845,18.4600,7.1099,0.6694,200,18,18,18,162,9,12,11,12,10,8,10,0.4444
30.570000,633,3.2004,0.173135,0.452332,18.4850,7.0753,0.7779,200,16,16,16,144,9,12,12,12,10,3,13,0.1875
30.620000,634,3.2316,0.174539,0.457243,18.5153,7.0677,0.7552,200,15,15,15,135,9,12,12,12,10,3,12,0.2000
30.670000,635,3.2544,0.175839,0.462103,18.5077,7.0425,0.7660,200,16,16,16,144,9,12,12,12,10,6,10,0.3750
30.720000,636,3.2791,0.156068,0.452897,21.0106,7.2402,0.7577,200,32,32,32,288,9,12,12,12,10,26,6,0.8125
30.770000,637,3.3157,0.156945,0.457661,21.1267,7.2449,0.7766,200,12,12,12,108,9,12,12,12,10,10,2,0.8333
30.820000,638,3.3303,0.157700,0.462223,21.1179,7.2049,0.7749,200,19,19,17,171,9,12,10,12,10,19,0,1.0000
30.870000,639,3.3668,0.158883,0.467084,21.1904,7.2081,0.7971,200,8,8,7,68,9,12,12,12,10,8,0,1.0000
30.920000,640,3.4035,0.160146,0.472066,21.2525,7.2098,0.7592,200,13,13,13,117,9,12,12,12,10,7,6,0.5385
30.970000,641,3.4389,0.161400,0.477095,21.3069,7.2081,0.7954,200,24,24,24,216,9,12,12,12,10,7,17,0.2917
31.020000,642,3.4731,0.162578,0.481928,21.3626,7.2066,0.8006,200,11,11,11,99,9,12,10,12,10,7,4,0.6364
31.070000,643,3.5013,0.160696,0.481378,21.7884,7.2735,0.7939,200,17,17,17,153,9,12,12,12,10,7,10,0.4118
31.120000,644,3.5393,0.162006,0.486490,21.8465,7.2751,0.7752,200,17,17,17,153,9,12,12,12,10,0,17,0.0000
31.170000,645,3.5421,0.162992,0.491348,21.7319,7.2090,0.8008,200,16,16,16,144,9,12,12,12,10,1,15,0.0625
31.220000,646,3.5802,0.164319,0.496525,21.7882,7.2105,0.7768,200,14,14,14,126,9,12,12,12,10,2,12,0.1429
31.270000,647,3.6154,0.154828,0.494558,23.3507,7.3103,0.7963,200,16,16,16,144,9,12,12,12,10,10,6,0.6250
31.320000,648,3.6546,0.155777,0.499545,23.4603,7.3158,0.7598,200,32,32,32,288,9,12,12,12,10,10,22,0.3125
31.370000,649,3.6933,0.156883,0.504723,23.5419,7.3175,0.8086,200,11,11,11,99,9,12,12,12,10,4,7,0.3636
31.420000,650,3.7323,0.158046,0.509950,23.6154,7.3190,0.7904,200,17,17,17,153,9,12,12,12,10,10,7,0.5882
31.470000,651,3.7524,0.159094,0.515002,23.5857,7.2861,0.7957,200,11,11,11,99,9,12,12,12,10,11,0,1.0000
31.520000,652,3.7893,0.159945,0.520187,23.6910,7.2844,0.8009,200,13,13,13,117,9,12,12,12,10,13,0,1.0000
31.570000,653,3.8281,0.161126,0.525510,23.7582,7.2845,0.8009,200,24,24,24,216,9,12,12,12,10,24,0,1.0000
31.620000,654,3.8660,0.162311,0.530850,23.8188,7.2828,0.8148,200,10,10,10,90,9,12,12,12,10,10,0,1.0000
31.670000,655,3.9018,0.163507,0.536197,23.8630,7.2767,0.7926,200,18,18,18,162,9,12,12,12,10,18,0,1.0000
31.720000,656,3.9393,0.164721,0.541591,23.9152,7.2736,0.8176,200,17,17,17,153,9,12,12,12,10,17,0,1.0000
31.770000,657,3.9747,0.165780,0.546930,23.9757,7.2673,0.8002,200,16,16,16,144,9,12,12,12,10,15,1,0.9375
31.820000,658,3.9900,0.149672,0.539244,26.6583,7.3993,0.8227,200,14,14,14,126,9,12,12,12,10,7,7,0.5000
31.870000,659,3.8183,0.115104,0.522916,33.1726,7.3019,0.8140,200,16,16,16,144,9,12,12,12,10,2,14,0.1250
31.920000,660,3.7880,0.114813,0.519201,32.9931,7.2959,0.8185,200,32,32,32,288,9,12,12,12,10,8,24,0.2500
31.970000,661,3.8266,0.114880,0.524258,33.3096,7.2991,0.7899,200,11,11,11,99,9,12,12,12,10,0,11,0.0000
32.020000,662,3.8565,0.114921,0.528773,33.5578,7.2933,0.8484,200,17,17,17,153,9,12,12,12,10,3,14,0.1765
32.070000,663,3.8911,0.114949,0.533155,33.8508,7.2983,0.8098,200,11,11,11,99,9,12,12,12,10,3,8,0.2727
32.120000,664,3.9293,0.114992,0.538222,34.1701,7.3005,0.8323,200,13,13,13,117,9,12,12,12,10,2,11,0.1538
32.170000,665,3.9683,0.115031,0.543396,34.4975,7.3027,0.8092,200,25,25,25,225,9,12,12,12,10,1,24,0.0400
32.220000,666,4.0061,0.115064,0.548611,34.8164,7.3023,0.8236,200,10,10,10,90,9,12,12,12,10,1,9,0.1000
32.270000,667,4.0464,0.115092,0.553862,35.1577,7.3057,0.8173,200,18,18,18,162,9,12,12,12,10,1,17,0.0556
32.320000,668,4.0866,0.115113,0.559151,35.5006,7.3086,0.8411,200,17,17,17,153,9,12,12,12,10,1,16,0.0588
32.370000,669,4.1270,0.115129,0.564477,35.8469,7.3113,0.8292,200,16,16,16,144,9,12,12,12,10,0,16,0.0000
32.420000,670,4.1678,0.115140,0.569839,36.1973,7.3139,0.8340,200,14,14,14,126,9,12,12,12,10,0,14,0.0000
32.470000,671,4.2084,0.115145,0.575231,36.5488,7.3160,0.8337,200,16,16,16,144,9,12,12,12,10,2,14,0.1250
32.520000,672,4.2462,0.115145,0.580653,36.8771,7.3128,0.8463,200,32,32,32,288,9,12,12,12,10,1,31,0.0312
32.570000,673,4.2878,0.115141,0.586125,37.2393,7.3154,0.8415,200,11,11,11,99,9,12,12,12,10,0,11,0.0000
32.620000,674,4.3296,0.115132,0.591636,37.6055,7.3180,0.8354,200,17,17,17,153,9,12,12,12,10,0,17,0.0000
32.670000,675,4.3711,0.115117,0.597150,37.9714,7.3200,0.8453,200,11,11,11,99,9,12,12,12,10,3,8,0.2727
32.720000,676,4.4103,0.115080,0.601712,38.3236,7.3295,0.8471,200,13,13,13,117,9,12,12,12,10,1,12,0.0769
32.770000,677,4.3250,0.114624,0.596676,37.7321,7.2485,0.8343,200,25,25,25,225,9,12,12,12,10,3,22,0.1200
32.820000,678,4.3660,0.114590,0.602174,38.1010,7.2504,0.8207,200,10,10,10,90,9,12,12,12,10,3,7,0.3000
32.870000,679,4.3982,0.114524,0.606989,38.4041,7.2459,0.8348,200,19,19,18,169,9,12,12,12,10,4,15,0.2105
32.920000,680,4.4393,0.114485,0.612583,38.7760,7.2468,0.8399,200,18,18,17,161,9,12,12,12,10,2,16,0.1111
32.970000,681,4.4800,0.114401,0.617377,39.1604,7.2565,0.8442,200,16,16,16,144,9,12,12,12,10,3,13,0.1875
33.020000,682,4.5207,0.114354,0.622952,39.5325,7.2569,0.8419,200,14,14,14,126,9,12,12,12,10,5,9,0.3571
33.070000,683,4.5622,0.114305,0.628614,39.9126,7.2576,0.8440,200,16,16,16,144,9,12,12,12,10,8,8,0.5000
33.120000,684,4.6026,0.114251,0.634190,40.2848,7.2574,0.8387,200,30,30,30,270,9,12,12,12,10,15,15,0.5000
33.170000,685,4.6454,0.114198,0.639935,40.6784,7.2592,0.8461,200,11,11,11,99,9,12,12,12,10,9,2,0.8182
33.220000,686,4.6536,0.114141,0.645350,40.7701,7.2109,0.8493,200,19,19,18,169,9,12,11,12,10,12,7,0.6316
33.270000,687,4.6965,0.114088,0.651179,41.1654,7.2123,0.8500,200,10,10,10,90,9,12,12,12,10,7,3,0.7000
33.320000,688,4.7398,0.114033,0.657024,41.5648,7.2140,0.8550,200,13,13,13,117,9,12,12,12,10,5,8,0.3846
33.370000,689,4.7821,0.113975,0.662906,41.9569,7.2138,0.8537,200,25,25,25,225,9,12,12,12,10,18,7,0.7200
33.420000,690,4.8260,0.113922,0.668854,42.3620,7.2153,0.8503,200,10,10,10,90,9,12,12,12,10,9,1,0.9000
33.470000,691,4.8704,0.113870,0.674850,42.7713,7.2170,0.8568,200,17,17,17,153,9,12,12,12,10,13,4,0.7647
33.520000,692,4.9154,0.113821,0.680895,43.1857,7.2191,0.8663,200,18,18,18,162,9,12,12,12,10,0,18,0.0000
33.570000,693,4.9608,0.113772,0.686979,43.6024,7.2211,0.8639,200,16,16,16,144,9,12,12,12,10,1,15,0.0625
33.620000,694,5.0018,0.113725,0.693048,43.9818,7.2172,0.8667,200,14,14,14,126,9,12,12,12,10,3,11,0.2143
33.670000,695,5.0471,0.113681,0.699133,44.3972,7.2191,0.8675,200,16,16,16,144,9,12,12,12,10,2,14,0.1250
33.720000,696,5.0920,0.113637,0.705107,44.8093,7.2216,0.8714,200,30,30,30,270,9,12,12,12,10,3,27,0.1000
33.770000,697,5.1381,0.113600,0.711278,45.2300,7.2238,0.8754,200,11,11,11,99,9,12,12,12,10,3,8,0.2727
33.820000,698,5.1842,0.113565,0.717478,45.6497,7.2256,0.8661,200,19,19,19,171,9,12,12,12,10,5,14,0.2632
33.870000,699,5.2304,0.113533,0.723759,46.0695,7.2267,0.8720,200,10,10,10,90,9,12,12,12,10,5,5,0.5000
33.920000,700,5.2768,0.113510,0.730072,46.4875,7.2278,0.8731,200,13,13,13,117,9,12,12,12,10,3,10,0.2308
33.970000,701,5.3050,0.113404,0.735678,46.7799,7.2111,0.8724,200,25,25,25,225,9,12,12,12,10,10,15,0.4000
34.020000,702,5.3519,0.113395,0.742082,47.1970,7.2120,0.8846,200,10,10,10,90,9,12,12,12,10,6,4,0.6000
34.070000,703,5.4001,0.113394,0.748562,47.6225,7.2140,0.8836,200,17,17,17,153,9,12,12,12,10,0,17,0.0000
34.120000,704,5.4486,0.113401,0.755084,48.0475,7.2159,0.8912,200,18,18,18,162,9,12,12,12,10,0,18,0.0000
34.170000,705,5.4975,0.113416,0.761648,48.4715,7.2179,0.8838,200,16,16,16,144,9,12,12,12,10,0,16,0.0000
34.220000,706,5.5448,0.113436,0.767885,48.8799,7.2208,0.8835,200,14,14,14,126,9,12,12,12,10,2,12,0.1429
34.270000,707,5.5942,0.113470,0.774529,49.3014,7.2228,0.8899,200,16,16,16,144,9,12,12,12,10,0,16,0.0000
34.320000,708,5.6423,0.113503,0.780465,49.7109,7.2295,0.8962,200,30,30,30,270,9,12,12,12,10,2,28,0.0667
34.370000,709,5.6915,0.113553,0.786821,50.1222,7.2336,0.8901,200,11,11,11,99,9,12,12,12,10,1,10,0.0909
34.420000,710,5.7414,0.113601,0.793202,50.5399,7.2382,0.9003,200,19,19,19,171,9,12,12,12,10,5,14,0.2632
34.470000,711,5.1871,0.113479,0.773724,45.7103,6.7041,0.8552,200,10,10,10,90,9,12,12,12,10,6,4,0.6000
34.520000,712,5.2323,0.113560,0.780268,46.0755,6.7058,0.8543,200,13,13,13,117,9,12,12,12,10,13,0,1.0000
34.570000,713,5.2769,0.113654,0.786819,46.4298,6.7067,0.8598,200,25,25,25,225,9,12,12,12,10,25,0,1.0000
34.620000,714,5.3227,0.113761,0.793419,46.7884,6.7086,0.8560,200,10,10,10,90,9,12,12,12,10,6,4,0.6000
34.670000,715,5.3691,0.113884,0.800115,47.1457,6.7104,0.8560,200,17,17,17,153,9,12,12,12,10,0,17,0.0000
34.720000,716,5.4159,0.114021,0.806854,47.4995,6.7124,0.8676,200,18,18,18,162,9,12,12,12,10,0,18,0.0000
34.770000,717,5.4630,0.114173,0.813635,47.8483,6.7143,0.8555,200,16,16,16,144,9,12,12,12,10,0,16,0.0000
34.820000,718,5.5104,0.114342,0.820459,48.1922,6.7162,0.8723,200,14,14,14,126,9,12,12,12,10,0,14,0.0000
34.870000,719,5.5581,0.114527,0.827325,48.5305,6.7181,0.8744,200,16,16,16,144,9,12,12,12,10,0,16,0.0000
34.920000,720,5.5972,0.114659,0.829787,48.8162,6.7454,0.8751,200,30,30,30,270,9,12,12,12,10,2,28,0.0667
34.970000,721,5.6407,0.114845,0.834908,49.1156,6.7560,0.8679,200,11,11,11,99,9,12,12,12,10,2,9,0.1818
35.020000,722,5.6876,0.115067,0.841155,49.4283,6.7616,0.8751,200,19,19,19,171,9,12,12,12,10,1,18,0.0526
35.070000,723,5.7364,0.115322,0.848123,49.7425,6.7636,0.8853,200,10,10,10,90,9,12,12,12,10,0,10,0.0000
35.120000,724,5.7855,0.115597,0.855135,50.0492,6.7656,0.8809,200,13,13,13,117,9,12,12,12,10,0,13,0.0000
35.170000,725,5.8350,0.115893,0.862189,50.3481,6.7677,0.8731,200,25,25,25,225,9,12,12,12,10,0,25,0.0000
35.220000,726,5.8848,0.116211,0.869288,50.6386,6.7697,0.8760,200,10,10,10,90,9,12,12,12,10,0,10,0.0000
35.270000,727,5.9349,0.116553,0.876430,50.9204,6.7717,0.8872,200,17,17,17,153,9,12,12,12,10,0,17,0.0000
35.320000,728,5.9854,0.116917,0.883616,51.1931,6.7737,0.8869,200,18,18,18,162,9,12,12,12,10,0,18,0.0000
35.370000,729,6.0346,0.117246,0.888129,51.4691,6.7947,0.8929,200,16,16,16,144,9,12,12,12,10,1,15,0.0625
35.420000,730,6.0827,0.117646,0.894885,51.7033,6.7972,0.8859,200,14,14,14,126,9,12,12,12,10,1,13,0.0714
35.470000,731,6.1340,0.118082,0.902173,51.9470,6.7992,0.8908,200,16,16,16,144,9,12,12,12,10,0,16,0.0000
35.520000,732,6.1858,0.118545,0.909505,52.1808,6.8013,0.8865,200,30,30,30,270,9,12,12,12,10,0,30,0.0000
35.570000,733,6.2371,0.119032,0.916733,52.3983,6.8036,0.8910,200,11,11,11,99,9,12,12,12,10,1,10,0.0909
35.620000,734,6.2894,0.119549,0.924153,52.6093,6.8056,0.8909,200,19,19,19,171,9,12,12,12,10,0,19,0.0000
35.670000,735,6.3421,0.120096,0.931619,52.8086,6.8076,0.8964,200,10,10,10,90,9,12,12,12,10,0,10,0.0000
35.720000,736,6.3950,0.120671,0.939130,52.9956,6.8095,0.9066,200,13,13,13,117,9,12,12,12,10,0,13,0.0000
35.770000,737,6.4484,0.121277,0.946687,53.1710,6.8116,0.9044,200,26,26,25,230,9,12,12,12,10,0,26,0.0000
35.820000,738,6.5021,0.121913,0.954289,53.3336,6.8135,0.9129,200,10,10,10,90,9,12,12,12,10,0,10,0.0000
35.870000,739,6.5560,0.122580,0.961937,53.4834,6.8154,0.9081,200,17,17,17,153,9,12,12,12,10,0,17,0.0000
35.920000,740,6.6103,0.123280,0.969631,53.6204,6.8174,0.9130,200,18,18,18,162,9,12,12,12,10,0,18,0.0000
35.970000,741,6.6649,0.124012,0.977372,53.7442,6.8192,0.9088,200,16,16,16,144,9,12,12,12,10,0,16,0.0000
36.020000,742,6.7163,0.124766,0.984794,53.8313,6.8200,0.9182,200,14,14,14,126,9,12,12,12,10,2,12,0.1429
36.070000,743,6.7681,0.125561,0.992468,53.9027,6.8195,0.9242,200,16,16,16,144,9,12,12,12,10,7,9,0.4375
36.120000,744,6.8188,0.126391,1.000152,53.9498,6.8177,0.9171,200,30,30,30,270,9,12,12,12,10,16,14,0.5333
36.170000,745,6.8734,0.127254,1.007940,54.0132,6.8193,0.9171,200,11,11,11,99,9,12,12,12,10,8,3,0.7273
36.220000,746,6.9278,0.128155,1.015794,54.0577,6.8201,0.9211,200,19,19,19,171,9,12,12,12,10,6,13,0.3158
36.270000,747,6.9822,0.129088,1.023612,54.0885,6.8211,0.9211,200,10,10,10,90,9,12,12,12,10,2,8,0.2000
36.320000,748,7.0233,0.128636,0.997520,54.5978,7.0407,0.9190,200,13,13,13,117,9,12,12,12,10,2,11,0.1538
36.370000,749,7.0802,0.129591,1.005302,54.6349,7.0429,0.9207,200,25,25,25,225,9,12,12,12,10,0,25,0.0000
36.420000,750,7.1376,0.130583,1.013131,54.6594,7.0451,0.9338,200,10,10,10,90,9,12,12,12,10,0,10,0.0000
36.470000,751,7.1952,0.131611,1.021005,54.6706,7.0472,0.9280,200,17,17,17,153,9,12,12,12,10,0,17,0.0000
36.520000,752,7.2532,0.132676,1.028926,54.6690,7.0493,0.9300,200,18,18,18,162,9,12,12,12,10,0,18,0.0000
36.570000,753,7.3116,0.133778,1.036894,54.6544,7.0514,0.9237,200,16,16,16,144,9,12,12,12,10,0,16,0.0000
36.620000,754,7.3658,0.134857,1.043680,54.6196,7.0576,0.9282,200,14,14,14,126,9,12,12,12,10,1,13,0.0714
36.670000,755,7.4243,0.135994,1.050998,54.5927,7.0640,0.9378,200,16,16,16,144,9,12,12,12,10,5,11,0.3125
36.720000,756,7.4617,0.136873,1.052429,54.5155,7.0900,0.9346,200,30,30,30,270,9,12,12,12,10,9,21,0.3000
36.770000,757,7.5194,0.138110,1.060373,54.4450,7.0913,0.9359,200,11,11,11,99,9,12,12,12,10,2,9,0.1818
36.820000,758,7.5759,0.139386,1.068326,54.3518,7.0914,0.9344,200,19,19,19,171,9,12,12,12,10,7,12,0.3684
36.870000,759,7.6327,0.140694,1.076206,54.2504,7.0922,0.9388,200,10,10,10,90,9,12,12,12,10,2,8,0.2000
36.920000,760,7.6915,0.142049,1.084319,54.1469,7.0934,0.9449,200,13,13,13,117,9,12,12,12,10,3,10,0.2308
36.970000,761,7.7491,0.143439,1.092298,54.0236,7.0943,0.9391,200,25,25,25,225,9,12,12,12,10,7,18,0.2800
37.020000,762,7.8092,0.144874,1.100528,53.9035,7.0959,0.9439,200,10,10,10,90,9,12,12,12,10,2,8,0.2000
37.070000,763,7.8708,0.146351,1.108876,53.7802,7.0980,0.9446,200,17,17,17,153,9,12,12,12,10,0,17,0.0000
37.120000,764,7.9327,0.147868,1.117272,53.6472,7.1001,0.9458,200,18,18,18,162,9,12,12,12,10,0,18,0.0000
37.170000,765,7.9950,0.149426,1.125716,53.5046,7.1021,0.9501,200,16,16,16,144,9,12,12,12,10,0,16,0.0000
37.220000,766,8.0577,0.151023,1.134208,53.3538,7.1042,0.9534,200,14,14,14,126,9,12,12,12,10,0,14,0.0000
37.270000,767,8.1207,0.152661,1.142749,53.1940,7.1062,0.9508,200,16,16,16,144,9,12,12,12,10,0,16,0.0000
37.320000,768,8.1840,0.154340,1.151339,53.0258,7.1082,0.9553,200,30,30,30,270,9,12,12,12,10,0,30,0.0000
37.370000,769,8.2477,0.156059,1.159978,52.8499,7.1102,0.9516,200,11,11,11,99,9,12,12,12,10,0,11,0.0000
37.420000,770,8.3118,0.157819,1.168666,52.6664,7.1122,0.9620,200,19,19,19,171,9,12,12,12,10,0,19,0.0000
37.470000,771,8.3761,0.159620,1.177404,52.4755,7.1141,0.9591,200,10,10,10,90,9,12,12,12,10,0,10,0.0000
37.520000,772,8.4409,0.161461,1.186191,52.2783,7.1160,0.9634,200,13,13,13,117,9,12,12,12,10,0,13,0.0000
37.570000,773,8.5060,0.163344,1.195027,52.0742,7.1178,0.9570,200,25,25,25,225,9,12,12,12,10,0,25,0.0000
37.620000,774,8.5714,0.165267,1.203914,51.8643,7.1197,0.9640,200,10,10,10,90,9,12,12,12,10,0,10,0.0000
37.670000,775,8.6372,0.167231,1.212851,51.6483,7.1214,0.9722,200,17,17,17,153,9,12,12,12,10,0,17,0.0000
37.720000,776,8.7035,0.169225,1.221801,51.4317,7.1235,0.9623,200,18,18,18,162,9,12,12,12,10,2,16,0.1111
37.770000,777,8.7693,0.171252,1.230612,51.2068,7.1259,0.9624,200,16,16,16,144,9,12,12,12,10,9,7,0.5625
37.820000,778,8.8358,0.173326,1.239544,50.9779,7.1283,0.9596,200,14,14,14,126,9,12,12,12,10,14,0,1.0000
37.870000,779,8.9026,0.175446,1.248625,50.7428,7.1300,0.9718,200,16,16,16,144,9,12,12,12,10,16,0,1.0000
37.920000,780,8.9236,0.177184,1.252678,50.3634,7.1236,0.9646,200,30,30,30,270,9,12,12,12,10,18,12,0.6000
37.970000,781,8.9880,0.179286,1.260831,50.1323,7.1286,0.9715,200,11,11,11,99,9,12,12,12,10,1,10,0.0909
38.020000,782,9.0557,0.181520,1.270056,49.8880,7.1301,0.9770,200,19,19,19,171,9,12,12,12,10,0,19,0.0000
38.070000,783,9.1236,0.183794,1.279332,49.6403,7.1315,0.9754,200,10,10,10,90,9,12,12,12,10,0,10,0.0000
38.120000,784,9.1919,0.186109,1.288660,49.3897,7.1329,0.9777,200,13,13,13,117,9,12,12,12,10,0,13,0.0000
38.170000,785,9.2605,0.188465,1.298038,49.1364,7.1342,0.9770,200,25,25,25,225,9,12,12,12,10,0,25,0.0000
38.220000,786,9.3294,0.190860,1.307469,48.8808,7.1355,0.9828,200,10,10,10,90,9,12,12,12,10,0,10,0.0000
38.270000,787,9.3987,0.193296,1.316951,48.6232,7.1367,0.9815,200,17,17,17,153,9,12,12,12,10,0,17,0.0000
38.320000,788,9.4680,0.195761,1.326470,48.3650,7.1377,0.9796,200,18,18,18,162,9,12,12,12,10,18,0,1.0000
38.370000,789,9.5381,0.198262,1.336019,48.1087,7.1392,0.9845,200,16,16,16,144,9,12,12,12,10,16,0,1.0000
38.420000,790,9.6057,0.200784,1.345324,47.8410,7.1401,0.9910,200,14,14,14,126,9,12,12,12,10,14,0,1.0000
38.470000,791,9.6582,0.202328,1.346954,47.7353,7.1704,0.9921,200,16,16,16,144,9,12,12,12,10,11,5,0.6875
38.520000,792,9.7225,0.204711,1.354556,47.4939,7.1777,0.9895,200,30,30,30,270,9,12,12,12,10,4,26,0.1333
38.570000,793,9.7873,0.207212,1.362984,47.2335,7.1808,0.9909,200,11,11,11,99,9,12,12,12,10,1,10,0.0909
38.620000,794,9.8587,0.209895,1.372724,46.9698,7.1819,0.9936,200,19,19,19,171,9,12,12,12,10,0,19,0.0000
38.670000,795,9.9305,0.212618,1.382517,46.7059,7.1829,0.9824,200,10,10,10,90,9,12,12,12,10,0,10,0.0000
38.720000,796,10.0026,0.215380,1.392362,46.4418,7.1839,0.9865,200,13,13,13,117,9,12,12,12,10,0,13,0.0000
38.770000,797,10.0751,0.218182,1.402260,46.1776,7.1849,0.9971,200,25,25,25,225,9,12,12,12,10,0,25,0.0000
38.820000,798,10.1479,0.221023,1.412212,45.9135,7.1858,0.9930,200,10,10,10,90,9,12,12,12,10,0,10,0.0000
38.870000,799,10.2211,0.223903,1.422216,45.6498,7.1868,1.0060,200,17,17,17,153,9,12,12,12,10,0,17,0.0000
38.920000,800,10.2947,0.226820,1.432271,45.3871,7.1877,0.9996,200,18,18,18,162,9,12,12,12,10,7,11,0.3889
38.970000,801,10.3687,0.229772,1.442368,45.1259,7.1886,1.0128,200,16,16,16,144,9,12,12,12,10,13,3,0.8125
39.020000,802,10.1484,0.223295,1.403253,45.4486,7.2321,0.9925,200,14,14,14,126,9,12,12,12,10,8,6,0.5714
39.070000,803,10.2202,0.226133,1.412968,45.1956,7.2332,0.9964,200,16,16,16,144,9,12,12,12,10,3,13,0.1875
39.120000,804,10.2897,0.228985,1.422399,44.9363,7.2341,1.0018,200,30,30,30,270,9,12,12,12,10,4,26,0.1333
39.170000,805,10.3625,0.231898,1.432227,44.6856,7.2352,1.0025,200,11,11,11,99,9,12,12,12,10,1,10,0.0909
39.220000,806,10.4360,0.234850,1.442152,44.4370,7.2364,0.9926,200,19,19,19,171,9,12,12,12,10,0,19,0.0000
39.270000,807,10.5099,0.237841,1.452130,44.1891,7.2376,1.0073,200,10,10,10,90,9,12,12,12,10,0,10,0.0000
39.320000,808,10.5842,0.240868,1.462160,43.9419,7.2387,1.0067,200,13,13,13,117,9,12,12,12,10,0,13,0.0000
39.370000,809,10.6588,0.243933,1.472242,43.6956,7.2398,1.0041,200,25,25,25,225,9,12,12,12,10,0,25,0.0000
39.420000,810,10.7337,0.247035,1.482376,43.4503,7.2409,1.0081,200,10,10,10,90,9,12,12,12,10,0,10,0.0000
39.470000,811,10.8089,0.250170,1.492554,43.2062,7.2419,1.0107,200,17,17,17,153,9,12,12,12,10,6,11,0.3529
39.520000,812,10.8846,0.253346,1.502794,42.9632,7.2429,1.0078,200,18,18,18,162,9,12,12,12,10,1,17,0.0556
39.570000,813,10.9606,0.256557,1.513052,42.7217,7.2440,1.0088,200,16,16,16,144,9,12,12,12,10,5,11,0.3125
39.620000,814,11.0363,0.259795,1.523229,42.4808,7.2453,1.0120,200,14,14,14,126,9,12,12,12,10,4,10,0.2857
39.670000,815,11.1141,0.263021,1.533395,42.2556,7.2480,1.0190,200,16,16,16,144,9,12,12,12,10,16,0,1.0000
39.720000,816,11.1923,0.266261,1.543209,42.0349,7.2526,1.0073,200,30,30,30,270,9,12,12,12,10,27,3,0.9000
39.770000,817,11.2697,0.269614,1.553643,41.7992,7.2537,1.0117,200,11,11,11,99,9,12,12,12,10,6,5,0.5455
39.820000,818,11.3471,0.273009,1.564176,41.5631,7.2544,1.0199,200,19,19,19,171,9,12,12,12,10,4,15,0.2105
39.870000,819,11.4233,0.276426,1.574567,41.3250,7.2549,1.0160,200,10,10,10,90,9,12,12,12,10,2,8,0.2000
39.920000,820,11.4995,0.279877,1.585004,41.0877,7.2552,1.0231,200,13,13,13,117,9,12,12,12,10,3,10,0.2308
39.970000,821,11.5871,0.283152,1.593469,40.9219,7.2716,1.0256,200,25,25,25,225,9,12,12,12,10,10,15,0.4000
40.020000,822,11.6652,0.286689,1.604153,40.6894,7.2719,1.0264,200,10,10,10,90,9,12,12,12,10,3,7,0.3000
40.070000,823,11.7469,0.290241,1.614557,40.4730,7.2756,1.0246,200,17,17,17,153,9,12,12,12,10,7,10,0.4118
40.120000,824,11.8305,0.293766,1.624893,40.2720,7.2808,1.0287,200,18,18,18,162,9,12,12,12,10,12,6,0.6667
40.170000,825,11.9152,0.297321,1.635470,40.0751,7.2855,1.0367,200,16,16,16,144,9,12,12,12,10,14,2,0.8750
40.220000,826,11.9939,0.300982,1.646244,39.8493,7.2856,1.0363,200,14,14,14,126,9,12,12,12,10,11,3,0.7857
40.270000,827,12.0690,0.301700,1.623872,40.0034,7.4323,1.0378,200,16,16,16,144,9,12,12,12,10,9,7,0.5625
40.320000,828,12.1464,0.305389,1.634518,39.7737,7.4312,1.0422,200,30,30,30,270,9,12,12,12,10,24,6,0.8000
40.370000,829,12.2343,0.308731,1.640994,39.6277,7.4554,1.0400,200,11,11,11,99,9,12,12,12,10,10,1,0.9091
40.420000,830,12.3167,0.312485,1.651797,39.4154,7.4566,1.0445,200,19,19,19,171,9,12,12,12,10,16,3,0.8421
40.470000,831,12.3968,0.314492,1.642037,39.4185,7.5497,1.0352,200,10,10,10,90,9,12,12,12,10,10,0,1.0000
40.520000,832,12.4816,0.318257,1.652653,39.2186,7.5525,1.0365,200,13,13,13,117,9,12,12,12,10,13,0,1.0000
40.570000,833,12.5652,0.322066,1.663364,39.0142,7.5541,1.0434,200,25,25,25,225,9,12,12,12,10,25,0,1.0000
40.620000,834,12.6494,0.325945,1.674232,38.8082,7.5553,1.0514,200,10,10,10,90,9,12,12,12,10,10,0,1.0000
40.670000,835,12.7340,0.329853,1.685193,38.6051,7.5564,1.0439,200,17,17,17,153,9,12,12,12,10,16,1,0.9412
40.720000,836,12.8198,0.333770,1.695967,38.4092,7.5590,1.0414,200,18,18,18,162,9,12,12,12,10,15,3,0.8333
40.770000,837,12.9050,0.336941,1.704700,38.3005,7.5703,1.0477,200,16,16,16,144,9,12,12,12,10,11,5,0.6875
40.820000,838,12.9706,0.338409,1.684963,38.3281,7.6978,1.0501,200,15,15,15,135,9,12,12,12,10,14,1,0.9333
40.870000,839,13.0577,0.342344,1.695525,38.1421,7.7013,1.0419,200,16,16,16,144,9,12,12,12,10,10,6,0.6250
40.920000,840,13.1388,0.346385,1.706313,37.9312,7.7001,1.0479,200,30,30,30,270,9,12,12,12,10,15,15,0.5000
40.970000,841,13.2230,0.350393,1.716875,37.7375,7.7018,1.0579,200,11,11,11,99,9,12,12,12,10,4,7,0.3636
41.020000,842,13.3075,0.354436,1.727833,37.5457,7.7019,1.0607,200,19,19,19,171,9,12,12,12,10,8,11,0.4211
41.070000,843,13.3925,0.358582,1.738839,37.3487,7.7020,1.0557,200,10,10,10,90,9,12,12,12,10,2,8,0.2000
41.120000,844,13.4709,0.362207,1.748060,37.1911,7.7062,1.0576,200,13,13,13,117,9,12,12,12,10,3,10,0.2308
41.170000,845,13.5592,0.366424,1.759285,37.0040,7.7072,1.0555,200,25,25,25,225,9,12,12,12,10,0,25,0.0000
41.220000,846,13.6478,0.370678,1.770564,36.8186,7.7082,1.0547,200,10,10,10,90,9,12,12,12,10,0,10,0.0000
41.270000,847,13.7369,0.374967,1.781899,36.6349,7.7091,1.0605,200,17,17,17,153,9,12,12,12,10,0,17,0.0000
41.320000,848,13.8263,0.379292,1.793288,36.4529,7.7100,1.0658,200,18,18,18,162,9,12,12,12,10,0,18,0.0000
41.370000,849,13.9155,0.383649,1.804712,36.2714,7.7106,1.0663,200,16,16,16,144,9,12,12,12,10,1,15,0.0625
41.420000,850,14.0024,0.388006,1.815971,36.0880,7.7107,1.0583,200,15,15,15,135,9,12,12,12,10,1,14,0.0667
41.470000,851,14.1037,0.391989,1.824763,35.9798,7.7290,1.0668,200,16,16,16,144,9,12,12,12,10,7,9,0.4375
41.520000,852,14.1983,0.396341,1.835191,35.8234,7.7367,1.0687,200,30,30,30,270,9,12,12,12,10,28,2,0.9333
41.570000,853,14.2896,0.400818,1.846694,35.6511,7.7379,1.0598,200,11,11,11,99,9,12,12,12,10,11,0,1.0000
41.620000,854,14.3841,0.405323,1.858106,35.4881,7.7413,1.0728,200,19,19,19,171,9,12,12,12,10,18,1,0.9474
41.670000,855,14.4789,0.409861,1.869484,35.3263,7.7448,1.0735,200,10,10,10,90,9,12,12,12,10,9,1,0.9000
41.720000,856,14.5812,0.414160,1.878234,35.2066,7.7632,1.0697,200,13,13,13,117,9,12,12,12,10,5,8,0.3846
41.770000,857,14.6853,0.418581,1.887488,35.0836,7.7804,1.0708,200,25,25,25,225,9,12,12,12,10,6,19,0.2400
41.820000,858,14.7654,0.419179,1.894425,35.2246,7.7941,1.0757,200,10,10,10,90,9,12,12,12,10,2,8,0.2000
41.870000,859,14.8595,0.423825,1.906298,35.0605,7.7950,1.0798,200,17,17,17,153,9,12,12,12,10,0,17,0.0000
41.920000,860,14.9541,0.428508,1.918228,34.8981,7.7958,1.0723,200,18,18,18,162,9,12,12,12,10,0,18,0.0000
41.970000,861,15.0488,0.433225,1.930205,34.7367,7.7965,1.0717,200,16,16,16,144,9,12,12,12,10,5,11,0.3125
42.020000,862,15.1406,0.437951,1.941248,34.5714,7.7994,1.0641,200,15,15,15,135,9,12,12,12,10,5,10,0.3333
42.070000,863,15.2353,0.442734,1.953267,34.4117,7.7999,1.0747,200,16,16,16,144,9,12,12,12,10,5,11,0.3125
42.120000,864,15.3284,0.447548,1.965270,34.2497,7.7996,1.0674,200,30,30,30,270,9,12,12,12,10,13,17,0.4333
42.170000,865,15.4221,0.452392,1.977334,34.0900,7.7994,1.0890,200,11,11,11,99,9,12,12,12,10,6,5,0.5455
42.220000,866,15.5180,0.457291,1.989582,33.9347,7.7996,1.0836,200,19,19,19,171,9,12,12,12,10,3,16,0.1579
42.270000,867,15.6111,0.462142,2.001556,33.7798,7.7995,1.0808,200,10,10,10,90,9,12,12,12,10,3,7,0.3000
42.320000,868,15.7028,0.467082,2.013721,33.6189,7.7979,1.0690,200,13,13,13,117,9,12,12,12,10,2,11,0.1538
42.370000,869,15.7992,0.471799,2.024152,33.4872,7.8054,1.0770,200,25,25,25,225,9,12,12,12,10,4,21,0.1600
42.420000,870,15.9006,0.476795,2.035834,33.3490,7.8104,1.0795,200,10,10,10,90,9,12,12,12,10,6,4,0.6000
42.470000,871,16.0046,0.481868,2.048319,33.2136,7.8135,1.0793,200,17,17,17,153,9,12,12,12,10,10,7,0.5882
42.520000,872,16.1055,0.486980,2.060897,33.0723,7.8148,1.0801,200,18,18,18,162,9,12,12,12,10,7,11,0.3889
42.570000,873,16.2077,0.492127,2.073503,32.9340,7.8166,1.0807,200,16,16,16,144,9,12,12,12,10,12,4,0.7500
42.620000,874,16.3067,0.497275,2.085983,32.7921,7.8173,1.0961,200,15,15,15,135,9,12,12,12,10,10,5,0.6667
42.670000,875,16.4169,0.502472,2.095831,32.6722,7.8331,1.0834,200,16,16,16,144,9,12,12,12,10,7,9,0.4375
42.720000,876,16.5158,0.507636,2.108306,32.5349,7.8337,1.0788,200,30,30,30,270,9,12,12,12,10,20,10,0.6667
42.770000,877,16.6163,0.512914,2.121030,32.3958,7.8341,1.0791,200,11,11,11,99,9,12,12,12,10,9,2,0.8182
42.820000,878,16.7176,0.518224,2.133908,32.2593,7.8342,1.1032,200,19,19,19,171,9,12,12,12,10,15,4,0.7895
42.870000,879,16.8171,0.523567,2.146729,32.1203,7.8338,1.0893,200,10,10,10,90,9,12,12,12,10,7,3,0.7000
42.920000,880,16.9181,0.528944,2.159623,31.9847,7.8338,1.0912,200,13,13,13,117,9,12,12,12,10,7,6,0.5385
42.970000,881,17.0261,0.534269,2.172052,31.8681,7.8387,1.0944,200,25,25,25,225,9,12,12,12,10,19,6,0.7600
43.020000,882,17.1291,0.539731,2.185114,31.7363,7.8390,1.0824,200,10,10,10,90,9,12,12,12,10,8,2,0.8000
43.070000,883,17.2337,0.545207,2.198133,31.6094,7.8401,1.0970,200,17,17,17,153,9,12,12,12,10,16,1,0.9412
43.120000,884,17.2824,0.548338,2.159844,31.5179,8.0017,1.0913,200,18,18,18,162,9,12,12,12,10,14,4,0.7778
43.170000,885,17.3885,0.553891,2.172796,31.3933,8.0028,1.1040,200,16,16,16,144,9,12,12,12,10,13,3,0.8125
43.220000,886,17.4978,0.559439,2.185609,31.2775,8.0059,1.0874,200,15,15,15,135,9,12,12,12,10,8,7,0.5333
43.270000,887,17.6057,0.565068,2.198634,31.1567,8.0075,1.0887,200,16,16,16,144,9,12,12,12,10,7,9,0.4375
43.320000,888,17.7113,0.570553,2.211294,31.0424,8.0095,1.0984,200,31,31,30,279,9,12,12,12,10,19,12,0.6129
43.370000,889,17.8183,0.576170,2.222828,30.9255,8.0161,1.0953,200,11,11,11,99,9,12,12,12,10,9,2,0.8182
43.420000,890,17.9161,0.581878,2.233039,30.7901,8.0232,1.0972,200,19,19,19,171,9,12,12,12,10,11,8,0.5789
43.470000,891,18.0233,0.587640,2.246170,30.6706,8.0240,1.0816,200,10,10,9,84,9,12,12,12,10,6,4,0.6000
43.520000,892,18.1227,0.592927,2.253163,30.5649,8.0432,1.0035,200,13,13,13,117,9,12,12,12,10,6,7,0.4615
43.570000,893,17.8369,0.594777,2.228520,29.9892,8.0039,1.0668,200,26,26,25,233,9,12,12,12,10,20,6,0.7692
43.620000,894,18.0233,0.599341,2.238117,30.0719,8.0529,1.0491,200,12,12,11,107,9,12,10,12,10,11,1,0.9167
43.670000,895,18.1361,0.605148,2.251214,29.9696,8.0561,1.0971,200,17,17,17,153,9,12,12,12,10,17,0,1.0000
43.720000,896,18.2509,0.610908,2.264342,29.8750,8.0601,1.0792,200,19,19,17,161,9,12,12,12,10,19,0,1.0000
43.770000,897,18.4929,0.613878,2.269446,30.1247,8.1486,1.0998,200,17,17,15,149,9,12,12,12,10,16,1,0.9412
43.820000,898,18.5862,0.619727,2.282600,29.9909,8.1425,1.1383,200,13,13,13,117,9,12,12,12,10,12,1,0.9231
43.870000,899,18.7658,0.623528,2.291986,30.0962,8.1876,1.1116,200,16,16,16,144,9,12,12,12,10,14,2,0.8750
43.920000,900,18.4228,0.610141,2.296266,30.1943,8.0229,1.0755,200,30,30,29,268,9,12,12,12,10,27,3,0.9000
43.970000,901,17.0104,0.610692,2.299828,27.8543,7.3964,0.8881,200,14,14,11,119,9,12,12,12,10,13,1,0.9286
44.020000,902,14.8416,0.597255,2.189445,24.8496,6.7787,0.8470,200,22,22,20,190,9,12,10,12,10,20,2,0.9091
44.070000,903,11.4758,0.534485,2.033456,21.4708,5.6435,0.5011,200,15,15,9,112,9,12,11,12,10,15,0,1.0000
44.120000,904,6.6896,0.428309,1.671093,15.6187,4.0031,0.3343,200,10,10,7,87,9,12,12,12,10,10,0,1.0000
44.170000,905,6.3164,0.392082,1.394255,16.1099,4.5303,0.3678,200,36,36,26,291,9,12,10,12,10,35,1,0.9722
44.220000,906,0.4983,0.302021,0.728741,1.6500,0.6838,nan,200,21,21,13,167,9,12,10,12,10,19,2,0.9048
44.270000,907,0.6149,0.211971,0.674731,2.9011,0.9114,0.1468,200,18,18,16,157,9,12,12,12,10,9,9,0.5000
44.320000,908,0.4924,0.208902,0.666878,2.3570,0.7383,0.2225,200,15,15,10,110,9,12,11,12,10,9,6,0.6000
44.370000,909,0.9375,0.199043,0.648868,4.7101,1.4449,0.3135,200,18,18,13,145,9,12,10,12,10,9,9,0.5000
44.420000,910,1.5951,0.194525,0.629492,8.1999,2.5339,0.2720,200,13,13,9,102,9,12,12,12,10,13,0,1.0000
44.470000,911,1.9480,0.191735,0.616612,10.1597,3.1592,0.3628,200,13,13,13,117,9,12,12,12,10,13,0,1.0000
44.520000,912,2.1253,0.190730,0.586106,11.1432,3.6262,0.4526,200,24,24,24,216,9,12,12,12,10,24,0,1.0000
44.570000,913,2.2044,0.190449,0.573775,11.5747,3.8419,0.5163,200,6,6,6,54,9,12,12,12,10,6,0,1.0000
44.620000,914,2.0805,0.190163,0.560009,10.9408,3.7152,0.5234,200,18,18,16,150,9,12,12,12,10,18,0,1.0000
44.670000,915,1.9690,0.189903,0.553953,10.3684,3.5544,0.5274,200,10,10,9,85,9,12,12,12,10,10,0,1.0000
44.720000,916,1.8840,0.189028,0.547268,9.9669,3.4426,0.5358,200,11,11,10,95,9,12,12,12,10,11,0,1.0000
44.770000,917,1.5789,0.188463,0.538007,8.3780,2.9348,0.5853,200,28,28,28,252,9,12,12,12,10,28,0,1.0000
44.820000,918,1.1905,0.187395,0.526291,6.3531,2.2621,0.6485,200,12,12,12,108,9,12,12,12,10,12,0,1.0000
44.870000,919,0.9279,0.186335,0.515329,4.9798,1.8006,0.7413,200,21,21,21,189,9,12,12,12,10,21,0,1.0000
44.920000,920,0.9436,0.184496,0.505083,5.1142,1.8681,0.7655,200,19,19,13,163,9,12,11,12,10,19,0,1.0000
44.970000,921,0.9048,0.183754,0.500842,4.9237,1.8065,0.8010,200,24,24,23,210,9,12,11,12,10,23,1,0.9583
45.020000,922,0.9306,0.182927,0.496285,5.0871,1.8751,0.7886,200,22,22,19,187,9,12,10,12,10,22,0,1.0000
45.070000,923,0.9857,0.181610,0.491898,5.4276,2.0039,0.8329,200,21,21,17,175,9,12,11,12,10,20,1,0.9524
45.120000,924,1.0080,0.180377,0.488648,5.5882,2.0628,0.8195,200,22,22,18,182,9,12,10,12,10,22,0,1.0000
45.170000,925,1.0221,0.179569,0.487133,5.6919,2.0982,0.8241,200,9,9,7,74,9,12,11,12,10,9,0,1.0000
45.220000,926,1.0818,0.178384,0.483672,6.0642,2.2366,0.8107,200,19,19,15,155,9,12,10,12,10,19,0,1.0000
45.270000,927,1.1382,0.177547,0.482636,6.4105,2.3582,0.7752,200,10,10,8,81,9,12,12,12,10,9,1,0.9000
45.320000,928,1.0637,0.174749,0.480331,6.0867,2.2144,0.7986,200,10,10,8,80,9,12,12,12,10,10,0,1.0000
45.370000,929,1.0649,0.173516,0.478711,6.1375,2.2246,0.7827,200,32,32,27,272,9,12,10,12,10,32,0,1.0000
45.420000,930,1.0904,0.172356,0.477151,6.3267,2.2853,0.7522,200,18,18,13,154,9,12,10,12,10,18,0,1.0000
45.470000,931,1.0997,0.172039,0.476654,6.3921,2.3071,0.7543,200,17,17,15,142,9,12,12,12,10,15,2,0.8824
45.520000,932,1.1185,0.171852,0.476326,6.5086,2.3482,0.7410,200,9,9,9,81,9,12,12,12,10,9,0,1.0000
45.570000,933,1.1586,0.170908,0.475534,6.7792,2.4365,0.6911,200,19,19,18,165,9,12,12,12,10,19,0,1.0000
45.620000,934,1.1809,0.169964,0.474762,6.9480,2.4874,0.6919,200,14,14,13,123,9,12,12,12,10,14,0,1.0000
45.670000,935,1.2084,0.169680,0.474359,7.1215,2.5474,0.6766,200,24,24,23,211,9,12,12,12,10,24,0,1.0000
45.720000,936,1.2553,0.167957,0.472946,7.4738,2.6542,0.6425,200,22,22,20,195,9,12,12,12,10,22,0,1.0000
45.770000,937,1.2831,0.167360,0.472395,7.6667,2.7162,0.6503,200,9,9,9,81,9,12,12,12,10,9,0,1.0000
45.820000,938,1.2999,0.167170,0.472195,7.7760,2.7529,0.6451,200,18,18,17,156,9,12,12,12,10,18,0,1.0000
45.870000,939,1.3131,0.166164,0.471510,7.9024,2.7849,0.6344,200,12,12,11,107,9,12,12,12,10,12,0,1.0000
45.920000,940,1.3077,0.165843,0.471284,7.8851,2.7747,0.6157,200,9,9,7,80,9,12,12,12,10,9,0,1.0000
45.970000,941,1.3102,0.165368,0.470906,7.9231,2.7823,0.6203,200,32,32,31,285,9,12,12,12,10,32,0,1.0000
46.020000,942,1.3159,0.164950,0.470480,7.9775,2.7969,0.5901,200,17,17,15,143,9,12,12,12,10,17,0,1.0000
46.070000,943,1.3153,0.164599,0.470072,7.9911,2.7982,0.6161,200,17,17,17,153,9,12,12,12,10,17,0,1.0000
46.120000,944,1.3179,0.164386,0.469773,8.0168,2.8053,0.6267,200,12,12,10,104,9,12,10,12,10,12,0,1.0000
46.170000,945,1.3303,0.163686,0.469286,8.1273,2.8348,0.6145,200,21,21,18,181,9,12,12,12,10,20,1,0.9524
46.220000,946,1.3304,0.163575,0.469162,8.1334,2.8357,0.6049,200,15,15,13,133,9,12,12,12,10,15,0,1.0000
46.270000,947,1.4262,0.163011,0.468525,8.7488,3.0439,0.6275,200,26,26,25,234,9,12,10,12,10,26,0,1.0000
46.320000,948,1.4195,0.162835,0.468331,8.7176,3.0311,0.6224,200,21,21,21,189,9,12,12,12,10,21,0,1.0000
46.370000,949,1.4128,0.162628,0.468084,8.6876,3.0184,0.6391,200,8,8,7,68,9,12,12,12,10,8,0,1.0000
46.420000,950,1.4103,0.162559,0.467996,8.6757,3.0135,0.6323,200,13,13,13,117,9,12,12,12,10,13,0,1.0000
46.470000,951,1.3976,0.162419,0.467844,8.6046,2.9872,0.6295,200,9,9,9,81,9,12,12,12,10,9,0,1.0000
46.520000,952,1.3810,0.162338,0.467765,8.5068,2.9523,0.6048,200,10,10,8,81,9,12,11,12,10,10,0,1.0000
46.570000,953,1.3957,0.162135,0.467631,8.6085,2.9847,0.6220,200,33,33,33,297,9,12,11,12,10,33,0,1.0000
46.620000,954,1.4028,0.162012,0.467544,8.6586,3.0004,0.6390,200,18,18,15,148,9,12,12,12,10,18,0,1.0000
46.670000,955,1.4054,0.161959,0.467502,8.6772,3.0061,0.6380,200,17,17,16,149,9,12,12,12,10,17,0,1.0000
46.720000,956,1.4080,0.161906,0.467455,8.6962,3.0120,0.6530,200,11,11,10,93,9,12,12,12,10,11,0,1.0000
46.770000,957,1.4167,0.161810,0.467395,8.7551,3.0310,0.6419,200,20,20,20,180,9,12,12,12,10,19,1,0.9500
46.820000,958,1.4334,0.161607,0.467245,8.8698,3.0678,0.6654,200,17,17,16,153,9,12,12,12,10,16,1,0.9412
46.870000,959,1.4331,0.161560,0.467208,8.8702,3.0673,0.6327,200,29,29,26,250,9,12,11,12,10,28,1,0.9655
46.920000,960,1.4316,0.161504,0.467171,8.8644,3.0645,0.5960,200,23,23,19,194,9,12,12,12,10,23,0,1.0000
46.970000,961,1.4335,0.161443,0.467127,8.8790,3.0687,0.6318,200,12,12,8,96,9,12,12,12,10,12,0,1.0000
47.020000,962,1.4349,0.161413,0.467102,8.8894,3.0718,0.6803,200,18,18,13,145,9,12,12,12,10,18,0,1.0000
47.070000,963,1.4320,0.161371,0.467065,8.8741,3.0660,0.5539,200,17,17,8,114,9,12,12,12,10,15,2,0.8824
47.120000,964,1.4269,0.161339,0.467037,8.8443,3.0553,0.6408,200,8,8,7,70,9,12,12,12,10,8,0,1.0000
47.170000,965,1.4276,0.161294,0.466988,8.8511,3.0571,0.6537,200,32,32,29,278,9,12,11,12,10,32,0,1.0000
47.220000,966,1.4220,0.161244,0.466942,8.8188,3.0453,0.6358,200,21,21,17,184,9,12,10,12,10,20,1,0.9524
47.270000,967,1.4232,0.161204,0.466902,8.8286,3.0482,0.6280,200,14,14,14,126,9,12,12,12,10,14,0,1.0000
47.320000,968,1.4245,0.161191,0.466889,8.8374,3.0511,0.6826,200,13,13,10,115,9,12,11,12,10,13,0,1.0000
47.370000,969,1.4267,0.161143,0.466852,8.8536,3.0560,0.6251,200,12,12,10,106,9,12,12,12,10,12,0,1.0000
47.420000,970,1.4304,0.161064,0.466791,8.8812,3.0644,0.6336,200,23,23,15,182,9,12,12,12,10,23,0,1.0000
47.470000,971,1.4379,0.161011,0.466747,8.9307,3.0808,0.6456,200,19,19,16,159,9,12,10,12,10,18,1,0.9474
47.520000,972,1.4473,0.160959,0.466702,8.9920,3.1012,0.6578,200,24,24,21,205,9,12,10,12,10,24,0,1.0000
47.570000,973,1.4478,0.160963,0.466700,8.9945,3.1022,0.6573,200,11,11,8,81,9,12,12,12,10,10,1,0.9091
47.620000,974,1.4486,0.160970,0.466699,8.9990,3.1039,0.6322,200,14,14,13,121,9,12,12,12,10,14,0,1.0000
47.670000,975,1.4461,0.160972,0.466695,8.9835,3.0986,0.6411,200,14,14,12,120,9,12,10,12,10,14,0,1.0000
47.720000,976,1.4462,0.160980,0.466696,8.9834,3.0987,0.6496,200,13,13,11,110,9,12,12,12,10,13,0,1.0000
47.770000,977,1.4489,0.160990,0.466699,9.0001,3.1046,0.6346,200,29,29,28,255,9,12,10,12,10,29,0,1.0000
47.820000,978,1.4493,0.161001,0.466704,9.0017,3.1054,0.6441,200,12,12,11,107,9,12,12,12,10,12,0,1.0000
47.870000,979,1.4512,0.161013,0.466708,9.0130,3.1095,0.6396,200,22,22,20,189,9,12,12,12,10,22,0,1.0000
47.920000,980,1.4532,0.161028,0.466710,9.0243,3.1136,0.6337,200,16,16,12,130,9,12,12,12,10,16,0,1.0000
47.970000,981,1.4526,0.161044,0.466717,9.0201,3.1124,0.5731,200,15,15,12,126,9,12,12,12,10,15,0,1.0000
48.020000,982,1.4523,0.161063,0.466727,9.0170,3.1117,0.6637,200,18,18,17,160,9,12,10,12,10,18,0,1.0000
48.070000,983,1.4501,0.161083,0.466738,9.0021,3.1068,0.6190,200,16,16,15,139,9,12,12,12,10,16,0,1.0000
48.120000,984,1.4485,0.161103,0.466748,8.9910,3.1033,0.6143,200,22,22,19,185,9,12,12,12,10,22,0,1.0000
48.170000,985,1.4470,0.161121,0.466759,8.9811,3.1002,0.6299,200,11,11,9,90,9,12,12,12,10,11,0,1.0000
48.220000,986,1.4458,0.161141,0.466772,8.9725,3.0975,0.6296,200,15,15,14,130,9,12,12,12,10,15,0,1.0000
48.270000,987,1.4440,0.161159,0.466783,8.9601,3.0935,0.6370,200,17,17,16,147,9,12,11,12,10,17,0,1.0000
48.320000,988,1.4439,0.161182,0.466799,8.9580,3.0931,0.7094,200,14,14,12,121,9,12,12,12,10,14,0,1.0000
48.370000,989,1.4406,0.161206,0.466814,8.9365,3.0861,0.6525,200,29,29,27,252,9,12,12,12,10,29,0,1.0000
48.420000,990,1.4401,0.161229,0.466829,8.9322,3.0849,0.6140,200,13,13,11,111,9,12,12,12,10,13,0,1.0000
48.470000,991,1.4374,0.161256,0.466846,8.9139,3.0790,0.6587,200,18,18,17,157,9,12,12,12,10,16,2,0.8889
48.520000,992,1.4388,0.161281,0.466861,8.9212,3.0819,0.6971,200,18,18,14,147,9,12,12,12,10,17,1,0.9444
48.570000,993,1.4391,0.161306,0.466874,8.9213,3.0823,0.6684,200,21,21,20,189,9,12,12,12,10,20,1,0.9524
48.620000,994,1.4414,0.161331,0.466889,8.9342,3.0871,0.6879,200,18,18,16,158,9,12,10,12,10,18,0,1.0000
48.670000,995,1.4408,0.161360,0.466906,8.9291,3.0858,0.6645,200,21,21,15,174,9,12,12,12,10,21,0,1.0000
48.720000,996,1.4419,0.161388,0.466925,8.9346,3.0882,0.6204,200,27,27,20,210,9,12,11,12,10,25,2,0.9259
48.770000,997,1.4431,0.161418,0.466945,8.9404,3.0906,0.6781,200,11,11,8,90,9,12,11,12,10,11,0,1.0000
48.820000,998,1.4448,0.161452,0.466970,8.9485,3.0939,0.6612,200,18,18,10,133,9,12,10,12,10,17,1,0.9444
48.870000,999,1.4429,0.161486,0.466992,8.9352,3.0898,0.6723,200,19,19,14,155,9,12,10,12,10,17,2,0.8947
48.920000,1000,1.4447,0.161518,0.467011,8.9448,3.0936,0.6810,200,18,18,14,152,9,12,11,12,10,18,0,1.0000
48.970000,1001,1.4479,0.161553,0.467032,8.9625,3.1003,0.5398,200,24,24,21,203,9,12,12,12,10,24,0,1.0000
49.020000,1002,1.4457,0.161584,0.467040,8.9471,3.0955,0.8188,200,17,17,13,141,9,12,12,12,10,15,2,0.8824
49.070000,1003,1.4443,0.161625,0.467066,8.9359,3.0922,0.7359,200,17,17,14,144,9,12,10,12,10,17,0,1.0000
49.120000,1004,1.4424,0.161661,0.467079,8.9224,3.0881,0.7674,200,17,17,10,129,9,12,12,12,10,17,0,1.0000
49.170000,1005,1.4435,0.161703,0.467101,8.9268,3.0903,0.7675,200,19,19,17,171,9,12,11,12,10,19,0,1.0000
49.220000,1006,1.4427,0.161746,0.467129,8.9198,3.0885,0.7797,200,14,14,12,124,9,12,12,12,10,14,0,1.0000
49.270000,1007,1.4390,0.161792,0.467156,8.8941,3.0803,0.7957,200,19,19,17,166,9,12,11,12,10,19,0,1.0000
49.320000,1008,1.4382,0.161838,0.467183,8.8866,3.0784,0.8597,200,20,20,17,174,9,12,12,12,10,20,0,1.0000
49.370000,1009,1.4370,0.161886,0.467216,8.8765,3.0756,0.7880,200,12,12,6,83,9,12,11,12,10,12,0,1.0000
49.420000,1010,1.4389,0.161937,0.467249,8.8857,3.0796,0.8330,200,10,10,10,90,9,12,11,12,10,10,0,1.0000
49.470000,1011,1.4643,0.161921,0.467204,9.0434,3.1342,0.8583,200,13,13,12,111,9,12,12,12,10,13,0,1.0000
49.520000,1012,1.4799,0.161949,0.467214,9.1378,3.1674,0.9399,200,17,17,14,145,9,12,12,12,10,16,1,0.9412
49.570000,1013,1.4816,0.161993,0.467240,9.1463,3.1710,0.9425,200,26,26,24,229,9,12,10,12,10,25,1,0.9615
49.620000,1014,1.4921,0.162026,0.467254,9.2088,3.1933,0.9580,200,15,15,14,134,9,12,12,12,10,15,0,1.0000
49.670000,1015,1.4956,0.162061,0.467268,9.2287,3.2008,0.9797,200,16,16,16,144,9,12,10,12,10,16,0,1.0000
49.720000,1016,1.5002,0.162090,0.467252,9.2556,3.2108,0.9665,200,17,17,17,153,9,12,11,12,10,17,0,1.0000
49.770000,1017,1.5023,0.162129,0.467262,9.2659,3.2150,0.9819,200,19,19,19,171,9,12,12,12,10,19,0,1.0000
49.820000,1018,1.5079,0.162170,0.467284,9.2984,3.2270,0.9756,200,13,13,12,112,9,12,12,12,10,12,1,0.9231
49.870000,1019,1.5053,0.162203,0.467278,9.2804,3.2215,0.9873,200,20,20,17,172,9,12,12,12,10,20,0,1.0000
49.920000,1020,1.5008,0.162239,0.467281,9.2505,3.2118,0.9928,200,20,20,20,180,9,12,12,12,10,20,0,1.0000
49.970000,1021,1.5036,0.162281,0.467307,9.2655,3.2176,0.9930,200,9,9,9,81,9,12,12,12,10,9,0,1.0000
50.020000,1022,1.4898,0.162319,0.467284,9.1783,3.1882,0.9727,200,15,15,14,131,9,12,12,12,10,14,1,0.9333
50.070000,1023,1.4765,0.162321,0.467201,9.0960,3.1603,1.0042,200,16,16,15,141,9,12,12,12,10,16,0,1.0000
50.120000,1024,1.4712,0.162358,0.467206,9.0616,3.1490,1.0319,200,17,17,14,146,9,12,12,12,10,17,0,1.0000
50.170000,1025,1.4736,0.162397,0.467231,9.0740,3.1539,1.0171,200,24,24,24,216,9,12,12,12,10,24,0,1.0000
50.220000,1026,1.4688,0.162437,0.467241,9.0425,3.1436,1.0166,200,18,18,17,159,9,12,10,12,10,17,1,0.9444
50.270000,1027,1.4714,0.162477,0.467269,9.0563,3.1490,1.0407,200,17,17,17,153,9,12,12,12,10,17,0,1.0000
50.320000,1028,1.4749,0.162518,0.467296,9.0751,3.1562,1.0144,200,19,19,17,165,9,12,10,12,10,19,0,1.0000
50.370000,1029,1.4755,0.162559,0.467324,9.0769,3.1574,1.0270,200,19,19,17,162,9,12,12,12,10,18,1,0.9474
50.420000,1030,1.4789,0.162602,0.467355,9.0953,3.1644,1.0303,200,12,12,11,106,9,12,12,12,10,12,0,1.0000
50.470000,1031,1.4794,0.162643,0.467379,9.0958,3.1652,1.0374,200,21,21,19,186,9,12,12,12,10,21,0,1.0000
50.520000,1032,1.4811,0.162684,0.467401,9.1043,3.1688,1.0554,200,22,22,19,194,9,12,12,12,10,22,0,1.0000
50.570000,1033,1.4830,0.162728,0.467432,9.1135,3.1727,1.0329,200,10,10,10,90,9,12,12,12,10,10,0,1.0000
50.620000,1034,1.4848,0.162770,0.467455,9.1223,3.1764,1.0419,200,12,12,10,99,9,12,11,12,10,12,0,1.0000
50.670000,1035,1.4858,0.162813,0.467481,9.1256,3.1782,1.0452,200,13,13,12,114,9,12,12,12,10,13,0,1.0000
50.720000,1036,1.4861,0.162857,0.467505,9.1255,3.1789,1.0475,200,17,17,16,148,9,12,12,12,10,17,0,1.0000
50.770000,1037,1.4811,0.162898,0.467499,9.0921,3.1681,1.0498,200,24,24,22,215,9,12,12,12,10,23,1,0.9583
50.820000,1038,1.4815,0.162942,0.467518,9.0922,3.1689,1.0458,200,19,19,19,171,9,12,12,12,10,19,0,1.0000
50.870000,1039,1.4771,0.162988,0.467524,9.0628,3.1594,1.0699,200,18,18,17,157,9,12,10,12,10,18,0,1.0000
50.920000,1040,1.4750,0.163032,0.467545,9.0476,3.1549,1.0712,200,17,17,17,153,9,12,12,12,10,17,0,1.0000
50.970000,1041,1.4738,0.163080,0.467572,9.0374,3.1521,1.0638,200,13,13,13,117,9,12,12,12,10,13,0,1.0000
51.020000,1042,1.4747,0.163130,0.467603,9.0402,3.1538,1.0549,200,15,15,15,135,9,12,12,12,10,15,0,1.0000
51.070000,1043,1.4690,0.163180,0.467624,9.0025,3.1415,1.0711,200,22,22,19,188,9,12,12,12,10,22,0,1.0000
51.120000,1044,1.4688,0.163232,0.467656,8.9981,3.1407,1.0897,200,21,21,20,187,9,12,12,12,10,21,0,1.0000
51.170000,1045,1.4700,0.163288,0.467691,9.0027,3.1432,1.0891,200,11,11,11,99,9,12,11,12,10,11,0,1.0000
51.220000,1046,1.4707,0.163345,0.467732,9.0036,3.1443,1.0738,200,10,10,10,90,9,12,12,12,10,10,0,1.0000
51.270000,1047,1.4699,0.163403,0.467770,8.9957,3.1424,1.0985,200,13,13,13,117,9,12,12,12,10,13,0,1.0000
51.320000,1048,1.4680,0.163461,0.467807,8.9806,3.1380,1.1270,200,19,19,18,171,9,12,12,12,10,19,0,1.0000
51.370000,1049,1.4646,0.163520,0.467842,8.9568,3.1306,1.0751,200,20,20,20,180,9,12,12,12,10,20,0,1.0000
51.420000,1050,1.4634,0.163580,0.467877,8.9462,3.1278,1.0957,200,19,19,19,171,9,12,12,12,10,19,0,1.0000
51.470000,1051,1.4636,0.163641,0.467916,8.9443,3.1280,1.0800,200,19,19,18,168,9,12,12,12,10,19,0,1.0000
51.520000,1052,1.4627,0.163703,0.467953,8.9351,3.1257,1.0736,200,17,17,17,153,9,12,12,12,10,17,0,1.0000
51.570000,1053,1.4628,0.163766,0.467998,8.9321,3.1256,1.0738,200,14,14,14,126,9,12,12,12,10,14,0,1.0000
51.620000,1054,1.4632,0.163831,0.468043,8.9314,3.1263,1.0566,200,16,16,15,140,9,12,12,12,10,16,0,1.0000
51.670000,1055,1.4598,0.163897,0.468077,8.9066,3.1186,1.0365,200,23,23,20,194,9,12,12,12,10,23,0,1.0000
51.720000,1056,1.4589,0.163964,0.468115,8.8977,3.1165,1.0274,200,27,27,24,237,9,12,10,12,10,27,0,1.0000
51.770000,1057,1.4601,0.164036,0.468167,8.9013,3.1188,1.0168,200,13,13,10,109,9,12,12,12,10,11,2,0.8462
51.820000,1058,1.4615,0.164108,0.468210,8.9055,3.1214,0.8734,200,12,12,9,94,9,12,11,12,10,12,0,1.0000
51.870000,1059,1.4620,0.164182,0.468242,8.9048,3.1224,1.0227,200,16,16,11,125,9,12,12,12,10,15,1,0.9375
51.920000,1060,1.4649,0.164258,0.468271,8.9181,3.1283,1.0056,200,20,20,19,177,9,12,10,12,10,18,2,0.9000
51.970000,1061,1.4660,0.164332,0.468271,8.9212,3.1307,1.0190,200,21,21,20,188,9,12,10,12,10,20,1,0.9524
52.020000,1062,1.4688,0.164417,0.468309,8.9333,3.1363,0.8961,200,16,16,16,144,9,12,12,12,10,16,0,1.0000
52.070000,1063,1.4703,0.164506,0.468317,8.9376,3.1395,0.9980,200,15,15,14,132,9,12,12,12,10,15,0,1.0000
52.120000,1064,1.4701,0.164602,0.468359,8.9314,3.1389,1.0213,200,17,17,15,149,9,12,12,12,10,17,0,1.0000
52.170000,1065,1.4707,0.164702,0.468415,8.9295,3.1398,1.0356,200,23,23,17,188,9,12,10,12,10,21,2,0.9130
52.220000,1066,1.4708,0.164808,0.468468,8.9241,3.1395,0.9891,200,10,10,10,90,9,12,12,12,10,9,1,0.9000
52.270000,1067,1.4714,0.164915,0.468518,8.9222,3.1406,1.0577,200,14,14,14,126,9,12,12,12,10,13,1,0.9286
52.320000,1068,1.4665,0.165020,0.468544,8.8867,3.1299,1.0368,200,18,18,18,162,9,12,12,12,10,18,0,1.0000
52.370000,1069,1.4672,0.165132,0.468601,8.8853,3.1311,1.0743,200,14,14,11,112,9,12,12,12,10,12,2,0.8571
52.420000,1070,1.4700,0.165252,0.468662,8.8958,3.1367,1.0689,200,10,10,9,86,9,12,12,12,10,9,1,0.9000
52.470000,1071,1.4696,0.165368,0.468713,8.8870,3.1354,1.0716,200,17,17,14,144,9,12,12,12,10,14,3,0.8235
52.520000,1072,1.4690,0.165485,0.468758,8.8770,3.1338,1.0395,200,22,22,21,196,9,12,12,12,10,22,0,1.0000
52.570000,1073,1.4643,0.165603,0.468812,8.8424,3.1235,1.0855,200,21,21,19,183,9,12,12,12,10,21,0,1.0000
52.620000,1074,1.4647,0.165733,0.468881,8.8375,3.1238,1.0809,200,15,15,15,135,9,12,12,12,10,14,1,0.9333
52.670000,1075,1.4619,0.165869,0.468945,8.8137,3.1174,1.1008,200,21,21,20,186,9,12,10,12,10,18,3,0.8571
52.720000,1076,1.4603,0.166005,0.469006,8.7969,3.1137,1.0944,200,18,18,18,162,9,12,11,12,10,17,1,0.9444
52.770000,1077,1.4598,0.166143,0.469077,8.7864,3.1121,1.1009,200,19,19,19,171,9,12,12,12,10,19,0,1.0000
52.820000,1078,1.4592,0.166297,0.469164,8.7746,3.1102,1.1287,200,12,12,11,104,9,12,12,12,10,12,0,1.0000
52.870000,1079,1.4578,0.166448,0.469241,8.7584,3.1068,1.1132,200,15,15,14,129,9,12,12,12,10,15,0,1.0000
52.920000,1080,1.4590,0.166599,0.469318,8.7577,3.1088,1.1098,200,18,18,18,162,9,12,12,12,10,18,0,1.0000
52.970000,1081,1.4606,0.166764,0.469409,8.7586,3.1116,1.0968,200,15,15,11,123,9,12,12,12,10,15,0,1.0000
53.020000,1082,1.4612,0.166938,0.469509,8.7529,3.1122,1.1031,200,10,10,9,90,9,12,12,12,10,10,0,1.0000
53.070000,1083,1.4641,0.167117,0.469603,8.7612,3.1178,1.0908,200,15,15,14,134,9,12,12,12,10,15,0,1.0000
53.120000,1084,1.4675,0.167293,0.469685,8.7723,3.1245,1.0906,200,23,23,22,205,9,12,12,12,10,23,0,1.0000
53.170000,1085,1.4660,0.167456,0.469756,8.7545,3.1207,1.0952,200,21,21,21,189,9,12,12,12,10,21,0,1.0000
53.220000,1086,1.4685,0.167619,0.469820,8.7609,3.1256,1.1036,200,21,21,19,183,9,12,10,12,10,21,0,1.0000
53.270000,1087,1.4698,0.167772,0.469874,8.7609,3.1281,1.0903,200,17,17,15,143,9,12,12,12,10,17,0,1.0000
53.320000,1088,1.4698,0.167916,0.469915,8.7530,3.1277,1.1016,200,23,23,17,186,9,12,12,12,10,23,0,1.0000
53.370000,1089,1.4715,0.168051,0.469937,8.7560,3.1312,1.0973,200,20,20,18,173,9,12,12,12,10,20,0,1.0000
53.420000,1090,1.4731,0.168250,0.470028,8.7554,3.1341,1.1060,200,13,13,13,117,9,12,10,12,10,13,0,1.0000
53.470000,1091,1.4717,0.168398,0.470089,8.7394,3.1307,1.0984,200,16,16,15,140,9,12,12,12,10,16,0,1.0000
53.520000,1092,1.4719,0.168534,0.470146,8.7336,3.1307,1.1163,200,17,17,14,144,9,12,12,12,10,17,0,1.0000
53.570000,1093,1.4697,0.168704,0.470221,8.7117,3.1256,1.1043,200,12,12,12,108,9,12,12,12,10,12,0,1.0000
53.620000,1094,1.4706,0.168877,0.470294,8.7082,3.1270,1.1022,200,9,9,8,80,9,12,12,12,10,9,0,1.0000
53.670000,1095,1.4706,0.169069,0.470381,8.6981,3.1264,1.0986,200,14,14,13,124,9,12,10,12,10,14,0,1.0000
53.720000,1096,1.4659,0.169102,0.470373,8.6687,3.1165,1.1046,200,22,22,19,193,9,12,11,12,10,22,0,1.0000
53.770000,1097,1.4599,0.169105,0.470372,8.6331,3.1037,1.0998,200,22,22,20,194,9,12,10,12,10,22,0,1.0000
53.820000,1098,1.4605,0.169246,0.470435,8.6296,3.1046,1.0727,200,19,19,18,171,9,12,11,12,10,19,0,1.0000
53.870000,1099,1.4610,0.169422,0.470526,8.6235,3.1051,1.0856,200,14,14,12,123,9,12,12,12,10,14,0,1.0000
53.920000,1100,1.4600,0.169594,0.470624,8.6089,3.1023,1.0873,200,19,19,18,171,9,12,12,12,10,19,0,1.0000
53.970000,1101,1.4598,0.169786,0.470731,8.5981,3.1012,1.0928,200,21,21,19,185,9,12,12,12,10,21,0,1.0000
54.020000,1102,1.4590,0.170004,0.470857,8.5824,3.0987,1.0531,200,16,16,14,136,9,12,12,12,10,16,0,1.0000
54.070000,1103,1.4594,0.170213,0.470983,8.5740,3.0986,1.0979,200,15,15,14,130,9,12,12,12,10,15,0,1.0000
54.120000,1104,1.4612,0.170438,0.471113,8.5734,3.1017,1.1051,200,16,16,13,137,9,12,12,12,10,16,0,1.0000
54.170000,1105,1.4593,0.170673,0.471255,8.5502,3.0966,1.1085,200,12,12,12,108,9,12,12,12,10,10,2,0.8333
54.220000,1106,1.4593,0.170903,0.471386,8.5385,3.0957,1.1131,200,16,16,12,130,9,12,12,12,10,16,0,1.0000
54.270000,1107,1.4596,0.171140,0.471523,8.5287,3.0955,1.1222,200,13,13,12,114,9,12,12,12,10,12,1,0.9231
54.320000,1108,1.4588,0.171280,0.471590,8.5172,3.0934,1.0945,200,32,32,24,255,9,12,10,12,10,31,1,0.9688
54.370000,1109,1.4617,0.171493,0.471716,8.5233,3.0987,1.1111,200,16,16,15,141,9,12,12,12,10,16,0,1.0000
54.420000,1110,1.4642,0.171693,0.471812,8.5278,3.1033,1.1048,200,22,22,19,187,9,12,12,12,10,22,0,1.0000
54.470000,1111,1.4663,0.171921,0.471932,8.5291,3.1071,1.1101,200,14,14,12,116,9,12,12,12,10,14,0,1.0000
54.520000,1112,1.4665,0.172155,0.472054,8.5184,3.1066,1.0575,200,24,24,21,205,9,12,11,12,10,23,1,0.9583
54.570000,1113,1.4695,0.172433,0.472210,8.5219,3.1119,1.1130,200,17,17,14,140,9,12,12,12,10,17,0,1.0000
54.620000,1114,1.4712,0.172721,0.472372,8.5179,3.1145,1.1143,200,18,18,15,147,9,12,10,12,10,18,0,1.0000
54.670000,1115,1.4731,0.173029,0.472546,8.5137,3.1174,1.1154,200,17,17,14,145,9,12,10,12,10,13,4,0.7647
54.720000,1116,1.4751,0.173348,0.472728,8.5095,3.1204,1.1066,200,13,13,12,116,9,12,12,12,10,13,0,1.0000
54.770000,1117,1.4750,0.173678,0.472915,8.4925,3.1189,1.1152,200,12,12,10,99,9,12,10,12,10,12,0,1.0000
54.820000,1118,1.4736,0.174014,0.473104,8.4684,3.1148,1.1323,200,12,12,10,106,9,12,11,12,10,12,0,1.0000
54.870000,1119,1.4762,0.174352,0.473295,8.4669,3.1190,1.1266,200,16,16,12,128,9,12,11,12,10,15,1,0.9375
54.920000,1120,1.4832,0.174598,0.473401,8.4950,3.1331,1.0925,200,32,32,26,276,9,12,10,12,10,32,0,1.0000
54.970000,1121,1.4860,0.174896,0.473553,8.4964,3.1379,1.0819,200,20,20,17,176,9,12,10,12,10,20,0,1.0000
55.020000,1122,1.4852,0.175081,0.473647,8.4832,3.1358,1.0593,200,18,18,17,160,9,12,10,12,10,18,0,1.0000
55.070000,1123,1.4834,0.175291,0.473755,8.4623,3.1311,1.0715,200,10,10,8,87,9,12,12,12,10,10,0,1.0000
55.120000,1124,1.4714,0.175179,0.473653,8.3992,3.1064,1.0660,200,25,25,22,218,9,12,10,12,10,25,0,1.0000
55.170000,1125,1.4730,0.175191,0.473614,8.4082,3.1102,1.0966,200,20,20,14,158,9,12,10,12,10,20,0,1.0000
55.220000,1126,1.4677,0.174828,0.473345,8.3950,3.1006,1.0971,200,20,20,15,164,9,12,11,12,10,19,1,0.9500
55.270000,1127,1.4616,0.174850,0.473354,8.3591,3.0877,1.0910,200,19,19,13,151,9,12,10,12,10,19,0,1.0000
55.320000,1128,1.4539,0.174620,0.473179,8.3261,3.0726,1.1280,200,18,18,13,142,9,12,11,12,10,18,0,1.0000
55.370000,1129,1.4627,0.174706,0.473244,8.3726,3.0909,1.0987,200,21,21,5,145,9,12,12,12,10,21,0,1.0000
55.420000,1130,1.4597,0.174854,0.473323,8.3482,3.0840,1.0906,200,23,23,12,162,9,12,10,12,10,23,0,1.0000
55.470000,1131,1.4628,0.174871,0.473341,8.3649,3.0903,1.0669,200,23,23,18,195,9,12,10,12,10,23,0,1.0000
55.520000,1132,1.4629,0.175025,0.473444,8.3583,3.0899,1.0806,200,24,24,16,188,9,12,11,12,10,23,1,0.9583
55.570000,1133,1.4676,0.175159,0.473536,8.3788,3.0993,1.0617,200,23,23,12,181,9,12,12,12,10,23,0,1.0000
55.620000,1134,1.4695,0.175350,0.473647,8.3805,3.1026,1.0854,200,16,16,13,133,9,12,10,12,10,16,0,1.0000
55.670000,1135,1.4685,0.175505,0.473739,8.3673,3.0998,1.1028,200,11,11,6,84,9,12,12,12,10,11,0,1.0000
55.720000,1136,1.4704,0.175733,0.473881,8.3670,3.1028,1.0976,200,14,14,12,118,9,12,12,12,10,14,0,1.0000
55.770000,1137,1.4691,0.175930,0.474000,8.3502,3.0993,1.1136,200,12,12,8,94,9,12,12,12,10,12,0,1.0000
55.820000,1138,1.4678,0.176113,0.474113,8.3344,3.0959,1.1332,200,13,13,10,109,9,12,11,12,10,13,0,1.0000
55.870000,1139,1.4789,0.176272,0.474227,8.3898,3.1185,1.1142,200,7,7,6,57,9,12,12,12,10,7,0,1.0000
55.920000,1140,1.4827,0.176456,0.474353,8.4024,3.1256,1.1121,200,18,18,12,137,9,12,12,12,10,18,0,1.0000
55.970000,1141,1.4827,0.176707,0.474516,8.3907,3.1247,1.1130,200,16,16,16,144,9,12,12,12,10,16,0,1.0000
56.020000,1142,1.4827,0.176866,0.474625,8.3831,3.1239,1.1003,200,22,22,21,196,9,12,12,12,10,22,0,1.0000
56.070000,1143,1.4859,0.176904,0.474653,8.3997,3.1306,1.0796,200,24,24,23,210,9,12,12,12,10,24,0,1.0000
56.120000,1144,1.4890,0.176766,0.474549,8.4239,3.1378,1.0674,200,23,23,22,202,9,12,12,12,10,23,0,1.0000
56.170000,1145,1.4876,0.176678,0.474474,8.4200,3.1353,1.0590,200,26,26,23,231,9,12,11,12,10,25,1,0.9615
56.220000,1146,1.4905,0.176740,0.474509,8.4335,3.1412,1.0391,200,14,14,13,120,9,12,12,12,10,14,0,1.0000
56.270000,1147,1.4929,0.176695,0.474457,8.4491,3.1466,1.0775,200,12,12,10,98,9,12,10,12,10,11,1,0.9167
56.320000,1148,1.4932,0.176609,0.474372,8.4546,3.1477,1.0721,200,14,14,14,126,9,12,12,12,10,14,0,1.0000
56.370000,1149,1.4963,0.176440,0.474225,8.4804,3.1552,1.0925,200,12,12,8,91,9,12,12,12,10,11,1,0.9167
56.420000,1150,1.4962,0.175997,0.473889,8.5015,3.1574,1.0981,200,12,12,12,108,9,12,12,12,10,12,0,1.0000
56.470000,1151,1.4972,0.175873,0.473770,8.5132,3.1603,1.1029,200,12,12,10,105,9,12,12,12,10,10,2,0.8333
56.520000,1152,1.4984,0.175698,0.473607,8.5280,3.1637,1.1026,200,16,16,14,139,9,12,12,12,10,16,0,1.0000
56.570000,1153,1.5092,0.175365,0.473338,8.6061,3.1884,1.0749,200,22,22,21,197,9,12,11,12,10,22,0,1.0000
56.620000,1154,1.5093,0.175129,0.473132,8.6185,3.1901,1.0962,200,24,24,23,210,9,12,11,12,10,22,2,0.9167
56.670000,1155,1.5109,0.175060,0.473049,8.6306,3.1939,1.0966,200,20,20,20,180,9,12,10,12,10,20,0,1.0000
56.720000,1156,1.5147,0.175010,0.472975,8.6548,3.2024,1.1009,200,22,22,21,192,9,12,11,12,10,22,0,1.0000
56.770000,1157,1.5190,0.175019,0.472943,8.6793,3.2119,1.1049,200,21,21,20,183,9,12,10,12,10,20,1,0.9524
56.820000,1158,1.5210,0.175100,0.472959,8.6862,3.2158,1.1229,200,15,15,15,135,9,12,12,12,10,15,0,1.0000
56.870000,1159,1.5265,0.175176,0.472969,8.7143,3.2275,1.1184,200,12,12,10,103,9,12,12,12,10,12,0,1.0000
56.920000,1160,1.5333,0.175267,0.472998,8.7482,3.2416,1.1212,200,17,17,16,147,9,12,12,12,10,16,1,0.9412
56.970000,1161,1.5317,0.175227,0.472951,8.7411,3.2385,1.1204,200,14,14,9,112,9,12,12,12,10,14,0,1.0000
57.020000,1162,1.5351,0.175134,0.472864,8.7653,3.2464,1.1079,200,13,13,13,117,9,12,12,12,10,13,0,1.0000
57.070000,1163,1.5353,0.175197,0.472888,8.7632,3.2466,1.1204,200,10,10,9,87,9,12,12,12,10,10,0,1.0000
57.120000,1164,1.5404,0.175251,0.472910,8.7896,3.2572,1.1204,200,16,16,15,138,9,12,10,12,10,16,0,1.0000
57.170000,1165,1.5395,0.175253,0.472902,8.7847,3.2555,1.1209,200,20,20,20,180,9,12,12,12,10,20,0,1.0000
57.220000,1166,1.5385,0.175226,0.472877,8.7803,3.2536,1.1081,200,19,19,19,171,9,12,12,12,10,19,0,1.0000
57.270000,1167,1.5415,0.175232,0.472862,8.7968,3.2599,1.1260,200,21,21,19,181,9,12,12,12,10,21,0,1.0000
57.320000,1168,1.5450,0.175204,0.472834,8.8184,3.2676,1.0918,200,19,19,19,171,9,12,12,12,10,19,0,1.0000
57.370000,1169,1.5517,0.175275,0.472859,8.8532,3.2816,1.1393,200,18,18,18,162,9,12,12,12,10,18,0,1.0000
57.420000,1170,1.5536,0.175356,0.472885,8.8597,3.2854,1.1333,200,20,20,18,173,9,12,11,12,10,20,0,1.0000
57.470000,1171,1.5556,0.175495,0.472947,8.8643,3.2893,1.1079,200,11,11,9,88,9,12,12,12,10,11,0,1.0000
57.520000,1172,1.5562,0.175637,0.473009,8.8605,3.2901,1.1012,200,18,18,15,152,9,12,12,12,10,18,0,1.0000
57.570000,1173,1.5570,0.175763,0.473060,8.8588,3.2914,1.0731,200,25,25,16,209,9,12,10,12,10,25,0,1.0000
57.620000,1174,1.5499,0.175844,0.473087,8.8142,3.2762,1.0879,200,25,25,17,213,9,12,10,12,10,25,0,1.0000
57.670000,1175,1.5488,0.175976,0.473142,8.8011,3.2734,1.1153,200,13,13,9,107,9,12,10,12,10,13,0,1.0000
57.720000,1176,1.5471,0.176106,0.473197,8.7848,3.2694,1.1107,200,9,9,8,76,9,12,12,12,10,9,0,1.0000
57.770000,1177,1.5347,0.175985,0.473103,8.7204,3.2438,1.1529,200,16,16,15,140,9,12,12,12,10,16,0,1.0000
57.820000,1178,1.5233,0.175942,0.473069,8.6580,3.2201,1.1729,200,14,14,14,126,9,12,12,12,10,14,0,1.0000
57.870000,1179,1.5088,0.175797,0.472976,8.5826,3.1900,1.1585,200,19,19,15,159,9,12,11,12,10,19,0,1.0000
57.920000,1180,1.4964,0.175605,0.472857,8.5211,3.1645,1.1476,200,26,26,18,210,9,12,10,12,10,26,0,1.0000
57.970000,1181,1.4981,0.175604,0.472854,8.5313,3.1683,1.1576,200,18,18,14,154,9,12,12,12,10,18,0,1.0000
58.020000,1182,1.4945,0.175566,0.472832,8.5123,3.1607,1.1328,200,22,22,19,186,9,12,10,12,10,22,0,1.0000
58.070000,1183,1.5005,0.175634,0.472864,8.5434,3.1732,1.1455,200,14,14,11,117,9,12,10,12,10,14,0,1.0000
58.120000,1184,1.5026,0.175726,0.472907,8.5506,3.1773,1.1402,200,18,18,15,147,9,12,11,12,10,18,0,1.0000
58.170000,1185,1.5052,0.175780,0.472931,8.5630,3.1827,1.1273,200,22,22,19,186,9,12,10,12,10,22,0,1.0000
58.220000,1186,1.5071,0.175867,0.472976,8.5696,3.1864,1.1400,200,16,16,13,129,9,12,12,12,10,16,0,1.0000
58.270000,1187,1.5081,0.175928,0.473009,8.5722,3.1883,1.1550,200,26,26,13,182,9,12,12,12,10,26,0,1.0000
58.320000,1188,1.5110,0.176003,0.473047,8.5853,3.1943,1.1404,200,12,12,8,99,9,12,12,12,10,11,1,0.9167
58.370000,1189,1.5199,0.176065,0.473075,8.6325,3.2128,1.1560,200,21,21,17,178,9,12,10,12,10,21,0,1.0000
58.420000,1190,1.5211,0.176191,0.473134,8.6334,3.2150,1.1674,200,13,13,12,116,9,12,12,12,10,13,0,1.0000
58.470000,1191,1.5213,0.176298,0.473186,8.6293,3.2151,1.1708,200,20,20,17,174,9,12,10,12,10,20,0,1.0000
58.520000,1192,1.5194,0.176398,0.473232,8.6136,3.2107,1.2032,200,20,20,16,162,9,12,12,12,10,20,0,1.0000
58.570000,1193,1.5185,0.176529,0.473295,8.6019,3.2083,1.1654,200,16,16,12,133,9,12,12,12,10,16,0,1.0000
58.620000,1194,1.5170,0.176565,0.473311,8.5917,3.2051,1.1658,200,17,17,13,140,9,12,10,12,10,17,0,1.0000
58.670000,1195,1.5132,0.176617,0.473332,8.5676,3.1969,1.1710,200,15,15,12,121,9,12,10,12,10,15,0,1.0000
58.720000,1196,1.5114,0.176609,0.473324,8.5578,3.1931,1.1259,200,16,16,15,140,9,12,11,12,10,16,0,1.0000
58.770000,1197,1.5093,0.176599,0.473318,8.5462,3.1887,1.1753,200,18,18,16,155,9,12,10,12,10,18,0,1.0000
58.820000,1198,1.5103,0.176561,0.473295,8.5537,3.1909,1.1568,200,21,21,16,171,9,12,10,12,10,20,1,0.9524
58.870000,1199,1.5130,0.176594,0.473308,8.5677,3.1967,1.1661,200,17,17,15,147,9,12,12,12,10,17,0,1.0000
58.920000,1200,1.5123,0.176690,0.473355,8.5593,3.1950,1.1593,200,13,13,10,113,9,12,10,12,10,13,0,1.0000
58.970000,1201,1.5110,0.176717,0.473365,8.5503,3.1920,1.1901,200,25,25,23,219,9,12,10,12,10,25,0,1.0000
59.020000,1202,1.5116,0.176761,0.473390,8.5515,3.1931,1.1485,200,17,17,11,121,9,12,12,12,10,14,3,0.8235
59.070000,1203,1.5125,0.176847,0.473435,8.5526,3.1947,1.1845,200,14,14,12,115,9,12,12,12,10,14,0,1.0000
59.120000,1204,1.5127,0.176947,0.473485,8.5488,3.1948,1.1955,200,14,14,13,120,9,12,12,12,10,14,0,1.0000
59.170000,1205,1.5129,0.177052,0.473538,8.5450,3.1949,1.1927,200,21,21,18,175,9,12,10,12,10,20,1,0.9524
59.220000,1206,1.5108,0.177158,0.473594,8.5279,3.1900,1.1686,200,20,20,16,175,9,12,12,12,10,20,0,1.0000
59.270000,1207,1.5109,0.177267,0.473652,8.5234,3.1899,1.1741,200,13,13,12,113,9,12,12,12,10,13,0,1.0000
59.320000,1208,1.5099,0.177368,0.473707,8.5130,3.1875,1.1031,200,19,19,17,165,9,12,11,12,10,17,2,0.8947
59.370000,1209,1.5119,0.177456,0.473757,8.5197,3.1913,1.1728,200,17,17,15,147,9,12,12,12,10,16,1,0.9412
59.420000,1210,1.5115,0.177522,0.473795,8.5145,3.1902,1.1735,200,17,17,16,153,9,12,10,12,10,17,0,1.0000
59.470000,1211,1.5116,0.177603,0.473844,8.5113,3.1902,1.1824,200,15,15,13,128,9,12,12,12,10,15,0,1.0000
59.520000,1212,1.5148,0.177667,0.473881,8.5259,3.1965,1.1516,200,11,11,9,87,9,12,12,12,10,10,1,0.9091
59.570000,1213,1.5252,0.177654,0.473873,8.5850,3.2185,1.1913,200,24,24,23,211,9,12,11,12,10,24,0,1.0000
59.620000,1214,1.5310,0.177675,0.473886,8.6168,3.2307,1.1900,200,11,11,10,99,9,12,12,12,10,11,0,1.0000
59.670000,1215,1.5380,0.177694,0.473896,8.6554,3.2455,1.2047,200,16,16,14,141,9,12,11,12,10,14,2,0.8750
59.720000,1216,1.5466,0.177667,0.473878,8.7053,3.2638,1.2220,200,20,20,18,170,9,12,11,12,10,20,0,1.0000
59.770000,1217,1.5475,0.177729,0.473915,8.7070,3.2653,1.2236,200,18,18,18,162,9,12,12,12,10,18,0,1.0000
59.820000,1218,1.5501,0.177805,0.473959,8.7183,3.2706,1.2318,200,20,20,18,168,9,12,11,12,10,17,3,0.8500
59.870000,1219,1.5518,0.177894,0.474011,8.7231,3.2737,1.2454,200,11,11,11,99,9,12,11,12,10,11,0,1.0000
59.920000,1220,1.5528,0.177984,0.474065,8.7245,3.2756,1.2409,200,20,20,20,180,9,12,10,12,10,17,3,0.8500
59.970000,1221,1.5537,0.178079,0.474119,8.7247,3.2770,1.2276,200,19,19,16,160,9,12,11,12,10,19,0,1.0000
60.020000,1222,1.5531,0.178175,0.474173,8.7168,3.2754,1.2348,200,16,16,13,135,9,12,12,12,10,16,0,1.0000
60.070000,1223,1.5534,0.178273,0.474231,8.7139,3.2757,1.2334,200,16,16,15,144,9,12,12,12,10,16,0,1.0000
60.120000,1224,1.5533,0.178373,0.474291,8.7082,3.2750,1.2275,200,11,11,9,91,9,12,12,12,10,11,0,1.0000
60.170000,1225,1.5529,0.178472,0.474349,8.7013,3.2738,1.2137,200,22,22,22,198,9,12,12,12,10,22,0,1.0000
60.220000,1226,1.5521,0.178574,0.474412,8.6919,3.2717,1.2231,200,12,12,11,105,9,12,12,12,10,12,0,1.0000
60.270000,1227,1.5524,0.178671,0.474469,8.6885,3.2718,1.2278,200,17,17,17,153,9,12,12,12,10,17,0,1.0000
60.320000,1228,1.5523,0.178770,0.474530,8.6833,3.2713,1.2412,200,17,17,17,153,9,12,12,12,10,17,0,1.0000
60.370000,1229,1.5541,0.178861,0.474583,8.6889,3.2747,1.2165,200,19,19,19,171,9,12,10,12,10,19,0,1.0000
60.420000,1230,1.5559,0.178950,0.474632,8.6948,3.2782,1.2260,200,19,19,18,165,9,12,12,12,10,19,0,1.0000
60.470000,1231,1.5557,0.179057,0.474700,8.6885,3.2773,1.2166,200,15,15,12,121,9,12,11,12,10,15,0,1.0000
60.520000,1232,1.5541,0.179162,0.474765,8.6740,3.2733,1.1872,200,17,17,16,147,9,12,12,12,10,17,0,1.0000
60.570000,1233,1.5532,0.179249,0.474813,8.6650,3.2712,1.1960,200,17,17,15,142,9,12,12,12,10,17,0,1.0000
60.620000,1234,1.5512,0.179300,0.474837,8.6512,3.2667,1.2147,200,16,16,16,144,9,12,11,12,10,16,0,1.0000
60.670000,1235,1.5492,0.179354,0.474865,8.6375,3.2624,1.2044,200,16,16,16,144,9,12,12,12,10,16,0,1.0000
60.720000,1236,1.5481,0.179390,0.474882,8.6298,3.2600,1.2114,200,11,11,10,97,9,12,12,12,10,11,0,1.0000
60.770000,1237,1.5478,0.179360,0.474859,8.6297,3.2596,1.2169,200,21,21,21,189,9,12,12,12,10,21,0,1.0000
60.820000,1238,1.5463,0.179447,0.474915,8.6171,3.2560,1.1890,200,12,12,9,98,9,12,12,12,10,12,0,1.0000
60.870000,1239,1.5470,0.179495,0.474942,8.6186,3.2573,1.2127,200,14,14,14,126,9,12,12,12,10,14,0,1.0000
60.920000,1240,1.5516,0.179341,0.474852,8.6515,3.2675,1.2117,200,17,17,17,153,9,12,12,12,10,17,0,1.0000
60.970000,1241,1.5562,0.179349,0.474865,8.6770,3.2771,1.1955,200,16,16,15,142,9,12,12,12,10,16,0,1.0000
61.020000,1242,1.5594,0.179406,0.474909,8.6919,3.2835,1.2122,200,19,19,19,171,9,12,12,12,10,19,0,1.0000
61.070000,1243,1.5599,0.179479,0.474961,8.6915,3.2843,1.2077,200,11,11,11,99,9,12,12,12,10,11,0,1.0000
61.120000,1244,1.5605,0.179533,0.475000,8.6920,3.2853,1.2061,200,18,18,17,160,9,12,12,12,10,18,0,1.0000
61.170000,1245,1.5595,0.179527,0.474997,8.6867,3.2832,1.2044,200,18,18,18,162,9,12,12,12,10,18,0,1.0000
61.220000,1246,1.5604,0.179213,0.474776,8.7070,3.2866,1.2014,200,17,17,16,151,9,12,12,12,10,17,0,1.0000
61.270000,1247,1.5602,0.179225,0.474781,8.7053,3.2861,1.2009,200,17,17,17,153,9,12,12,12,10,17,0,1.0000
61.320000,1248,1.5659,0.178929,0.474573,8.7515,3.2996,1.2055,200,12,12,12,108,9,12,12,12,10,12,0,1.0000
61.370000,1249,1.5667,0.178956,0.474585,8.7547,3.3012,1.1536,200,22,22,22,198,9,12,12,12,10,22,0,1.0000
61.420000,1250,1.5675,0.178990,0.474607,8.7575,3.3027,1.1543,200,12,12,11,107,9,12,12,12,10,12,0,1.0000
61.470000,1251,1.5683,0.179016,0.474620,8.7608,3.3044,1.1556,200,14,14,14,126,9,12,12,12,10,14,0,1.0000
61.520000,1252,1.5701,0.179052,0.474642,8.7691,3.3080,1.1925,200,18,18,17,157,9,12,12,12,10,18,0,1.0000
61.570000,1253,1.5711,0.179090,0.474664,8.7728,3.3100,1.1377,200,17,17,16,151,9,12,12,12,10,17,0,1.0000
61.620000,1254,1.5739,0.179127,0.474685,8.7865,3.3157,1.1323,200,17,17,17,153,9,12,12,12,10,17,0,1.0000
61.670000,1255,1.5763,0.179164,0.474711,8.7979,3.3205,1.1052,200,12,12,11,105,9,12,12,12,10,12,0,1.0000
61.720000,1256,1.5809,0.179173,0.474716,8.8234,3.3302,1.1226,200,20,20,20,180,9,12,12,12,10,20,0,1.0000
61.770000,1257,1.5857,0.179171,0.474710,8.8504,3.3404,1.1049,200,22,22,19,187,9,12,12,12,10,22,0,1.0000
61.820000,1258,1.5898,0.179157,0.474697,8.8739,3.3491,1.1581,200,18,18,15,148,9,12,12,12,10,18,0,1.0000
61.870000,1259,1.5927,0.179130,0.474673,8.8916,3.3555,1.1140,200,19,19,17,168,9,12,12,12,10,19,0,1.0000
61.920000,1260,1.5951,0.179108,0.474654,8.9060,3.3606,1.1265,200,14,14,12,126,9,12,10,12,10,14,0,1.0000
61.970000,1261,1.5967,0.179100,0.474644,8.9152,3.3640,1.1161,200,24,24,23,211,9,12,12,12,10,24,0,1.0000
62.020000,1262,1.5986,0.179120,0.474655,8.9245,3.3678,1.1112,200,11,11,10,99,9,12,12,12,10,11,0,1.0000
62.070000,1263,1.6010,0.179137,0.474663,8.9371,3.3729,1.1218,200,14,14,13,122,9,12,11,12,10,14,0,1.0000
62.120000,1264,1.6027,0.179151,0.474670,8.9464,3.3766,1.1209,200,16,16,16,144,9,12,12,12,10,16,0,1.0000
62.170000,1265,1.6033,0.179174,0.474686,8.9482,3.3776,1.1119,200,13,13,13,117,9,12,12,12,10,13,0,1.0000
62.220000,1266,1.6045,0.179170,0.474678,8.9552,3.3802,1.1116,200,17,17,16,147,9,12,12,12,10,17,0,1.0000
62.270000,1267,1.6059,0.179198,0.474694,8.9617,3.3831,1.1054,200,13,13,12,115,9,12,12,12,10,13,0,1.0000
62.320000,1268,1.6069,0.179226,0.474709,8.9660,3.3851,1.1128,200,24,24,21,213,9,12,12,12,10,24,0,1.0000
62.370000,1269,1.6078,0.179259,0.474729,8.9691,3.3868,1.0849,200,19,19,19,171,9,12,11,12,10,19,0,1.0000
62.420000,1270,1.6088,0.179281,0.474727,8.9735,3.3888,1.0860,200,14,14,14,126,9,12,12,12,10,14,0,1.0000
62.470000,1271,1.6092,0.179317,0.474751,8.9741,3.3896,1.0761,200,19,19,19,171,9,12,12,12,10,18,1,0.9474
62.520000,1272,1.6104,0.179355,0.474775,8.9788,3.3919,1.0660,200,15,15,14,131,9,12,12,12,10,15,0,1.0000
62.570000,1273,1.6114,0.179391,0.474799,8.9823,3.3938,1.0490,200,25,25,24,221,9,12,12,12,10,25,0,1.0000
62.620000,1274,1.6133,0.179431,0.474826,8.9909,3.3976,1.0378,200,10,10,10,90,9,12,12,12,10,10,0,1.0000
62.670000,1275,1.6153,0.179476,0.474855,8.9999,3.4016,1.0327,200,13,13,13,117,9,12,12,12,10,13,0,1.0000
62.720000,1276,1.6165,0.179519,0.474885,9.0048,3.4041,1.0377,200,16,16,16,144,9,12,12,12,10,16,0,1.0000
62.770000,1277,1.6174,0.179565,0.474915,9.0075,3.4057,1.0195,200,15,15,15,135,9,12,10,12,10,15,0,1.0000
62.820000,1278,1.6184,0.179613,0.474948,9.0103,3.4075,0.9897,200,20,20,18,173,9,12,12,12,10,20,0,1.0000
62.870000,1279,1.6202,0.179665,0.474983,9.0178,3.4111,1.0106,200,12,12,11,102,9,12,12,12,10,12,0,1.0000
62.920000,1280,1.6215,0.179717,0.475013,9.0227,3.4137,0.9916,200,23,23,22,202,9,12,12,12,10,22,1,0.9565
62.970000,1281,1.6207,0.179765,0.475037,9.0155,3.4117,0.9469,200,19,19,18,166,9,12,12,12,10,19,0,1.0000
63.020000,1282,1.6204,0.179816,0.475065,9.0114,3.4109,0.9359,200,15,15,15,135,9,12,12,12,10,15,0,1.0000
63.070000,1283,1.6196,0.179861,0.475087,9.0048,3.4091,0.8899,200,20,20,19,177,9,12,12,12,10,20,0,1.0000
63.120000,1284,1.6196,0.179913,0.475117,9.0021,3.4088,0.8920,200,13,13,13,117,9,12,12,12,10,13,0,1.0000
63.170000,1285,1.6180,0.179956,0.475139,8.9912,3.4054,0.8549,200,22,22,22,198,9,12,12,12,10,22,0,1.0000
63.220000,1286,1.6193,0.180012,0.475170,8.9958,3.4079,0.8443,200,11,11,11,99,9,12,12,12,10,11,0,1.0000
63.270000,1287,1.6214,0.180069,0.475200,9.0041,3.4119,0.8214,200,15,15,15,135,9,12,12,12,10,15,0,1.0000
63.320000,1288,1.6180,0.180121,0.475233,8.9826,3.4046,0.7945,200,14,14,14,126,9,12,12,12,10,14,0,1.0000
63.370000,1289,1.6184,0.180181,0.475272,8.9821,3.4052,0.7601,200,15,15,13,126,9,12,12,12,10,15,0,1.0000
63.420000,1290,1.6196,0.180245,0.475311,8.9853,3.4074,0.7194,200,21,21,19,182,9,12,12,12,10,21,0,1.0000
63.470000,1291,1.6209,0.180317,0.475353,8.9894,3.4100,0.6239,200,18,18,16,158,9,12,10,12,10,18,0,1.0000
63.520000,1292,1.6203,0.180391,0.475393,8.9823,3.4084,0.7259,200,23,23,23,207,9,12,11,12,10,23,0,1.0000
63.570000,1293,1.6224,0.180473,0.475438,8.9897,3.4124,0.7484,200,19,19,16,155,9,12,12,12,10,19,0,1.0000
63.620000,1294,1.6226,0.180560,0.475485,8.9864,3.4125,0.7683,200,20,20,17,170,9,12,11,12,10,20,0,1.0000
63.670000,1295,1.6231,0.180650,0.475534,8.9846,3.4132,0.7367,200,18,18,17,160,9,12,11,12,10,18,0,1.0000
63.720000,1296,1.6235,0.180748,0.475586,8.9822,3.4137,0.7504,200,12,12,12,108,9,12,12,12,10,12,0,1.0000
63.770000,1297,1.6240,0.180841,0.475634,8.9804,3.4145,0.7812,200,23,23,21,198,9,12,12,12,10,23,0,1.0000
63.820000,1298,1.6212,0.180938,0.475687,8.9598,3.4080,0.8122,200,12,12,9,93,9,12,12,12,10,12,0,1.0000
63.870000,1299,1.6217,0.181039,0.475736,8.9578,3.4088,0.7439,200,16,16,13,130,9,12,11,12,10,16,0,1.0000
63.920000,1300,1.6239,0.181119,0.475770,8.9658,3.4131,0.7277,200,15,15,12,131,9,12,12,12,10,15,0,1.0000
63.970000,1301,1.6233,0.181223,0.475823,8.9572,3.4115,0.6394,200,13,13,13,117,9,12,12,12,10,13,0,1.0000
64.020000,1302,1.6207,0.181300,0.475858,8.9392,3.4058,0.7703,200,24,24,21,210,9,12,12,12,10,24,0,1.0000
64.070000,1303,1.6187,0.181391,0.475904,8.9238,3.4013,0.7467,200,12,12,12,108,9,12,12,12,10,11,1,0.9167
64.120000,1304,1.6171,0.181418,0.475889,8.9134,3.3980,0.7522,200,26,26,22,222,9,12,11,12,10,26,0,1.0000
64.170000,1305,1.6154,0.181462,0.475895,8.9022,3.3945,0.7156,200,18,18,14,153,9,12,10,12,10,18,0,1.0000
64.220000,1306,1.6138,0.181420,0.475878,8.8952,3.3911,0.5897,200,21,21,17,170,9,12,10,12,10,21,0,1.0000
64.270000,1307,1.6145,0.181454,0.475889,8.8976,3.3926,0.6837,200,32,32,20,258,9,12,10,12,10,32,0,1.0000
64.320000,1308,1.6147,0.181519,0.475929,8.8956,3.3928,0.7380,200,17,17,11,140,9,12,10,12,10,16,1,0.9412
64.370000,1309,1.6120,0.181405,0.475886,8.8864,3.3875,0.7152,200,23,23,18,197,9,12,11,12,10,23,0,1.0000
64.420000,1310,1.6107,0.181484,0.475935,8.8750,3.3842,0.7305,200,10,10,6,70,9,12,12,12,10,9,1,0.9000
64.470000,1311,1.6103,0.181566,0.475987,8.8689,3.3831,0.7177,200,9,9,9,81,9,12,12,12,10,9,0,1.0000
64.520000,1312,1.6076,0.181645,0.476038,8.8503,3.3771,0.6913,200,19,19,11,124,9,12,12,12,10,19,0,1.0000
64.570000,1313,1.6106,0.181719,0.476088,8.8633,3.3830,0.7243,200,20,20,11,143,9,12,12,12,10,18,2,0.9000
64.620000,1314,1.6125,0.181801,0.476139,8.8697,3.3867,0.7269,200,20,20,18,175,9,12,12,12,10,20,0,1.0000
64.670000,1315,1.6124,0.181889,0.476187,8.8649,3.3861,0.7388,200,15,15,9,125,9,12,12,12,10,15,0,1.0000
64.720000,1316,1.6131,0.181977,0.476229,8.8640,3.3871,0.7482,200,19,19,18,165,9,12,12,12,10,19,0,1.0000
64.770000,1317,1.6128,0.182069,0.476268,8.8580,3.3863,0.7453,200,15,15,13,127,9,12,10,12,10,15,0,1.0000
64.820000,1318,1.6128,0.182164,0.476324,8.8534,3.3859,0.7460,200,20,20,16,159,9,12,11,12,10,20,0,1.0000
64.870000,1319,1.6153,0.182260,0.476382,8.8626,3.3908,0.7583,200,19,19,16,162,9,12,12,12,10,19,0,1.0000
64.920000,1320,1.6147,0.182359,0.476425,8.8544,3.3891,0.7494,200,19,19,16,161,9,12,11,12,10,19,0,1.0000
64.970000,1321,1.6150,0.182462,0.476485,8.8510,3.3894,0.7665,200,21,21,16,172,9,12,12,12,10,21,0,1.0000
65.020000,1322,1.6131,0.182568,0.476551,8.8356,3.3849,0.7757,200,15,15,11,125,9,12,12,12,10,15,0,1.0000
65.070000,1323,1.6133,0.182673,0.476608,8.8319,3.3851,0.7634,200,14,14,12,117,9,12,12,12,10,14,0,1.0000
65.120000,1324,1.6126,0.182779,0.476659,8.8226,3.3831,0.7505,200,21,21,12,160,9,12,12,12,10,21,0,1.0000
65.170000,1325,1.6114,0.182885,0.476713,8.8109,3.3802,0.7247,200,19,19,16,165,9,12,12,12,10,19,0,1.0000
65.220000,1326,1.6088,0.182985,0.476752,8.7921,3.3745,0.7640,200,24,24,18,199,9,12,12,12,10,24,0,1.0000
65.270000,1327,1.6074,0.183099,0.476818,8.7788,3.3711,0.7149,200,9,9,8,76,9,12,12,12,10,9,0,1.0000
65.320000,1328,1.6051,0.183204,0.476861,8.7615,3.3661,0.8477,200,18,18,17,159,9,12,12,12,10,18,0,1.0000
65.370000,1329,1.6060,0.183320,0.476920,8.7604,3.3674,0.7640,200,12,12,9,99,9,12,12,12,10,12,0,1.0000
65.420000,1330,1.6061,0.183439,0.476981,8.7555,3.3672,0.5833,200,20,20,17,170,9,12,10,12,10,20,0,1.0000
65.470000,1331,1.6048,0.183556,0.477036,8.7426,3.3640,0.7162,200,21,21,17,169,9,12,10,12,10,21,0,1.0000
65.520000,1332,1.6025,0.183679,0.477095,8.7243,3.3588,0.8946,200,14,14,11,113,9,12,12,12,10,14,0,1.0000
65.570000,1333,1.6027,0.183809,0.477163,8.7195,3.3589,0.7475,200,26,26,19,212,9,12,11,12,10,26,0,1.0000
65.620000,1334,1.6007,0.183950,0.477244,8.7017,3.3540,0.7297,200,16,16,11,123,9,12,10,12,10,16,0,1.0000
65.670000,1335,1.5995,0.184085,0.477310,8.6889,3.3511,0.7521,200,18,18,16,156,9,12,10,12,10,18,0,1.0000
65.720000,1336,1.5981,0.184227,0.477392,8.6747,3.3476,0.7681,200,11,11,9,89,9,12,12,12,10,11,0,1.0000
65.770000,1337,1.5968,0.184368,0.477470,8.6611,3.3443,0.7538,200,18,18,18,162,9,12,12,12,10,18,0,1.0000
65.820000,1338,1.5952,0.184510,0.477549,8.6456,3.3404,0.8313,200,23,23,19,191,9,12,12,12,10,23,0,1.0000
65.870000,1339,1.5944,0.184657,0.477635,8.6343,3.3381,0.7774,200,13,13,6,85,9,12,12,12,10,12,1,0.9231
65.920000,1340,1.5957,0.184798,0.477719,8.6346,3.3402,0.7519,200,12,12,11,104,9,12,10,12,10,12,0,1.0000
65.970000,1341,1.5943,0.184938,0.477802,8.6209,3.3368,0.7436,200,9,9,7,74,9,12,12,12,10,9,0,1.0000
66.020000,1342,1.5963,0.185057,0.477878,8.6257,3.3403,0.7603,200,17,17,16,150,9,12,12,12,10,17,0,1.0000
66.070000,1343,1.5985,0.185167,0.477951,8.6325,3.3444,0.7254,200,20,20,18,177,9,12,10,12,10,20,0,1.0000
66.120000,1344,1.6003,0.185259,0.477992,8.6383,3.3480,0.7421,200,14,14,13,126,9,12,12,12,10,14,0,1.0000
66.170000,1345,1.6024,0.185348,0.478048,8.6455,3.3520,0.7188,200,22,22,20,194,9,12,12,12,10,22,0,1.0000
66.220000,1346,1.6077,0.185382,0.478059,8.6721,3.3629,0.7138,200,24,24,17,198,9,12,11,12,10,24,0,1.0000
66.270000,1347,1.6086,0.185452,0.478081,8.6737,3.3646,0.7224,200,21,21,17,168,9,12,11,12,10,21,0,1.0000
66.320000,1348,1.6079,0.185540,0.478144,8.6663,3.3629,0.7056,200,14,14,12,121,9,12,12,12,10,14,0,1.0000
66.370000,1349,1.6077,0.185614,0.478187,8.6613,3.3620,0.7279,200,22,22,20,186,9,12,12,12,10,22,0,1.0000
66.420000,1350,1.6076,0.185716,0.478256,8.6563,3.3614,0.7177,200,20,20,18,172,9,12,12,12,10,20,0,1.0000
66.470000,1351,1.6052,0.185782,0.478291,8.6404,3.3562,0.7391,200,13,13,11,106,9,12,12,12,10,13,0,1.0000
66.520000,1352,1.6056,0.185890,0.478367,8.6375,3.3565,0.7257,200,17,17,14,142,9,12,10,12,10,17,0,1.0000
66.570000,1353,1.6061,0.186002,0.478445,8.6350,3.3570,0.7344,200,12,12,8,88,9,12,11,12,10,12,0,1.0000
66.620000,1354,1.6069,0.186110,0.478526,8.6339,3.3579,0.7288,200,18,18,15,150,9,12,12,12,10,18,0,1.0000
66.670000,1355,1.6098,0.186203,0.478598,8.6456,3.3636,0.6990,200,20,20,17,171,9,12,12,12,10,20,0,1.0000
66.720000,1356,1.6109,0.186306,0.478670,8.6467,3.3654,0.7125,200,15,15,14,133,9,12,10,12,10,15,0,1.0000
66.770000,1357,1.6105,0.186389,0.478730,8.6404,3.3641,0.7010,200,24,24,21,202,9,12,12,12,10,24,0,1.0000
66.820000,1358,1.6120,0.186483,0.478800,8.6442,3.3667,0.7336,200,20,20,19,177,9,12,12,12,10,20,0,1.0000
66.870000,1359,1.6130,0.186594,0.478877,8.6447,3.3684,0.7526,200,12,12,12,108,9,12,12,12,10,12,0,1.0000
66.920000,1360,1.6133,0.186669,0.478939,8.6424,3.3684,0.7531,200,18,18,16,154,9,12,11,12,10,18,0,1.0000
66.970000,1361,1.6131,0.186740,0.478991,8.6382,3.3677,0.7411,200,19,19,18,166,9,12,11,12,10,19,0,1.0000
67.020000,1362,1.6161,0.186828,0.479048,8.6500,3.3735,0.8071,200,19,19,13,153,9,12,12,12,10,19,0,1.0000
67.070000,1363,1.6156,0.186915,0.479113,8.6437,3.3721,0.7608,200,16,16,13,134,9,12,10,12,10,16,0,1.0000
67.120000,1364,1.6160,0.186707,0.478895,8.6555,3.3745,0.7623,200,15,15,13,126,9,12,12,12,10,15,0,1.0000
67.170000,1365,1.6211,0.186675,0.478849,8.6841,3.3854,0.7502,200,11,11,9,96,9,12,10,12,10,11,0,1.0000
67.220000,1366,1.6206,0.186767,0.478924,8.6773,3.3839,0.7379,200,18,18,16,155,9,12,11,12,10,18,0,1.0000
67.270000,1367,1.6199,0.186840,0.478982,8.6701,3.3820,0.7341,200,22,22,19,187,9,12,10,12,10,22,0,1.0000
67.320000,1368,1.6217,0.186920,0.479039,8.6761,3.3854,0.7280,200,17,17,17,153,9,12,12,12,10,17,0,1.0000
67.370000,1369,1.6184,0.186969,0.479051,8.6559,3.3783,0.7129,200,24,24,22,214,9,12,10,12,10,24,0,1.0000
67.420000,1370,1.6160,0.187016,0.479052,8.6412,3.3734,0.4905,200,24,24,18,196,9,12,11,12,10,24,0,1.0000
67.470000,1371,1.6144,0.187093,0.479087,8.6288,3.3697,0.7112,200,12,12,8,104,9,12,12,12,10,12,0,1.0000
67.520000,1372,1.6157,0.187122,0.479065,8.6345,3.3726,0.8514,200,17,17,15,141,9,12,10,12,10,17,0,1.0000
67.570000,1373,1.6126,0.187158,0.479028,8.6160,3.3663,0.7161,200,20,20,18,174,9,12,10,12,10,20,0,1.0000
67.620000,1374,1.6145,0.187231,0.479044,8.6231,3.3703,0.6816,200,18,18,13,150,9,12,10,12,10,18,0,1.0000
67.670000,1375,1.6107,0.187271,0.478989,8.6008,3.3627,0.7135,200,18,18,12,147,9,12,11,12,10,18,0,1.0000
67.720000,1376,1.6107,0.187349,0.479016,8.5971,3.3624,0.5271,200,15,15,9,114,9,12,10,12,10,15,0,1.0000
67.770000,1377,1.6119,0.187413,0.479034,8.6009,3.3649,0.7357,200,18,18,16,155,9,12,11,12,10,17,1,0.9444
67.820000,1378,1.6183,0.187481,0.479061,8.6316,3.3780,0.8367,200,12,12,12,108,9,12,11,12,10,12,0,1.0000
67.870000,1379,1.6173,0.187530,0.479035,8.6244,3.3762,0.7424,200,18,18,16,158,9,12,11,12,10,18,0,1.0000
67.920000,1380,1.6185,0.187598,0.479065,8.6273,3.3784,0.7361,200,13,13,13,117,9,12,10,12,10,13,0,1.0000
67.970000,1381,1.6200,0.187605,0.478979,8.6350,3.3821,0.7253,200,18,18,16,155,9,12,12,12,10,18,0,1.0000
68.020000,1382,1.6220,0.187678,0.479016,8.6422,3.3860,0.7892,200,18,18,17,156,9,12,10,12,10,17,1,0.9444
68.070000,1383,1.6214,0.187740,0.479049,8.6366,3.3847,0.6514,200,16,16,15,142,9,12,10,12,10,16,0,1.0000
68.120000,1384,1.6233,0.187807,0.479079,8.6436,3.3884,0.7348,200,18,18,17,161,9,12,11,12,10,18,0,1.0000
68.170000,1385,1.6246,0.187895,0.479131,8.6464,3.3907,0.7340,200,13,13,13,117,9,12,10,12,10,13,0,1.0000
68.220000,1386,1.6259,0.187957,0.479162,8.6502,3.3932,0.7277,200,20,20,17,168,9,12,12,12,10,20,0,1.0000
68.270000,1387,1.6286,0.188027,0.479200,8.6615,3.3986,0.6808,200,15,15,11,120,9,12,12,12,10,15,0,1.0000
68.320000,1388,1.6337,0.188088,0.479230,8.6858,3.4090,0.5935,200,17,17,13,144,9,12,12,12,10,17,0,1.0000
68.370000,1389,1.6359,0.188163,0.479279,8.6942,3.4133,0.7080,200,19,19,19,171,9,12,10,12,10,19,0,1.0000
68.420000,1390,1.6402,0.188214,0.479299,8.7144,3.4220,0.7154,200,18,18,17,157,9,12,11,12,10,18,0,1.0000
68.470000,1391,1.6406,0.188285,0.479345,8.7132,3.4225,0.7446,200,17,17,16,148,9,12,10,12,10,17,0,1.0000
68.520000,1392,1.6479,0.188340,0.479366,8.7496,3.4376,0.7242,200,18,18,18,162,9,12,11,12,10,18,0,1.0000
68.570000,1393,1.6449,0.188409,0.479411,8.7304,3.4311,0.7396,200,14,14,14,126,9,12,12,12,10,14,0,1.0000
68.620000,1394,1.6419,0.188483,0.479462,8.7111,3.4245,0.7264,200,15,15,15,135,9,12,12,12,10,15,0,1.0000
68.670000,1395,1.6389,0.188546,0.479513,8.6924,3.4179,0.7226,200,14,14,14,126,9,12,11,12,10,14,0,1.0000
68.720000,1396,1.6355,0.188604,0.479548,8.6714,3.4104,0.7215,200,19,19,16,162,9,12,12,12,10,19,0,1.0000
68.770000,1397,1.6322,0.188675,0.479580,8.6508,3.4034,0.7315,200,18,18,14,156,9,12,10,12,10,18,0,1.0000
68.820000,1398,1.6300,0.188723,0.479581,8.6370,3.3988,0.7175,200,23,23,19,204,9,12,11,12,10,23,0,1.0000
68.870000,1399,1.6266,0.188780,0.479609,8.6166,3.3916,0.7366,200,12,12,10,104,9,12,12,12,10,12,0,1.0000
68.920000,1400,1.6166,0.188816,0.479611,8.5616,3.3706,0.7380,200,25,25,21,214,9,12,10,12,10,25,0,1.0000
68.970000,1401,1.6159,0.188871,0.479653,8.5557,3.3690,0.7435,200,20,20,19,176,9,12,11,12,10,20,0,1.0000
69.020000,1402,1.6155,0.188925,0.479642,8.5508,3.3681,0.7715,200,11,11,11,99,9,12,12,12,10,11,0,1.0000
69.070000,1403,1.6153,0.188978,0.479676,8.5476,3.3675,0.7406,200,17,17,17,153,9,12,12,12,10,17,0,1.0000
69.120000,1404,1.6142,0.189030,0.479708,8.5391,3.3649,0.7573,200,16,16,16,144,9,12,12,12,10,16,0,1.0000
69.170000,1405,1.6156,0.189087,0.479754,8.5440,3.3675,0.7489,200,12,12,11,106,9,12,12,12,10,12,0,1.0000
69.220000,1406,1.6162,0.189144,0.479809,8.5448,3.3684,0.7482,200,14,14,13,125,9,12,12,12,10,14,0,1.0000
69.270000,1407,1.6172,0.189194,0.479861,8.5479,3.3701,0.7606,200,16,16,14,139,9,12,12,12,10,16,0,1.0000
69.320000,1408,1.6199,0.189240,0.479906,8.5602,3.3755,0.8387,200,17,17,16,151,9,12,12,12,10,17,0,1.0000
69.370000,1409,1.6243,0.189291,0.479946,8.5808,3.3843,0.7167,200,19,19,15,158,9,12,12,12,10,19,0,1.0000
69.420000,1410,1.6284,0.189332,0.479943,8.6008,3.3929,0.7541,200,24,24,22,214,9,12,12,12,10,23,1,0.9583
69.470000,1411,1.6295,0.189376,0.479957,8.6047,3.3951,0.7572,200,13,13,12,117,9,12,10,12,10,13,0,1.0000
69.520000,1412,1.6295,0.189416,0.479955,8.6028,3.3951,0.7524,200,25,25,24,224,9,12,11,12,10,25,0,1.0000
69.570000,1413,1.6247,0.189459,0.479972,8.5755,3.3850,0.7477,200,22,22,18,177,9,12,10,12,10,21,1,0.9545
69.620000,1414,1.6235,0.189494,0.479974,8.5676,3.3825,0.7422,200,14,14,13,122,9,12,12,12,10,14,0,1.0000
69.670000,1415,1.6199,0.189526,0.479984,8.5469,3.3748,0.7368,200,15,15,15,135,9,12,12,12,10,14,1,0.9333
69.720000,1416,1.6160,0.189551,0.479991,8.5257,3.3668,0.5678,200,15,15,15,135,9,12,12,12,10,15,0,1.0000
69.770000,1417,1.6137,0.189581,0.480011,8.5117,3.3617,0.7739,200,15,15,9,111,9,12,12,12,10,14,1,0.9333
69.820000,1418,1.6136,0.189607,0.480013,8.5100,3.3615,0.8545,200,15,15,14,129,9,12,12,12,10,14,1,0.9333
69.870000,1419,1.6095,0.189623,0.480018,8.4879,3.3530,0.7675,200,17,17,15,152,9,12,12,12,10,17,0,1.0000
69.920000,1420,1.6111,0.189640,0.480023,8.4953,3.3562,0.7688,200,18,18,17,157,9,12,11,12,10,18,0,1.0000
69.970000,1421,1.6109,0.189666,0.480024,8.4932,3.3558,0.7793,200,14,14,13,121,9,12,12,12,10,14,0,1.0000
70.020000,1422,1.6138,0.189669,0.480022,8.5086,3.3620,0.7948,200,22,22,21,195,9,12,12,12,10,22,0,1.0000
70.070000,1423,1.6138,0.189691,0.480034,8.5075,3.3618,0.7454,200,12,12,11,108,9,12,12,12,10,12,0,1.0000
70.120000,1424,1.6140,0.189710,0.480045,8.5078,3.3622,0.7592,200,25,25,22,215,9,12,12,12,10,25,0,1.0000
70.170000,1425,1.6115,0.189746,0.480055,8.4929,3.3569,0.7565,200,22,22,21,192,9,12,12,12,10,22,0,1.0000
70.220000,1426,1.6105,0.189790,0.480083,8.4859,3.3547,0.7574,200,15,15,12,126,9,12,12,12,10,15,0,1.0000
70.270000,1427,1.6094,0.189836,0.480102,8.4780,3.3522,0.7511,200,17,17,16,152,9,12,12,12,10,17,0,1.0000
70.320000,1428,1.6095,0.189886,0.480138,8.4762,3.3522,0.7679,200,14,14,14,126,9,12,12,12,10,14,0,1.0000
70.370000,1429,1.6069,0.189936,0.480183,8.4601,3.3464,0.7582,200,10,10,9,87,9,12,12,12,10,10,0,1.0000
70.420000,1430,1.6052,0.189979,0.480211,8.4492,3.3426,0.7667,200,18,18,16,156,9,12,12,12,10,18,0,1.0000
70.470000,1431,1.6021,0.190020,0.480254,8.4310,3.3358,0.7513,200,13,13,13,117,9,12,12,12,10,13,0,1.0000
70.520000,1432,1.5998,0.190046,0.480274,8.4182,3.3311,0.7658,200,19,19,18,165,9,12,12,12,10,19,0,1.0000
70.570000,1433,1.5982,0.190063,0.480282,8.4086,3.3276,0.7587,200,15,15,14,133,9,12,12,12,10,15,0,1.0000
70.620000,1434,1.6051,0.190026,0.480239,8.4466,3.3422,0.7561,200,21,21,21,189,9,12,12,12,10,21,0,1.0000
70.670000,1435,1.6004,0.190017,0.480228,8.4223,3.3325,0.7599,200,15,15,13,125,9,12,12,12,10,15,0,1.0000
70.720000,1436,1.5910,0.190006,0.480226,8.3732,3.3129,0.7431,200,23,23,23,207,9,12,12,12,10,23,0,1.0000
70.770000,1437,1.5906,0.190022,0.480239,8.3705,3.3120,0.7443,200,23,23,23,207,9,12,12,12,10,23,0,1.0000
70.820000,1438,1.5904,0.190058,0.480268,8.3679,3.3114,0.7254,200,14,14,13,123,9,12,12,12,10,14,0,1.0000
70.870000,1439,1.5880,0.190099,0.480292,8.3533,3.3062,0.7520,200,19,19,18,166,9,12,10,12,10,19,0,1.0000
70.920000,1440,1.5867,0.190145,0.480325,8.3446,3.3034,0.7646,200,15,15,13,127,9,12,12,12,10,15,0,1.0000
70.970000,1441,1.5856,0.190202,0.480374,8.3364,3.3008,0.7474,200,9,9,9,81,9,12,12,12,10,9,0,1.0000
71.020000,1442,1.5875,0.190241,0.480375,8.3446,3.3047,0.8102,200,19,19,17,164,9,12,12,12,10,19,0,1.0000
71.070000,1443,1.5872,0.190284,0.480401,8.3412,3.3039,0.7708,200,16,16,14,140,9,12,11,12,10,16,0,1.0000
71.120000,1444,1.5906,0.190310,0.480422,8.3578,3.3108,0.7625,200,19,19,17,164,9,12,12,12,10,19,0,1.0000
71.170000,1445,1.5994,0.190296,0.480399,8.4049,3.3293,0.7806,200,17,17,15,149,9,12,10,12,10,17,0,1.0000
71.220000,1446,1.6109,0.190248,0.480359,8.4671,3.3534,0.6429,200,23,23,21,205,9,12,10,12,10,23,0,1.0000
71.270000,1447,1.6168,0.190236,0.480358,8.4991,3.3659,0.7436,200,14,14,12,120,9,12,10,12,10,13,1,0.9286
71.320000,1448,1.6241,0.190119,0.480299,8.5427,3.3815,0.7587,200,31,31,25,266,9,12,10,12,10,31,0,1.0000
71.370000,1449,1.6237,0.190034,0.480269,8.5444,3.3808,0.7164,200,30,30,19,229,9,12,10,12,10,30,0,1.0000
71.420000,1450,1.6257,0.190006,0.480269,8.5562,3.3851,0.7024,200,14,14,12,114,9,12,12,12,10,14,0,1.0000
71.470000,1451,1.6266,0.189930,0.480242,8.5643,3.3871,0.7167,200,20,20,13,158,9,12,10,12,10,19,1,0.9500
71.520000,1452,1.6314,0.189866,0.480226,8.5921,3.3971,0.9247,200,16,16,10,125,9,12,11,12,10,15,1,0.9375
71.570000,1453,1.6271,0.189819,0.480223,8.5721,3.3883,0.7300,200,12,12,7,99,9,12,12,12,10,12,0,1.0000
71.620000,1454,1.6290,0.189699,0.480144,8.5874,3.3928,0.7438,200,15,15,12,125,9,12,12,12,10,15,0,1.0000
71.670000,1455,1.6282,0.189635,0.480123,8.5862,3.3913,0.5967,200,15,15,11,129,9,12,10,12,10,15,0,1.0000
71.720000,1456,1.6224,0.189589,0.480121,8.5576,3.3792,0.7822,200,15,15,14,133,9,12,10,12,10,15,0,1.0000
71.770000,1457,1.6170,0.189576,0.480135,8.5298,3.3679,0.7870,200,11,11,8,87,9,12,10,12,10,11,0,1.0000
71.820000,1458,1.6146,0.189537,0.480133,8.5187,3.3629,0.8642,200,17,17,14,143,9,12,12,12,10,17,0,1.0000
71.870000,1459,1.6066,0.189524,0.480145,8.4771,3.3461,0.7901,200,16,16,13,137,9,12,10,12,10,16,0,1.0000
71.920000,1460,1.6018,0.189522,0.480160,8.4516,3.3359,0.7873,200,23,23,22,202,9,12,12,12,10,23,0,1.0000
71.970000,1461,1.5966,0.189559,0.480197,8.4229,3.3250,0.7910,200,17,17,17,153,9,12,12,12,10,17,0,1.0000
72.020000,1462,1.5967,0.189614,0.480232,8.4206,3.3248,0.7800,200,21,21,19,181,9,12,12,12,10,21,0,1.0000
72.070000,1463,1.5940,0.189690,0.480286,8.4032,3.3189,0.7897,200,16,16,16,144,9,12,12,12,10,16,0,1.0000
72.120000,1464,1.5939,0.189769,0.480338,8.3991,3.3182,0.7941,200,17,17,16,147,9,12,12,12,10,17,0,1.0000
72.170000,1465,1.5947,0.189820,0.480364,8.4014,3.3199,0.7803,200,19,19,19,171,9,12,12,12,10,19,0,1.0000
72.220000,1466,1.5971,0.189882,0.480414,8.4109,3.3244,0.7847,200,13,13,12,116,9,12,12,12,10,13,0,1.0000
72.270000,1467,1.6015,0.189926,0.480453,8.4323,3.3333,0.7637,200,15,15,15,135,9,12,12,12,10,15,0,1.0000
72.320000,1468,1.6109,0.189929,0.480460,8.4818,3.3529,0.7439,200,17,17,17,153,9,12,10,12,10,17,0,1.0000
72.370000,1469,1.6108,0.189986,0.480503,8.4785,3.3523,0.7740,200,10,10,10,90,9,12,12,12,10,10,0,1.0000
72.420000,1470,1.6155,0.190024,0.480535,8.5016,3.3619,0.7912,200,17,17,16,149,9,12,12,12,10,17,0,1.0000
72.470000,1471,1.6171,0.190044,0.480538,8.5091,3.3652,0.7798,200,18,18,15,153,9,12,12,12,10,18,0,1.0000
72.520000,1472,1.6215,0.190101,0.480562,8.5295,3.3741,0.7676,200,23,23,22,205,9,12,12,12,10,23,0,1.0000
72.570000,1473,1.6191,0.190184,0.480608,8.5134,3.3689,0.7931,200,17,17,17,153,9,12,12,12,10,17,0,1.0000
72.620000,1474,1.6185,0.190250,0.480626,8.5074,3.3675,0.7884,200,22,22,21,194,9,12,12,12,10,22,0,1.0000
72.670000,1475,1.6178,0.190346,0.480674,8.4991,3.3656,0.7841,200,18,18,17,160,9,12,12,12,10,18,0,1.0000
72.720000,1476,1.6164,0.190406,0.480693,8.4890,3.3626,0.7887,200,17,17,17,153,9,12,11,12,10,17,0,1.0000
72.770000,1477,1.6145,0.190461,0.480718,8.4767,3.3585,0.7881,200,14,14,13,120,9,12,12,12,10,14,0,1.0000
72.820000,1478,1.6140,0.190545,0.480773,8.4703,3.3570,0.7780,200,12,12,12,108,9,12,12,12,10,12,0,1.0000
72.870000,1479,1.6111,0.190569,0.480792,8.4543,3.3510,0.7897,200,16,16,16,144,9,12,12,12,10,16,0,1.0000
72.920000,1480,1.6101,0.190567,0.480805,8.4488,3.3487,0.7923,200,18,18,16,154,9,12,12,12,10,18,0,1.0000
72.970000,1481,1.6080,0.190578,0.480821,8.4374,3.3442,0.7909,200,11,11,10,96,9,12,12,12,10,11,0,1.0000
73.020000,1482,1.6073,0.190535,0.480816,8.4357,3.3429,0.8073,200,17,17,16,152,9,12,12,12,10,17,0,1.0000
73.070000,1483,1.6067,0.190489,0.480802,8.4345,3.3417,0.7776,200,18,18,17,161,9,12,12,12,10,18,0,1.0000
73.120000,1484,1.6035,0.190467,0.480802,8.4185,3.3350,0.7951,200,24,24,24,216,9,12,12,12,10,24,0,1.0000
73.170000,1485,1.6010,0.190522,0.480840,8.4033,3.3296,0.7849,200,18,18,17,160,9,12,12,12,10,18,0,1.0000
73.220000,1486,1.5986,0.190604,0.480888,8.3868,3.3242,0.7890,200,20,20,20,180,9,12,12,12,10,20,0,1.0000
73.270000,1487,1.5988,0.190718,0.480957,8.3832,3.3242,0.8054,200,15,15,15,135,9,12,12,12,10,15,0,1.0000
73.320000,1488,1.5990,0.190834,0.481022,8.3792,3.3242,0.8335,200,16,16,16,144,9,12,12,12,10,16,0,1.0000
73.370000,1489,1.5985,0.190949,0.481094,8.3716,3.3227,0.8186,200,14,14,13,122,9,12,11,12,10,14,0,1.0000
73.420000,1490,1.6010,0.191034,0.481153,8.3808,3.3275,0.8039,200,14,14,10,112,9,12,12,12,10,14,0,1.0000
73.470000,1491,1.6071,0.191096,0.481199,8.4098,3.3397,0.7642,200,18,18,17,161,9,12,12,12,10,18,0,1.0000
73.520000,1492,1.6136,0.191144,0.481237,8.4417,3.3530,0.8958,200,19,19,17,163,9,12,10,12,10,18,1,0.9474
73.570000,1493,1.6112,0.191221,0.481253,8.4256,3.3478,0.8030,200,17,17,11,137,9,12,11,12,10,17,0,1.0000
73.620000,1494,1.6216,0.191251,0.481265,8.4792,3.3696,0.8016,200,25,25,17,208,9,12,10,12,10,25,0,1.0000
73.670000,1495,1.6294,0.191317,0.481303,8.5167,3.3854,0.8220,200,25,25,18,203,9,12,10,12,10,25,0,1.0000
73.720000,1496,1.6187,0.191368,0.481342,8.4584,3.3628,0.7990,200,22,22,18,194,9,12,12,12,10,22,0,1.0000
73.770000,1497,1.6229,0.191422,0.481378,8.4779,3.3713,0.7915,200,16,16,12,132,9,12,10,12,10,16,0,1.0000
73.820000,1498,1.6151,0.191469,0.481423,8.4354,3.3549,0.8915,200,18,18,17,158,9,12,12,12,10,18,0,1.0000
73.870000,1499,1.6031,0.191487,0.481460,8.3718,3.3297,0.8086,200,14,14,13,126,9,12,12,12,10,14,0,1.0000
73.920000,1500,1.5940,0.191503,0.481500,8.3238,3.3106,0.7981,200,13,13,11,112,9,12,12,12,10,13,0,1.0000
73.970000,1501,1.5874,0.191581,0.481562,8.2856,3.2963,0.7699,200,12,12,12,108,9,12,11,12,10,12,0,1.0000
74.020000,1502,1.5835,0.191650,0.481628,8.2626,3.2878,0.8633,200,8,8,6,69,9,12,12,12,10,8,0,1.0000
74.070000,1503,1.5859,0.191645,0.481656,8.2754,3.2927,0.7929,200,19,19,16,167,9,12,10,12,10,19,0,1.0000
74.120000,1504,1.5858,0.191631,0.481679,8.2753,3.2923,0.7769,200,17,17,14,151,9,12,11,12,10,17,0,1.0000
74.170000,1505,1.5874,0.191715,0.481748,8.2801,3.2951,0.7841,200,11,11,11,99,9,12,12,12,10,11,0,1.0000
74.220000,1506,1.5856,0.191811,0.481822,8.2663,3.2908,0.7827,200,21,21,20,183,9,12,11,12,10,21,0,1.0000
74.270000,1507,1.5854,0.191882,0.481879,8.2624,3.2901,0.7923,200,19,19,19,171,9,12,10,12,10,19,0,1.0000
74.320000,1508,1.5885,0.191795,0.481803,8.2824,3.2970,0.7815,200,26,26,24,223,9,12,12,12,10,26,0,1.0000
74.370000,1509,1.5950,0.191559,0.481727,8.3262,3.3109,0.7856,200,20,20,18,176,9,12,12,12,10,20,0,1.0000
74.420000,1510,1.5993,0.191348,0.481647,8.3581,3.3205,0.8181,200,23,23,19,197,9,12,11,12,10,23,0,1.0000
74.470000,1511,1.5937,0.191221,0.481601,8.3344,3.3092,0.8144,200,18,18,16,156,9,12,12,12,10,17,1,0.9444
74.520000,1512,1.5951,0.191123,0.481574,8.3458,3.3122,0.8535,200,18,18,15,155,9,12,12,12,10,18,0,1.0000
74.570000,1513,1.5805,0.190832,0.481480,8.2823,3.2826,0.8276,200,13,13,12,111,9,12,10,12,10,13,0,1.0000
74.620000,1514,1.5823,0.190799,0.481496,8.2929,3.2862,0.8349,200,10,10,7,80,9,12,10,12,10,10,0,1.0000
74.670000,1515,1.5922,0.190617,0.481458,8.3528,3.3070,0.8179,200,13,13,12,113,9,12,11,12,10,13,0,1.0000
74.720000,1516,1.5880,0.190354,0.481360,8.3422,3.2989,0.8381,200,17,17,15,152,9,12,12,12,10,17,0,1.0000
74.770000,1517,1.5936,0.190134,0.481283,8.3815,3.3112,0.7537,200,19,19,15,163,9,12,11,12,10,19,0,1.0000
74.820000,1518,1.5989,0.189946,0.481235,8.4174,3.3224,0.9072,200,17,17,14,146,9,12,12,12,10,17,0,1.0000
74.870000,1519,1.6042,0.189725,0.481172,8.4554,3.3339,0.8286,200,23,23,19,197,9,12,10,12,10,23,0,1.0000
74.920000,1520,1.6072,0.189556,0.481138,8.4789,3.3405,0.8392,200,19,19,17,171,9,12,10,12,10,18,1,0.9474
74.970000,1521,1.6103,0.189341,0.481084,8.5045,3.3471,0.8342,200,23,23,19,191,9,12,10,12,10,23,0,1.0000
75.020000,1522,1.6067,0.189071,0.481009,8.4977,3.3402,0.9522,200,28,28,18,218,9,12,10,12,10,27,1,0.9643
75.070000,1523,1.6076,0.188956,0.480987,8.5077,3.3423,0.8529,200,20,20,15,156,9,12,12,12,10,20,0,1.0000
75.120000,1524,1.6055,0.188750,0.480909,8.5062,3.3386,0.8316,200,25,25,17,195,9,12,11,12,10,24,1,0.9600
75.170000,1525,1.6078,0.188574,0.480864,8.5263,3.3436,0.8470,200,15,15,10,118,9,12,10,12,10,15,0,1.0000
75.220000,1526,1.6009,0.188460,0.480845,8.4948,3.3294,0.8107,200,11,11,5,90,9,12,10,12,10,11,0,1.0000
75.270000,1527,1.5977,0.188242,0.480800,8.4872,3.3229,0.8575,200,19,19,11,141,9,12,11,12,10,18,1,0.9474
75.320000,1528,1.5916,0.188103,0.480777,8.4613,3.3105,0.9704,200,13,13,9,107,9,12,12,12,10,13,0,1.0000
75.370000,1529,1.5880,0.187958,0.480752,8.4484,3.3031,0.8909,200,13,13,9,103,9,12,11,12,10,13,0,1.0000
75.420000,1530,1.5959,0.187822,0.480717,8.4966,3.3197,0.8925,200,18,18,15,155,9,12,11,12,10,18,0,1.0000
75.470000,1531,1.5957,0.187749,0.480728,8.4990,3.3193,0.8843,200,18,18,14,144,9,12,10,12,10,18,0,1.0000
75.520000,1532,1.5958,0.187677,0.480742,8.5031,3.3196,0.9107,200,17,17,14,145,9,12,11,12,10,17,0,1.0000
75.570000,1533,1.5946,0.187641,0.480780,8.4982,3.3167,0.8928,200,12,12,10,105,9,12,10,12,10,12,0,1.0000
75.620000,1534,1.5934,0.187590,0.480804,8.4942,3.3141,0.8913,200,24,24,20,192,9,12,10,12,10,24,0,1.0000
75.670000,1535,1.5966,0.187497,0.480808,8.5155,3.3207,0.8677,200,19,19,15,159,9,12,12,12,10,19,0,1.0000
75.720000,1536,1.5999,0.187404,0.480810,8.5373,3.3276,0.8634,200,18,18,16,152,9,12,12,12,10,18,0,1.0000
75.770000,1537,1.6017,0.187289,0.480765,8.5518,3.3315,0.8598,200,12,12,12,108,9,12,12,12,10,12,0,1.0000
75.820000,1538,1.6020,0.187152,0.480690,8.5600,3.3328,0.8317,200,20,20,14,159,9,12,12,12,10,20,0,1.0000
75.870000,1539,1.6046,0.187045,0.480664,8.5789,3.3384,0.8279,200,19,19,15,163,9,12,12,12,10,19,0,1.0000
75.920000,1540,1.6058,0.186913,0.480595,8.5911,3.3413,0.8335,200,18,18,16,160,9,12,12,12,10,18,0,1.0000
75.970000,1541,1.6073,0.186816,0.480554,8.6039,3.3448,0.8453,200,18,18,13,150,9,12,12,12,10,18,0,1.0000
76.020000,1542,1.6099,0.186699,0.480493,8.6231,3.3506,0.8397,200,23,23,20,201,9,12,10,12,10,23,0,1.0000
76.070000,1543,1.6056,0.186639,0.480494,8.6028,3.3416,0.8519,200,14,14,11,116,9,12,12,12,10,14,0,1.0000
76.120000,1544,1.6038,0.186597,0.480496,8.5948,3.3377,0.8665,200,11,11,11,99,9,12,12,12,10,11,0,1.0000
76.170000,1545,1.6040,0.186556,0.480513,8.5981,3.3382,0.8694,200,13,13,7,101,9,12,12,12,10,13,0,1.0000
76.220000,1546,1.6031,0.186517,0.480527,8.5951,3.3362,0.8573,200,22,22,19,184,9,12,11,12,10,22,0,1.0000
76.270000,1547,1.5975,0.186483,0.480557,8.5666,3.3243,0.8733,200,19,19,18,167,9,12,12,12,10,19,0,1.0000
76.320000,1548,1.5964,0.186449,0.480591,8.5623,3.3218,0.8443,200,19,19,17,163,9,12,12,12,10,19,0,1.0000
76.370000,1549,1.5883,0.186409,0.480604,8.5204,3.3048,0.8942,200,12,12,10,99,9,12,11,12,10,12,0,1.0000
76.420000,1550,1.5836,0.186373,0.480617,8.4967,3.2949,0.8862,200,17,17,14,144,9,12,12,12,10,17,0,1.0000
76.470000,1551,1.5818,0.186327,0.480633,8.4894,3.2911,0.8898,200,20,20,18,179,9,12,11,12,10,20,0,1.0000
76.520000,1552,1.5797,0.186279,0.480619,8.4805,3.2869,0.9096,200,22,22,20,195,9,12,11,12,10,22,0,1.0000
76.570000,1553,1.5814,0.186207,0.480628,8.4929,3.2904,0.8942,200,16,16,14,135,9,12,11,12,10,16,0,1.0000
76.620000,1554,1.5802,0.186137,0.480638,8.4895,3.2877,0.9060,200,20,20,18,177,9,12,10,12,10,20,0,1.0000
76.670000,1555,1.5811,0.186078,0.480660,8.4969,3.2894,0.8939,200,11,11,11,99,9,12,12,12,10,11,0,1.0000
76.720000,1556,1.5801,0.185989,0.480682,8.4955,3.2871,0.9000,200,18,18,12,135,9,12,11,12,10,18,0,1.0000
76.770000,1557,1.5800,0.185931,0.480718,8.4977,3.2867,0.9001,200,13,13,12,112,9,12,10,12,10,13,0,1.0000
76.820000,1558,1.5788,0.185860,0.480748,8.4943,3.2840,0.8984,200,25,25,20,207,9,12,12,12,10,25,0,1.0000
76.870000,1559,1.5802,0.185816,0.480786,8.5041,3.2867,0.9001,200,21,21,18,177,9,12,10,12,10,21,0,1.0000
76.920000,1560,1.5797,0.185760,0.480808,8.5039,3.2855,0.9077,200,28,28,23,236,9,12,10,12,10,28,0,1.0000
76.970000,1561,1.5799,0.185707,0.480845,8.5075,3.2857,0.9066,200,12,12,9,92,9,12,11,12,10,12,0,1.0000
77.020000,1562,1.5784,0.185666,0.480894,8.5015,3.2823,0.9109,200,19,19,13,143,9,12,12,12,10,19,0,1.0000
77.070000,1563,1.5750,0.185609,0.480930,8.4857,3.2750,0.8842,200,22,22,15,178,9,12,10,12,10,22,0,1.0000
77.120000,1564,1.5756,0.185563,0.480956,8.4909,3.2760,0.9025,200,15,15,13,128,9,12,12,12,10,15,0,1.0000
77.170000,1565,1.5804,0.185474,0.480970,8.5210,3.2859,0.8991,200,26,26,18,214,9,12,10,12,10,26,0,1.0000
77.220000,1566,1.5782,0.185412,0.481008,8.5118,3.2810,0.8913,200,20,20,13,158,9,12,12,12,10,19,1,0.9500
77.270000,1567,1.5815,0.185358,0.481039,8.5319,3.2876,0.8944,200,16,16,8,119,9,12,12,12,10,16,0,1.0000
77.320000,1568,1.5803,0.185299,0.481084,8.5285,3.2849,0.9316,200,19,19,12,143,9,12,10,12,10,19,0,1.0000
77.370000,1569,1.5813,0.185259,0.481145,8.5355,3.2865,0.9030,200,10,10,10,90,9,12,11,12,10,10,0,1.0000
77.420000,1570,1.5809,0.185222,0.481207,8.5354,3.2854,0.9025,200,17,17,14,144,9,12,10,12,10,16,1,0.9412
77.470000,1571,1.5838,0.185186,0.481269,8.5522,3.2908,0.9144,200,18,18,14,152,9,12,12,12,10,18,0,1.0000
77.520000,1572,1.5871,0.185125,0.481288,8.5729,3.2975,0.9107,200,40,40,22,306,9,12,10,12,10,40,0,1.0000
77.570000,1573,1.5875,0.185095,0.481349,8.5765,3.2980,0.9054,200,11,11,6,79,9,12,12,12,10,11,0,1.0000
77.620000,1574,1.5895,0.185069,0.481373,8.5888,3.3021,0.9104,200,22,22,19,189,9,12,11,12,10,20,2,0.9091
77.670000,1575,1.5912,0.185052,0.481428,8.5986,3.3051,0.9143,200,19,19,12,132,9,12,10,12,10,17,2,0.8947
77.720000,1576,1.5952,0.185037,0.481504,8.6207,3.3129,0.9100,200,15,15,10,114,9,12,12,12,10,15,0,1.0000
77.770000,1577,1.5945,0.185036,0.481576,8.6174,3.3111,0.9106,200,21,21,14,157,9,12,11,12,10,19,2,0.9048
77.820000,1578,1.6078,0.185029,0.481619,8.6895,3.3384,0.9139,200,52,52,20,354,9,12,10,12,10,50,2,0.9615
77.870000,1579,1.6116,0.185042,0.481715,8.7093,3.3455,0.8957,200,7,7,7,63,9,12,12,12,10,7,0,1.0000
77.920000,1580,1.6098,0.185062,0.481730,8.6986,3.3417,0.9083,200,14,14,11,120,9,12,12,12,10,13,1,0.9286
77.970000,1581,1.6106,0.185090,0.481836,8.7016,3.3426,0.8994,200,10,10,5,63,9,12,12,12,10,10,0,1.0000
78.020000,1582,1.6127,0.185124,0.481926,8.7116,3.3464,0.8968,200,12,12,12,108,9,12,10,12,10,11,1,0.9167
78.070000,1583,1.6119,0.185158,0.482027,8.7053,3.3439,0.9276,200,17,17,11,129,9,12,12,12,10,17,0,1.0000
78.120000,1584,1.6211,0.185162,0.481981,8.7552,3.3634,0.9221,200,53,53,21,387,9,12,10,12,10,53,0,1.0000
78.170000,1585,1.6213,0.185208,0.482078,8.7541,3.3632,0.9158,200,8,8,7,70,9,12,10,12,10,8,0,1.0000
78.220000,1586,1.6223,0.185248,0.482158,8.7574,3.3646,0.9114,200,11,11,9,93,9,12,12,12,10,11,0,1.0000
78.270000,1587,1.6216,0.185286,0.482232,8.7521,3.3628,0.9357,200,12,12,10,101,9,12,12,12,10,12,0,1.0000
78.320000,1588,1.6236,0.185310,0.482305,8.7615,3.3663,0.9459,200,15,15,12,121,9,12,11,12,10,15,0,1.0000
78.370000,1589,1.6294,0.185292,0.482257,8.7938,3.3787,0.9484,200,17,17,14,141,9,12,11,12,10,16,1,0.9412
78.420000,1590,1.6356,0.185145,0.481990,8.8344,3.3935,0.9757,200,29,29,24,240,9,12,11,12,10,28,1,0.9655
78.470000,1591,1.6473,0.185185,0.482036,8.8954,3.4174,0.9824,200,7,7,5,61,9,12,12,12,10,7,0,1.0000
78.520000,1592,1.6472,0.185124,0.482030,8.8977,3.4172,0.9937,200,15,15,12,124,9,12,10,12,10,15,0,1.0000
78.570000,1593,1.6501,0.185050,0.481904,8.9170,3.4241,0.9924,200,19,19,7,147,9,12,12,12,10,19,0,1.0000
78.620000,1594,1.6514,0.184997,0.481900,8.9268,3.4269,0.9933,200,24,24,17,191,9,12,10,12,10,24,0,1.0000
78.670000,1595,1.6507,0.184959,0.481935,8.9245,3.4251,0.9926,200,12,12,11,107,9,12,12,12,10,12,0,1.0000
78.720000,1596,1.6467,0.184754,0.481690,8.9127,3.4185,0.9866,200,38,38,37,340,9,12,10,12,10,38,0,1.0000
78.770000,1597,1.6485,0.184767,0.481762,8.9222,3.4219,0.9807,200,9,9,7,70,9,12,12,12,10,9,0,1.0000
78.820000,1598,1.6474,0.184766,0.481825,8.9163,3.4191,0.9905,200,16,16,14,138,9,12,10,12,10,16,0,1.0000
78.870000,1599,1.6424,0.184773,0.481895,8.8886,3.4081,0.9904,200,13,13,11,108,9,12,11,12,10,13,0,1.0000
78.920000,1600,1.6469,0.184805,0.481979,8.9116,3.4170,0.9794,200,13,13,13,117,9,12,10,12,10,13,0,1.0000
78.970000,1601,1.6447,0.184826,0.482056,8.8985,3.4118,1.0001,200,14,14,13,122,9,12,12,12,10,13,1,0.9286
79.020000,1602,1.6424,0.184821,0.482113,8.8864,3.4067,0.9985,200,29,29,26,259,9,12,10,12,10,29,0,1.0000
79.070000,1603,1.6421,0.184872,0.482207,8.8824,3.4054,1.0058,200,12,12,6,79,9,12,10,12,10,12,0,1.0000
79.120000,1604,1.6387,0.184829,0.482241,8.8658,3.3980,1.0015,200,21,21,14,177,9,12,10,12,10,19,2,0.9048
79.170000,1605,1.6378,0.184749,0.482190,8.8651,3.3966,0.9991,200,21,21,11,164,9,12,10,12,10,21,0,1.0000
79.220000,1606,1.6350,0.184585,0.481974,8.8576,3.3923,1.0077,200,31,31,23,238,9,12,10,12,10,31,0,1.0000
79.270000,1607,1.6321,0.184461,0.481918,8.8477,3.3866,1.0204,200,15,15,13,131,9,12,11,12,10,15,0,1.0000
79.320000,1608,1.6413,0.184097,0.481510,8.9152,3.4086,1.0538,200,29,29,24,242,9,12,10,12,10,29,0,1.0000
79.370000,1609,1.6403,0.184050,0.481518,8.9125,3.4066,1.0515,200,9,9,7,74,9,12,12,12,10,9,0,1.0000
79.420000,1610,1.6379,0.183961,0.481461,8.9035,3.4019,1.0548,200,17,17,13,140,9,12,12,12,10,17,0,1.0000
79.470000,1611,1.6270,0.183842,0.481412,8.8499,3.3796,1.0688,200,13,13,9,107,9,12,12,12,10,13,0,1.0000
79.520000,1612,1.6270,0.183802,0.481377,8.8519,3.3799,1.1206,200,16,16,8,111,9,12,11,12,10,16,0,1.0000
79.570000,1613,1.6226,0.183721,0.481354,8.8317,3.3708,1.0880,200,16,16,12,131,9,12,11,12,10,16,0,1.0000
79.620000,1614,1.6066,0.183654,0.481250,8.7479,3.3383,1.0604,200,22,22,18,188,9,12,12,12,10,22,0,1.0000
79.670000,1615,1.6172,0.183673,0.481236,8.8046,3.3604,1.0557,200,4,4,4,36,9,12,12,12,10,4,0,1.0000
79.720000,1616,1.6105,0.183654,0.481213,8.7694,3.3468,1.0518,200,17,17,17,153,9,12,12,12,10,17,0,1.0000
79.770000,1617,1.6172,0.183659,0.481190,8.8052,3.3608,1.0348,200,17,17,15,143,9,12,10,12,10,17,0,1.0000
79.820000,1618,1.6208,0.183679,0.481157,8.8240,3.3685,1.0035,200,17,17,15,147,9,12,12,12,10,17,0,1.0000
79.870000,1619,1.6173,0.183702,0.481161,8.8037,3.3612,1.0111,200,13,13,12,114,9,12,12,12,10,13,0,1.0000
79.920000,1620,1.6170,0.183705,0.481061,8.8019,3.3612,1.0366,200,35,35,31,304,9,12,12,12,10,35,0,1.0000
79.970000,1621,1.6152,0.183738,0.481068,8.7907,3.3575,1.0363,200,13,13,12,116,9,12,12,12,10,13,0,1.0000
80.020000,1622,1.6089,0.183756,0.480961,8.7556,3.3452,1.0334,200,17,17,17,153,9,12,12,12,10,17,0,1.0000
80.070000,1623,1.6031,0.183756,0.480858,8.7241,3.3338,1.0735,200,36,36,17,266,9,12,10,12,10,36,0,1.0000
80.120000,1624,1.6039,0.183780,0.480839,8.7273,3.3356,1.0873,200,14,14,13,124,9,12,12,12,10,14,0,1.0000
80.170000,1625,1.6019,0.183806,0.480837,8.7153,3.3315,1.0918,200,12,12,12,108,9,12,11,12,10,12,0,1.0000
80.220000,1626,1.5929,0.183822,0.480827,8.6653,3.3128,1.1057,200,24,24,17,178,9,12,10,12,10,24,0,1.0000
80.270000,1627,1.5944,0.183863,0.480840,8.6716,3.3159,1.1252,200,5,5,3,42,9,12,12,12,10,5,0,1.0000
80.320000,1628,1.5842,0.183871,0.480836,8.6159,3.2947,1.1387,200,18,18,14,153,9,12,12,12,10,18,0,1.0000
80.370000,1629,1.5831,0.183887,0.480838,8.6092,3.2924,1.1350,200,15,15,14,131,9,12,12,12,10,15,0,1.0000
80.420000,1630,1.5856,0.183905,0.480833,8.6220,3.2977,1.1474,200,19,19,17,165,9,12,10,12,10,19,0,1.0000
80.470000,1631,1.5827,0.183930,0.480845,8.6051,3.2916,1.1396,200,9,9,9,81,9,12,12,12,10,9,0,1.0000
80.520000,1632,1.5851,0.183913,0.480821,8.6190,3.2967,1.1403,200,29,29,26,248,9,12,12,12,10,29,0,1.0000
80.570000,1633,1.5869,0.183932,0.480824,8.6277,3.3004,1.1370,200,15,15,13,127,9,12,10,12,10,14,1,0.9333
80.620000,1634,1.5852,0.183919,0.480812,8.6192,3.2970,1.1282,200,17,17,16,153,9,12,11,12,10,17,0,1.0000
80.670000,1635,1.5810,0.183916,0.480799,8.5962,3.2882,1.1344,200,22,22,21,196,9,12,12,12,10,22,0,1.0000
80.720000,1636,1.5803,0.183921,0.480793,8.5921,3.2868,1.1300,200,14,14,14,126,9,12,10,12,10,14,0,1.0000
80.770000,1637,1.5809,0.183934,0.480795,8.5948,3.2880,1.1430,200,11,11,9,95,9,12,10,12,10,11,0,1.0000
80.820000,1638,1.5822,0.183911,0.480771,8.6033,3.2911,1.1110,200,25,25,25,225,9,12,12,12,10,25,0,1.0000
80.870000,1639,1.5836,0.183929,0.480775,8.6097,3.2938,1.1448,200,6,6,6,54,9,12,12,12,10,6,0,1.0000
80.920000,1640,1.5791,0.183930,0.480766,8.5853,3.2845,1.1088,200,15,15,14,130,9,12,12,12,10,15,0,1.0000
80.970000,1641,1.5770,0.183918,0.480749,8.5744,3.2803,1.0956,200,13,13,13,117,9,12,12,12,10,13,0,1.0000
81.020000,1642,1.5842,0.183879,0.480709,8.6152,3.2955,1.1344,200,20,20,18,174,9,12,12,12,10,20,0,1.0000
81.070000,1643,1.5848,0.183879,0.480700,8.6185,3.2968,1.1126,200,12,12,11,103,9,12,12,12,10,12,0,1.0000
81.120000,1644,1.5820,0.183819,0.480627,8.6061,3.2915,1.1076,200,31,31,30,273,9,12,12,12,10,30,1,0.9677
81.170000,1645,1.5815,0.183802,0.480600,8.6044,3.2907,1.1110,200,15,15,15,135,9,12,12,12,10,15,0,1.0000
81.220000,1646,1.5815,0.183796,0.480585,8.6047,3.2908,1.1081,200,18,18,16,155,9,12,11,12,10,17,1,0.9444
81.270000,1647,1.5753,0.183715,0.480521,8.5748,3.2784,1.0996,200,22,22,21,192,9,12,11,12,10,22,0,1.0000
81.320000,1648,1.5745,0.183700,0.480498,8.5710,3.2768,1.1214,200,13,13,11,110,9,12,12,12,10,13,0,1.0000
81.370000,1649,1.5728,0.183679,0.480477,8.5628,3.2734,1.0883,200,15,15,13,128,9,12,12,12,10,15,0,1.0000
81.420000,1650,1.5719,0.183655,0.480447,8.5591,3.2718,1.0833,200,26,26,25,229,9,12,12,12,10,26,0,1.0000
81.470000,1651,1.5714,0.183644,0.480433,8.5569,3.2708,1.0963,200,7,7,5,58,9,12,12,12,10,7,0,1.0000
81.520000,1652,1.5706,0.183636,0.480420,8.5529,3.2693,1.1143,200,16,16,15,140,9,12,11,12,10,16,0,1.0000
81.570000,1653,1.5727,0.183628,0.480403,8.5647,3.2738,1.0923,200,14,14,13,126,9,12,11,12,10,14,0,1.0000
81.620000,1654,1.5734,0.183612,0.480385,8.5691,3.2753,1.0773,200,22,22,18,180,9,12,10,12,10,21,1,0.9545
81.670000,1655,1.5739,0.183605,0.480373,8.5722,3.2764,1.0937,200,23,23,15,183,9,12,10,12,10,23,0,1.0000
81.720000,1656,1.5745,0.183584,0.480352,8.5762,3.2777,1.0496,200,28,28,28,252,9,12,10,12,10,28,0,1.0000
81.770000,1657,1.5750,0.183582,0.480344,8.5792,3.2789,1.0645,200,15,15,13,124,9,12,10,12,10,15,0,1.0000
81.820000,1658,1.5758,0.183572,0.480333,8.5841,3.2806,1.0332,200,17,17,13,138,9,12,11,12,10,16,1,0.9412
81.870000,1659,1.5775,0.183577,0.480327,8.5931,3.2842,1.0335,200,23,23,19,197,9,12,12,12,10,22,1,0.9565
81.920000,1660,1.5769,0.183586,0.480323,8.5892,3.2829,1.0516,200,12,12,11,105,9,12,10,12,10,11,1,0.9167
81.970000,1661,1.5775,0.183593,0.480319,8.5926,3.2844,1.0523,200,19,19,13,164,9,12,12,12,10,19,0,1.0000
82.020000,1662,1.5757,0.183604,0.480317,8.5820,3.2805,1.0790,200,22,22,19,183,9,12,11,12,10,20,2,0.9091
82.070000,1663,1.5774,0.183617,0.480318,8.5905,3.2840,1.0737,200,8,8,5,56,9,12,12,12,10,8,0,1.0000
82.120000,1664,1.5781,0.183630,0.480318,8.5941,3.2856,1.0594,200,14,14,11,113,9,12,11,12,10,14,0,1.0000
82.170000,1665,1.5748,0.183644,0.480317,8.5753,3.2787,1.0459,200,15,15,13,130,9,12,10,12,10,14,1,0.9333
82.220000,1666,1.5784,0.183653,0.480314,8.5942,3.2861,1.0421,200,20,20,17,173,9,12,11,12,10,19,1,0.9500
82.270000,1667,1.5757,0.183664,0.480312,8.5793,3.2806,1.0410,200,16,16,14,142,9,12,11,12,10,16,0,1.0000
82.320000,1668,1.5730,0.183675,0.480308,8.5640,3.2750,1.0944,200,25,25,24,219,9,12,12,12,10,25,0,1.0000
82.370000,1669,1.5686,0.183683,0.480306,8.5399,3.2659,1.0621,200,17,17,16,150,9,12,12,12,10,17,0,1.0000
82.420000,1670,1.5737,0.183683,0.480303,8.5677,3.2766,1.0384,200,20,20,17,174,9,12,11,12,10,20,0,1.0000
82.470000,1671,1.5931,0.183630,0.480232,8.6753,3.3173,0.9168,200,19,19,16,159,9,12,12,12,10,18,1,0.9474
82.520000,1672,1.5950,0.183637,0.480237,8.6856,3.3213,1.0564,200,11,11,9,98,9,12,12,12,10,11,0,1.0000
82.570000,1673,1.5957,0.183646,0.480242,8.6892,3.3228,1.0098,200,17,17,14,142,9,12,11,12,10,16,1,0.9412
82.620000,1674,1.5934,0.183650,0.480243,8.6765,3.3180,0.9983,200,26,26,21,216,9,12,10,12,10,26,0,1.0000
82.670000,1675,1.5900,0.183657,0.480245,8.6577,3.3109,0.9952,200,20,20,9,139,9,12,11,12,10,20,0,1.0000
82.720000,1676,1.5904,0.183671,0.480251,8.6590,3.3116,0.9643,200,15,15,10,121,9,12,11,12,10,15,0,1.0000
82.770000,1677,1.5933,0.183697,0.480263,8.6737,3.3176,0.9865,200,16,16,11,132,9,12,10,12,10,16,0,1.0000
82.820000,1678,1.5957,0.183728,0.480278,8.6854,3.3225,0.9969,200,17,17,14,146,9,12,10,12,10,17,0,1.0000
82.870000,1679,1.5965,0.183762,0.480295,8.6881,3.3241,0.9755,200,12,12,10,101,9,12,12,12,10,12,0,1.0000
82.920000,1680,1.5992,0.183803,0.480313,8.7008,3.3296,0.9666,200,24,24,18,192,9,12,11,12,10,24,0,1.0000
82.970000,1681,1.6013,0.183843,0.480331,8.7101,3.3337,0.9587,200,22,22,17,183,9,12,11,12,10,22,0,1.0000
83.020000,1682,1.6053,0.183888,0.480351,8.7297,3.3419,0.8951,200,19,19,14,151,9,12,12,12,10,19,0,1.0000
83.070000,1683,1.6008,0.183919,0.480358,8.7041,3.3326,0.9274,200,16,16,15,143,9,12,10,12,10,15,1,0.9375
83.120000,1684,1.6041,0.183971,0.480378,8.7195,3.3393,0.9100,200,11,11,7,91,9,12,12,12,10,11,0,1.0000
83.170000,1685,1.6054,0.184024,0.480396,8.7239,3.3419,0.9073,200,21,21,14,165,9,12,12,12,10,21,0,1.0000
83.220000,1686,1.6057,0.184075,0.480409,8.7233,3.3425,0.9020,200,18,18,18,162,9,12,12,12,10,18,0,1.0000
83.270000,1687,1.6030,0.184140,0.480429,8.7052,3.3366,0.8631,200,18,18,13,148,9,12,12,12,10,18,0,1.0000
83.320000,1688,1.6058,0.184217,0.480456,8.7167,3.3422,0.8579,200,21,21,16,176,9,12,10,12,10,21,0,1.0000
83.370000,1689,1.6091,0.184311,0.480492,8.7306,3.3489,0.8199,200,18,18,9,131,9,12,12,12,10,17,1,0.9444
83.420000,1690,1.6067,0.184394,0.480517,8.7132,3.3436,0.8811,200,26,26,18,198,9,12,10,12,10,25,1,0.9615
83.470000,1691,1.6089,0.184490,0.480553,8.7206,3.3479,0.8870,200,15,15,8,105,9,12,12,12,10,14,1,0.9333
83.520000,1692,1.6136,0.184587,0.480588,8.7416,3.3575,0.8504,200,23,23,16,171,9,12,12,12,10,23,0,1.0000
83.570000,1693,1.6152,0.184685,0.480622,8.7456,3.3606,0.8846,200,18,18,13,147,9,12,12,12,10,18,0,1.0000
83.620000,1694,1.6177,0.184785,0.480658,8.7547,3.3656,0.8908,200,23,23,13,168,9,12,12,12,10,23,0,1.0000
83.670000,1695,1.6182,0.184885,0.480695,8.7522,3.3663,0.8819,200,25,25,14,174,9,12,12,12,10,23,2,0.9200
83.720000,1696,1.6214,0.184990,0.480736,8.7648,3.3727,0.8534,200,16,16,4,94,9,12,12,12,10,15,1,0.9375
83.770000,1697,1.6208,0.185086,0.480769,8.7573,3.3714,0.8352,200,22,22,18,189,9,12,12,12,10,22,0,1.0000
83.820000,1698,1.6227,0.185185,0.480807,8.7625,3.3749,0.8278,200,16,16,12,129,9,12,10,12,10,16,0,1.0000
83.870000,1699,1.6255,0.185287,0.480847,8.7728,3.3805,0.8619,200,10,10,5,67,9,12,11,12,10,10,0,1.0000
83.920000,1700,1.6245,0.185381,0.480883,8.7628,3.3781,0.8525,200,28,28,15,199,9,12,10,12,10,24,4,0.8571
83.970000,1701,1.6244,0.185478,0.480922,8.7578,3.3776,0.8403,200,12,12,10,101,9,12,11,12,10,12,0,1.0000
84.020000,1702,1.6222,0.185569,0.480957,8.7417,3.3728,0.8229,197,19,19,14,148,9,12,10,12,10,17,2,0.8947
84.070000,1703,1.6193,0.185664,0.480995,8.7217,3.3666,0.8222,197,16,16,9,116,9,12,10,12,10,15,1,0.9375
84.120000,1704,1.6203,0.185759,0.481031,8.7225,3.3684,0.8354,200,19,19,13,151,9,12,10,12,10,18,1,0.9474
84.170000,1705,1.6214,0.185856,0.481071,8.7240,3.3704,0.8310,193,17,17,13,137,9,12,10,12,10,17,0,1.0000
84.220000,1706,1.6215,0.185950,0.481107,8.7199,3.3703,0.8294,185,28,28,14,205,9,12,11,12,10,28,0,1.0000
84.270000,1707,1.6226,0.186041,0.481144,8.7218,3.3724,0.8341,175,15,15,11,124,9,12,10,12,10,15,0,1.0000
84.320000,1708,1.6254,0.186140,0.481187,8.7320,3.3778,0.8053,177,11,11,6,80,9,12,10,12,10,11,0,1.0000
84.370000,1709,1.6286,0.186233,0.481225,8.7448,3.3842,0.8074,175,20,20,16,157,9,12,11,12,10,19,1,0.9500
84.420000,1710,1.6267,0.186326,0.481264,8.7302,3.3800,0.7624,168,19,19,11,140,9,12,10,12,10,18,1,0.9474
84.470000,1711,1.6325,0.186427,0.481308,8.7569,3.3918,0.8284,173,12,12,11,106,9,12,11,12,10,12,0,1.0000
84.520000,1712,1.6323,0.186523,0.481351,8.7513,3.3911,0.8506,187,17,17,14,137,9,12,12,12,10,17,0,1.0000
84.570000,1713,1.6355,0.186626,0.481400,8.7634,3.3973,0.8755,200,8,8,5,59,9,12,12,12,10,8,0,1.0000
84.620000,1714,1.6367,0.186723,0.481448,8.7655,3.3996,0.8607,200,13,13,10,106,9,12,12,12,10,12,1,0.9231
84.670000,1715,1.6364,0.186816,0.481491,8.7592,3.3985,0.8793,200,22,22,12,147,9,12,11,12,10,22,0,1.0000
84.720000,1716,1.6363,0.186908,0.481537,8.7548,3.3982,0.8511,200,13,13,11,108,9,12,12,12,10,13,0,1.0000
84.770000,1717,1.6423,0.187000,0.481581,8.7824,3.4102,0.9024,200,11,11,8,89,9,12,12,12,10,11,0,1.0000
84.820000,1718,1.6431,0.187092,0.481627,8.7822,3.4115,0.8953,200,19,19,14,149,9,12,12,12,10,19,0,1.0000
84.870000,1719,1.6420,0.187187,0.481676,8.7721,3.4090,0.9043,200,15,15,11,122,9,12,10,12,10,14,1,0.9333
84.920000,1720,1.6442,0.187290,0.481731,8.7790,3.4132,0.9157,200,12,12,7,92,9,12,12,12,10,12,0,1.0000
84.970000,1721,1.6431,0.187388,0.481783,8.7683,3.4104,0.8844,200,17,17,15,150,9,12,12,12,10,17,0,1.0000
85.020000,1722,1.6378,0.187479,0.481834,8.7361,3.3992,0.8445,200,20,20,17,174,9,12,11,12,10,20,0,1.0000
85.070000,1723,1.6358,0.187577,0.481860,8.7205,3.3947,0.8623,200,16,16,15,142,9,12,12,12,10,15,1,0.9375
85.120000,1724,1.6355,0.187679,0.481910,8.7141,3.3937,0.8994,200,16,16,14,134,9,12,12,12,10,16,0,1.0000
85.170000,1725,1.6408,0.187781,0.481957,8.7376,3.4044,0.9243,200,15,15,13,128,9,12,12,12,10,15,0,1.0000
85.220000,1726,1.6455,0.187876,0.481997,8.7587,3.4140,0.9450,200,15,15,13,131,9,12,11,12,10,15,0,1.0000
85.270000,1727,1.6587,0.187968,0.482036,8.8242,3.4410,0.9796,200,17,17,16,151,9,12,12,12,10,17,0,1.0000
85.320000,1728,1.6547,0.188055,0.482079,8.7989,3.4324,0.9879,200,20,20,19,175,9,12,10,12,10,20,0,1.0000
85.370000,1729,1.6552,0.188150,0.482136,8.7971,3.4330,0.9648,200,11,11,8,82,9,12,12,12,10,11,0,1.0000
85.420000,1730,1.6593,0.188236,0.482179,8.8152,3.4414,0.9561,200,22,22,20,193,9,12,12,12,10,22,0,1.0000
85.470000,1731,1.6548,0.188326,0.482230,8.7869,3.4316,0.9388,200,18,18,15,154,9,12,12,12,10,18,0,1.0000
85.520000,1732,1.6558,0.188419,0.482286,8.7879,3.4332,0.9041,200,15,15,11,118,9,12,11,12,10,14,1,0.9333
85.570000,1733,1.6558,0.188495,0.482330,8.7845,3.4330,0.9355,200,20,20,18,174,9,12,10,12,10,20,0,1.0000
85.620000,1734,1.6552,0.188581,0.482378,8.7771,3.4313,0.9137,200,14,14,12,119,9,12,12,12,10,14,0,1.0000
85.670000,1735,1.6546,0.188655,0.482417,8.7704,3.4298,0.9030,200,22,22,19,190,9,12,12,12,10,22,0,1.0000
85.720000,1736,1.6548,0.188726,0.482451,8.7683,3.4300,0.8974,200,23,23,20,200,9,12,10,12,10,23,0,1.0000
85.770000,1737,1.6566,0.188796,0.482496,8.7743,3.4333,0.9038,200,17,17,13,135,9,12,12,12,10,17,0,1.0000
85.820000,1738,1.6589,0.188866,0.482536,8.7834,3.4379,0.9164,200,11,11,10,98,9,12,12,12,10,11,0,1.0000
85.870000,1739,1.6608,0.188938,0.482586,8.7904,3.4415,0.9007,200,15,15,12,126,9,12,10,12,10,15,0,1.0000
85.920000,1740,1.6653,0.189008,0.482610,8.8106,3.4505,0.8921,200,17,17,16,151,9,12,12,12,10,17,0,1.0000
85.970000,1741,1.6675,0.189085,0.482665,8.8189,3.4548,0.8886,200,12,12,9,96,9,12,12,12,10,12,0,1.0000
86.020000,1742,1.6712,0.189162,0.482704,8.8345,3.4621,0.8706,200,18,18,16,160,9,12,12,12,10,18,0,1.0000
86.070000,1743,1.6708,0.189240,0.482713,8.8290,3.4613,0.8204,200,20,20,16,177,9,12,10,12,10,20,0,1.0000
86.120000,1744,1.6747,0.189323,0.482769,8.8459,3.4690,0.8255,200,13,13,12,116,9,12,12,12,10,13,0,1.0000
86.170000,1745,1.6764,0.189409,0.482828,8.8505,3.4720,0.8504,200,17,17,16,147,9,12,12,12,10,16,1,0.9412
86.220000,1746,1.6778,0.189497,0.482891,8.8541,3.4745,0.8616,200,16,16,16,144,9,12,12,12,10,15,1,0.9375
86.270000,1747,1.6728,0.189583,0.482931,8.8235,3.4638,0.7926,200,20,20,18,178,9,12,10,12,10,20,0,1.0000
86.320000,1748,1.6738,0.189674,0.482985,8.8248,3.4656,0.6320,200,23,23,20,199,9,12,11,12,10,23,0,1.0000
86.370000,1749,1.6748,0.189765,0.483045,8.8256,3.4671,0.8104,200,16,16,13,136,9,12,12,12,10,16,0,1.0000
86.420000,1750,1.6768,0.189859,0.483111,8.8317,3.4708,0.8062,200,12,12,11,104,9,12,12,12,10,12,0,1.0000
86.470000,1751,1.6779,0.189950,0.483175,8.8331,3.4726,0.8219,200,17,17,14,142,9,12,12,12,10,17,0,1.0000
86.520000,1752,1.6803,0.190041,0.483240,8.8420,3.4772,0.8402,200,15,15,13,130,9,12,10,12,10,15,0,1.0000
86.570000,1753,1.6818,0.190135,0.483309,8.8451,3.4797,0.8531,200,16,16,13,126,9,12,12,12,10,16,0,1.0000
86.620000,1754,1.6827,0.190200,0.483347,8.8472,3.4814,0.8581,200,19,19,16,157,9,12,12,12,10,19,0,1.0000
86.670000,1755,1.6859,0.190270,0.483386,8.8608,3.4878,0.8679,200,26,26,24,223,9,12,12,12,10,26,0,1.0000
86.720000,1756,1.6882,0.190336,0.483418,8.8695,3.4922,0.8861,200,17,17,15,146,9,12,12,12,10,17,0,1.0000
86.770000,1757,1.6897,0.190394,0.483437,8.8748,3.4952,0.8339,200,15,15,15,135,9,12,12,12,10,15,0,1.0000
86.820000,1758,1.6913,0.190449,0.483446,8.8804,3.4984,0.9110,200,20,20,16,172,9,12,12,12,10,20,0,1.0000
86.870000,1759,1.6911,0.190430,0.483388,8.8802,3.4984,0.9121,200,17,17,17,153,9,12,12,12,10,17,0,1.0000
86.920000,1760,1.6905,0.190502,0.483419,8.8740,3.4970,0.9135,200,20,20,19,175,9,12,12,12,10,20,0,1.0000
86.970000,1761,1.6924,0.190589,0.483477,8.8797,3.5004,0.9096,200,11,11,11,99,9,12,12,12,10,11,0,1.0000
87.020000,1762,1.6934,0.190679,0.483538,8.8810,3.5022,0.9450,200,11,11,10,97,9,12,12,12,10,11,0,1.0000
87.070000,1763,1.6941,0.190765,0.483601,8.8807,3.5032,0.9184,200,18,18,16,155,9,12,12,12,10,18,0,1.0000
87.120000,1764,1.6952,0.190853,0.483666,8.8825,3.5050,0.9174,200,8,8,8,72,9,12,12,12,10,8,0,1.0000
87.170000,1765,1.6972,0.190921,0.483722,8.8893,3.5085,0.9250,200,17,17,17,153,9,12,12,12,10,17,0,1.0000
87.220000,1766,1.6960,0.190980,0.483756,8.8804,3.5059,0.9106,200,21,21,20,185,9,12,12,12,10,21,0,1.0000
87.270000,1767,1.6962,0.191018,0.483790,8.8798,3.5061,0.9097,200,27,27,25,239,9,12,12,12,10,27,0,1.0000
87.320000,1768,1.6973,0.191093,0.483847,8.8823,3.5080,0.9440,200,17,17,17,153,9,12,12,12,10,17,0,1.0000
87.370000,1769,1.6968,0.191161,0.483900,8.8765,3.5066,0.9134,200,17,17,17,153,9,12,10,12,10,17,0,1.0000
87.420000,1770,1.6982,0.191219,0.483949,8.8807,3.5090,0.9322,200,17,17,17,153,9,12,12,12,10,17,0,1.0000
87.470000,1771,1.6992,0.191204,0.483933,8.8870,3.5113,0.9168,200,18,18,18,162,9,12,12,12,10,18,0,1.0000
87.520000,1772,1.7015,0.191261,0.483971,8.8962,3.5157,0.9232,200,21,21,20,187,9,12,11,12,10,21,0,1.0000
87.570000,1773,1.7021,0.191323,0.484012,8.8966,3.5167,0.9164,200,9,9,9,81,9,12,12,12,10,9,0,1.0000
87.620000,1774,1.7038,0.191392,0.484059,8.9023,3.5199,0.8937,200,11,11,11,99,9,12,12,12,10,11,0,1.0000
87.670000,1775,1.7048,0.191420,0.484057,8.9059,3.5218,0.9030,200,17,17,16,148,9,12,12,12,10,17,0,1.0000
87.720000,1776,1.7067,0.191487,0.484096,8.9129,3.5255,0.8779,200,8,8,8,72,9,12,12,12,10,8,0,1.0000
87.770000,1777,1.7075,0.191547,0.484127,8.9142,3.5269,0.8828,200,19,19,18,168,9,12,12,12,10,19,0,1.0000
87.820000,1778,1.7093,0.191569,0.484102,8.9226,3.5308,0.9142,200,21,21,21,189,9,12,12,12,10,21,0,1.0000
87.870000,1779,1.7093,0.191609,0.484111,8.9205,3.5307,0.8582,200,28,28,27,251,9,12,12,12,10,28,0,1.0000
87.920000,1780,1.7115,0.191670,0.484148,8.9292,3.5350,0.8602,200,19,19,19,171,9,12,10,12,10,19,0,1.0000
87.970000,1781,1.7130,0.191755,0.484202,8.9335,3.5379,0.8707,200,17,17,17,153,9,12,10,12,10,17,0,1.0000
88.020000,1782,1.7164,0.191848,0.484269,8.9464,3.5442,0.8508,200,17,17,15,141,9,12,12,12,10,17,0,1.0000
88.070000,1783,1.7182,0.191932,0.484327,8.9523,3.5477,0.8547,200,18,18,15,150,9,12,12,12,10,18,0,1.0000
88.120000,1784,1.7210,0.192034,0.484401,8.9618,3.5528,0.8646,200,20,20,20,180,9,12,12,12,10,20,0,1.0000
88.170000,1785,1.7248,0.192141,0.484482,8.9766,3.5601,0.8411,200,10,10,10,90,9,12,10,12,10,10,0,1.0000
88.220000,1786,1.7280,0.192253,0.484568,8.9881,3.5660,0.7974,200,14,14,12,118,9,12,12,12,10,13,1,0.9286
88.270000,1787,1.7306,0.192363,0.484649,8.9968,3.5709,0.8601,200,16,16,15,142,9,12,12,12,10,16,0,1.0000
88.320000,1788,1.7334,0.192476,0.484734,9.0059,3.5760,0.8574,200,8,8,8,72,9,12,12,12,10,8,0,1.0000
88.370000,1789,1.7350,0.192584,0.484812,9.0089,3.5786,0.8451,200,21,21,20,187,9,12,10,12,10,21,0,1.0000
88.420000,1790,1.7361,0.192690,0.484881,9.0097,3.5804,0.8653,200,24,24,21,209,9,12,12,12,10,24,0,1.0000
88.470000,1791,1.7377,0.192799,0.484953,9.0128,3.5831,0.8724,200,21,21,21,189,9,12,12,12,10,21,0,1.0000
88.520000,1792,1.7397,0.192906,0.485009,9.0184,3.5870,0.8905,200,20,20,17,166,9,12,12,12,10,20,0,1.0000
88.570000,1793,1.7411,0.193015,0.485077,9.0207,3.5894,0.8879,200,16,16,16,144,9,12,12,12,10,16,0,1.0000
88.620000,1794,1.7406,0.193126,0.485165,9.0130,3.5877,0.8890,200,17,17,17,153,9,12,11,12,10,17,0,1.0000
88.670000,1795,1.7426,0.193238,0.485223,9.0179,3.5913,0.8942,200,15,15,15,135,9,12,12,12,10,15,0,1.0000
88.720000,1796,1.7416,0.193348,0.485296,9.0075,3.5887,0.9134,200,22,22,21,195,9,12,10,12,10,22,0,1.0000
88.770000,1797,1.7409,0.193457,0.485370,8.9989,3.5868,0.8967,200,17,17,11,134,9,12,10,12,10,17,0,1.0000
88.820000,1798,1.7401,0.193564,0.485454,8.9900,3.5846,0.8953,200,13,13,11,111,9,12,12,12,10,13,0,1.0000
88.870000,1799,1.7394,0.193669,0.485534,8.9811,3.5824,0.9318,200,17,17,16,152,9,12,10,12,10,17,0,1.0000
88.920000,1800,1.7378,0.193775,0.485620,8.9683,3.5786,0.9192,200,8,8,8,72,9,12,12,12,10,8,0,1.0000
88.970000,1801,1.7356,0.193876,0.485701,8.9524,3.5735,0.8638,200,18,18,15,151,9,12,11,12,10,18,0,1.0000
89.020000,1802,1.7311,0.193968,0.485754,8.9245,3.5637,0.8356,200,32,32,25,268,9,12,10,12,10,32,0,1.0000
89.070000,1803,1.7321,0.194052,0.485810,8.9261,3.5654,0.8272,200,22,22,18,190,9,12,12,12,10,21,1,0.9545
89.120000,1804,1.7264,0.194136,0.485868,8.8928,3.5532,0.9020,200,17,17,16,151,9,12,12,12,10,17,0,1.0000
89.170000,1805,1.7220,0.194211,0.485923,8.8666,3.5437,0.9151,200,13,13,13,117,9,12,12,12,10,13,0,1.0000
89.220000,1806,1.7196,0.194276,0.485975,8.8516,3.5386,0.8749,200,18,18,18,162,9,12,12,12,10,18,0,1.0000
89.270000,1807,1.7131,0.194321,0.485964,8.8159,3.5252,0.9186,200,12,12,12,108,9,12,12,12,10,12,0,1.0000
89.320000,1808,1.7051,0.194360,0.485980,8.7730,3.5086,0.8514,200,18,18,18,162,9,12,12,12,10,18,0,1.0000
89.370000,1809,1.7004,0.194389,0.485985,8.7474,3.4989,0.8544,200,12,12,11,104,9,12,12,12,10,12,0,1.0000
89.420000,1810,1.6929,0.194408,0.485993,8.7082,3.4835,0.8652,200,13,13,13,117,9,12,12,12,10,13,0,1.0000
89.470000,1811,1.6897,0.194404,0.485970,8.6915,3.4769,0.8701,200,18,18,18,162,9,12,12,12,10,18,0,1.0000
89.520000,1812,1.6840,0.194387,0.485934,8.6633,3.4656,0.8069,200,8,8,8,72,9,12,12,12,10,8,0,1.0000
89.570000,1813,1.6799,0.194301,0.485772,8.6459,3.4582,0.8605,200,18,18,18,162,9,12,11,12,10,18,0,1.0000
89.620000,1814,1.6746,0.194202,0.485642,8.6228,3.4481,0.8149,200,28,28,25,238,9,12,12,12,10,28,0,1.0000
89.670000,1815,1.6687,0.194109,0.485560,8.5967,3.4367,0.7979,200,24,24,24,216,9,12,11,12,10,24,0,1.0000
89.720000,1816,1.6639,0.193957,0.485399,8.5788,3.4279,0.7687,200,20,20,19,174,9,12,12,12,10,20,0,1.0000
89.770000,1817,1.6601,0.193795,0.485271,8.5663,3.4210,0.6682,200,16,16,15,138,9,12,12,12,10,16,0,1.0000
89.820000,1818,1.6551,0.193619,0.485162,8.5484,3.4115,0.5503,200,18,18,18,162,9,12,12,12,10,18,0,1.0000
89.870000,1819,1.6557,0.193458,0.485089,8.5585,3.4132,0.7239,200,14,14,12,121,9,12,12,12,10,14,0,1.0000
89.920000,1820,1.6534,0.193316,0.485036,8.5529,3.4088,0.6959,200,18,18,18,162,9,12,12,12,10,18,0,1.0000
89.970000,1821,1.6507,0.193173,0.484992,8.5452,3.4036,0.6779,200,10,10,10,90,9,12,12,12,10,10,0,1.0000
90.020000,1822,1.6471,0.193028,0.484947,8.5331,3.3965,nan,200,12,12,12,108,9,12,12,12,10,12,0,1.0000
90.070000,1823,1.6461,0.192872,0.484899,8.5348,3.3948,0.6265,200,17,17,16,149,9,12,12,12,10,17,0,1.0000
90.120000,1824,1.6503,0.192702,0.484843,8.5640,3.4038,0.5820,200,12,12,9,104,9,12,11,12,10,12,0,1.0000
90.170000,1825,1.6578,0.192518,0.484781,8.6111,3.4197,0.5580,200,20,20,18,172,9,12,11,12,10,20,0,1.0000
90.220000,1826,1.6565,0.192331,0.484717,8.6130,3.4176,nan,200,27,27,24,235,9,12,12,12,10,27,0,1.0000
90.270000,1827,1.6666,0.192121,0.484642,8.6747,3.4388,0.4950,200,28,28,23,239,9,12,12,12,10,28,0,1.0000
90.320000,1828,1.6653,0.191909,0.484568,8.6776,3.4367,0.0514,200,26,26,20,204,9,12,10,12,10,26,0,1.0000
90.370000,1829,1.6658,0.191689,0.484489,8.6899,3.4382,0.5711,200,19,19,15,160,9,12,12,12,10,19,0,1.0000
90.420000,1830,1.6667,0.191463,0.484408,8.7053,3.4408,0.5385,200,19,19,17,166,9,12,10,12,10,19,0,1.0000
90.470000,1831,1.6653,0.191224,0.484322,8.7085,3.4383,nan,200,17,17,12,129,9,12,12,12,10,16,1,0.9412
90.520000,1832,1.6644,0.190981,0.484233,8.7147,3.4371,nan,200,18,18,12,138,9,12,12,12,10,18,0,1.0000
90.570000,1833,1.6600,0.190752,0.484155,8.7025,3.4287,0.3389,200,11,11,9,92,9,12,12,12,10,11,0,1.0000
90.620000,1834,1.6564,0.190533,0.484087,8.6935,3.4217,0.4159,200,9,9,8,76,9,12,12,12,10,8,1,0.8889
90.670000,1835,1.6530,0.190318,0.484020,8.6852,3.4151,0.5496,200,16,16,14,134,9,12,12,12,10,16,0,1.0000
90.720000,1836,1.6521,0.190110,0.483955,8.6904,3.4138,0.5780,200,11,11,9,92,9,12,10,12,10,11,0,1.0000
90.770000,1837,1.6505,0.189914,0.483899,8.6906,3.4108,0.6363,200,20,20,13,146,9,12,12,12,10,20,0,1.0000
90.820000,1838,1.6535,0.189719,0.483838,8.7157,3.4175,0.6254,200,22,22,19,183,9,12,12,12,10,22,0,1.0000
90.870000,1839,1.6511,0.189542,0.483790,8.7108,3.4128,0.6850,200,25,25,22,208,9,12,11,12,10,25,0,1.0000
90.920000,1840,1.6507,0.189356,0.483729,8.7174,3.4124,0.6931,200,25,25,21,207,9,12,11,12,10,25,0,1.0000
90.970000,1841,1.6519,0.189175,0.483666,8.7321,3.4154,0.7126,200,27,27,17,207,9,12,12,12,10,26,1,0.9630
91.020000,1842,1.6490,0.189029,0.483633,8.7237,3.4097,0.7242,200,18,18,17,157,9,12,11,12,10,18,0,1.0000
91.070000,1843,1.6493,0.188894,0.483599,8.7313,3.4104,0.7227,200,15,15,11,117,9,12,12,12,10,15,0,1.0000
91.120000,1844,1.6511,0.188771,0.483572,8.7463,3.4143,0.6929,200,18,18,14,155,9,12,12,12,10,18,0,1.0000
91.170000,1845,1.6491,0.188679,0.483565,8.7402,3.4103,0.6982,200,17,17,12,138,9,12,10,12,10,16,1,0.9412
91.220000,1846,1.6482,0.188600,0.483563,8.7389,3.4084,0.6189,200,6,6,6,54,9,12,12,12,10,6,0,1.0000
91.270000,1847,1.6463,0.188548,0.483580,8.7316,3.4045,0.6892,200,16,16,10,123,9,12,11,12,10,16,0,1.0000
91.320000,1848,1.6465,0.188503,0.483590,8.7344,3.4047,0.6958,200,11,11,7,90,9,12,12,12,10,11,0,1.0000
91.370000,1849,1.6428,0.188478,0.483611,8.7164,3.3970,0.6843,200,13,13,13,117,9,12,11,12,10,12,1,0.9231
91.420000,1850,1.6430,0.188467,0.483638,8.7179,3.3973,0.7325,200,17,17,17,153,9,12,10,12,10,17,0,1.0000
91.470000,1851,1.6432,0.188456,0.483641,8.7192,3.3975,0.7020,200,21,21,19,183,9,12,12,12,10,21,0,1.0000
91.520000,1852,1.6596,0.188442,0.483654,8.8068,3.4313,0.6530,200,19,19,18,166,9,12,12,12,10,19,0,1.0000
91.570000,1853,1.6674,0.188426,0.483657,8.8491,3.4475,0.6880,200,26,26,24,226,9,12,10,12,10,26,0,1.0000
91.620000,1854,1.6744,0.188449,0.483655,8.8854,3.4621,0.6603,200,25,25,17,194,9,12,12,12,10,25,0,1.0000
91.670000,1855,1.6853,0.188448,0.483610,8.9431,3.4849,0.6068,200,21,21,16,173,9,12,12,12,10,21,0,1.0000
91.720000,1856,1.6962,0.188472,0.483616,8.9996,3.5073,0.5978,200,21,21,19,180,9,12,12,12,10,20,1,0.9524
91.770000,1857,1.7048,0.188481,0.483644,9.0451,3.5250,0.6479,200,19,19,17,165,9,12,11,12,10,18,1,0.9474
91.820000,1858,1.7088,0.188549,0.483706,9.0627,3.5326,0.7067,200,8,8,5,57,9,12,12,12,10,8,0,1.0000
91.870000,1859,1.7077,0.188607,0.483763,9.0543,3.5301,0.7430,200,12,12,10,100,9,12,12,12,10,11,1,0.9167
91.920000,1860,1.7096,0.188669,0.483818,9.0615,3.5336,0.6823,200,13,13,10,101,9,12,12,12,10,13,0,1.0000
91.970000,1861,1.7128,0.188716,0.483861,9.0762,3.5399,0.7560,200,16,16,11,115,9,12,10,12,10,16,0,1.0000
92.020000,1862,1.7172,0.188700,0.483864,9.1001,3.5489,0.6926,200,16,16,15,144,9,12,12,12,10,16,0,1.0000
92.070000,1863,1.7201,0.188571,0.483809,9.1215,3.5552,0.6831,200,22,22,19,189,9,12,12,12,10,22,0,1.0000
92.120000,1864,1.7191,0.188424,0.483747,9.1237,3.5538,0.7361,200,19,19,18,165,9,12,11,12,10,19,0,1.0000
92.170000,1865,1.7086,0.188088,0.483523,9.0843,3.5337,0.5517,200,23,23,21,203,9,12,11,12,10,23,0,1.0000
92.220000,1866,1.7020,0.187935,0.483453,9.0562,3.5205,0.6010,200,22,22,20,198,9,12,12,12,10,22,0,1.0000
92.270000,1867,1.6976,0.187867,0.483441,9.0361,3.5115,0.5775,200,16,16,16,144,9,12,12,12,10,16,0,1.0000
92.320000,1868,1.6927,0.187803,0.483419,9.0130,3.5015,0.5220,200,20,20,18,176,9,12,12,12,10,20,0,1.0000
92.370000,1869,1.6905,0.187739,0.483366,9.0045,3.4973,0.5201,200,18,18,16,158,9,12,12,12,10,18,0,1.0000
92.420000,1870,1.6890,0.187747,0.483373,8.9963,3.4942,0.5338,200,6,6,6,54,9,12,12,12,10,6,0,1.0000
92.470000,1871,1.6870,0.187771,0.483403,8.9843,3.4898,0.5662,200,11,11,10,95,9,12,12,12,10,11,0,1.0000
92.520000,1872,1.6961,0.187741,0.483342,9.0343,3.5091,0.5510,200,16,16,15,139,9,12,10,12,10,16,0,1.0000
92.570000,1873,1.6960,0.187761,0.483356,9.0326,3.5087,0.5926,200,12,12,11,105,9,12,12,12,10,12,0,1.0000
92.620000,1874,1.6958,0.187773,0.483371,9.0309,3.5082,0.6047,200,16,16,15,140,9,12,12,12,10,16,0,1.0000
92.670000,1875,1.6895,0.187607,0.483284,9.0054,3.4958,0.5990,200,21,21,21,189,9,12,12,12,10,21,0,1.0000
92.720000,1876,1.6856,0.187569,0.483277,8.9867,3.4879,0.5702,200,19,19,18,167,9,12,12,12,10,19,0,1.0000
92.770000,1877,1.6858,0.187446,0.483173,8.9937,3.4891,0.5995,200,25,25,22,218,9,12,12,12,10,25,0,1.0000
92.820000,1878,1.6877,0.187432,0.483172,9.0045,3.4930,0.5554,200,21,21,19,187,9,12,12,12,10,21,0,1.0000
92.870000,1879,1.6878,0.187440,0.483180,9.0043,3.4931,0.6007,200,18,18,17,160,9,12,11,12,10,17,1,0.9444
92.920000,1880,1.6862,0.187476,0.483201,8.9941,3.4896,0.5531,200,17,17,17,153,9,12,12,12,10,17,0,1.0000
92.970000,1881,1.6872,0.187516,0.483224,8.9976,3.4916,0.5960,200,17,17,15,147,9,12,12,12,10,17,0,1.0000
93.020000,1882,1.6881,0.187560,0.483249,9.0001,3.4931,0.6285,200,9,9,6,74,9,12,12,12,10,9,0,1.0000
93.070000,1883,1.6891,0.187605,0.483273,9.0037,3.4952,0.6268,200,13,13,11,113,9,12,12,12,10,13,0,1.0000
93.120000,1884,1.6892,0.187639,0.483289,9.0026,3.4953,0.6347,200,14,14,12,120,9,12,12,12,10,14,0,1.0000
93.170000,1885,1.6903,0.187683,0.483312,9.0063,3.4974,0.6311,200,12,12,11,107,9,12,12,12,10,12,0,1.0000
93.220000,1886,1.6917,0.187694,0.483294,9.0133,3.5005,0.6195,200,16,16,15,143,9,12,12,12,10,16,0,1.0000
93.270000,1887,1.6906,0.187735,0.483310,9.0055,3.4980,0.6070,200,18,18,18,162,9,12,12,12,10,18,0,1.0000
93.320000,1888,1.6903,0.187764,0.483305,9.0020,3.4973,0.6228,200,22,22,22,198,9,12,11,12,10,22,0,1.0000
93.370000,1889,1.6922,0.187810,0.483326,9.0104,3.5012,0.5847,200,21,21,21,189,9,12,12,12,10,21,0,1.0000
93.420000,1890,1.6949,0.187856,0.483347,9.0225,3.5067,0.5773,200,22,22,19,189,9,12,12,12,10,22,0,1.0000
93.470000,1891,1.6940,0.187898,0.483363,9.0153,3.5045,0.5571,200,23,23,21,202,9,12,11,12,10,23,0,1.0000
93.520000,1892,1.6944,0.187939,0.483381,9.0159,3.5054,0.4793,200,20,20,18,171,9,12,12,12,10,20,0,1.0000
93.570000,1893,1.6964,0.187981,0.483401,9.0243,3.5093,0.5048,200,19,19,17,168,9,12,12,12,10,19,0,1.0000
93.620000,1894,1.6983,0.188024,0.483422,9.0321,3.5130,0.5069,200,9,9,6,67,9,12,12,12,10,9,0,1.0000
93.670000,1895,1.7000,0.188067,0.483444,9.0391,3.5163,0.4991,200,11,11,11,99,9,12,12,12,10,11,0,1.0000
93.720000,1896,1.7008,0.188109,0.483464,9.0417,3.5180,0.4369,200,12,12,11,102,9,12,12,12,10,12,0,1.0000
93.770000,1897,1.7024,0.188150,0.483486,9.0480,3.5210,0.5118,200,11,11,11,99,9,12,12,12,10,11,0,1.0000
93.820000,1898,1.7036,0.188191,0.483508,9.0525,3.5234,0.4588,200,18,18,16,154,9,12,12,12,10,17,1,0.9444
93.870000,1899,1.7051,0.188231,0.483529,9.0586,3.5264,0.5223,200,19,19,18,170,9,12,12,12,10,19,0,1.0000
93.920000,1900,1.7059,0.188270,0.483550,9.0607,3.5278,0.4935,200,23,23,21,205,9,12,12,12,10,23,0,1.0000
93.970000,1901,1.7072,0.188308,0.483571,9.0660,3.5304,0.3845,200,20,20,20,180,9,12,11,12,10,20,0,1.0000
94.020000,1902,1.7086,0.188348,0.483591,9.0715,3.5332,0.4642,200,20,20,19,180,9,12,11,12,10,20,0,1.0000
94.070000,1903,1.7087,0.188389,0.483613,9.0699,3.5331,0.5018,200,19,19,19,171,9,12,12,12,10,19,0,1.0000
94.120000,1904,1.7097,0.188435,0.483637,9.0730,3.5350,0.4999,200,18,18,18,162,9,12,12,12,10,18,0,1.0000
94.170000,1905,1.7115,0.188486,0.483665,9.0803,3.5386,0.5091,200,14,14,14,126,9,12,12,12,10,14,0,1.0000
94.220000,1906,1.7126,0.188543,0.483695,9.0832,3.5406,0.5213,200,8,8,6,66,9,12,12,12,10,8,0,1.0000
94.270000,1907,1.7144,0.188606,0.483730,9.0896,3.5440,0.5197,200,13,13,11,114,9,12,12,12,10,13,0,1.0000
94.320000,1908,1.7160,0.188677,0.483760,9.0951,3.5473,0.4775,200,16,16,15,140,9,12,12,12,10,16,0,1.0000
94.370000,1909,1.7167,0.188756,0.483801,9.0946,3.5483,0.4860,200,14,14,12,122,9,12,12,12,10,14,0,1.0000
94.420000,1910,1.7174,0.188846,0.483844,9.0943,3.5495,0.5430,200,18,18,16,158,9,12,12,12,10,18,0,1.0000
94.470000,1911,1.7182,0.188944,0.483892,9.0938,3.5508,0.4939,200,23,23,20,196,9,12,10,12,10,23,0,1.0000
94.520000,1912,1.7214,0.189048,0.483942,9.1055,3.5570,0.3714,200,25,25,22,208,9,12,10,12,10,25,0,1.0000
94.570000,1913,1.7199,0.189156,0.483994,9.0925,3.5536,0.4772,200,22,22,22,198,9,12,11,12,10,22,0,1.0000
94.620000,1914,1.7208,0.189270,0.484048,9.0916,3.5549,0.3233,200,19,19,18,168,9,12,12,12,10,19,0,1.0000
94.670000,1915,1.7213,0.189386,0.484104,9.0886,3.5556,nan,200,18,18,15,144,9,12,12,12,10,18,0,1.0000
94.720000,1916,1.7193,0.189504,0.484162,9.0728,3.5512,0.4393,200,19,19,19,171,9,12,10,12,10,19,0,1.0000
94.770000,1917,1.7186,0.189623,0.484220,9.0632,3.5492,0.4237,200,15,15,13,132,9,12,12,12,10,15,0,1.0000
94.820000,1918,1.7185,0.189742,0.484283,9.0568,3.5485,0.3669,200,11,11,5,76,9,12,12,12,10,11,0,1.0000
94.870000,1919,1.7178,0.189859,0.484345,9.0479,3.5467,0.4105,200,17,17,14,142,9,12,11,12,10,17,0,1.0000
94.920000,1920,1.7175,0.189975,0.484407,9.0407,3.5456,0.3686,200,20,20,12,158,9,12,12,12,10,19,1,0.9500
94.970000,1921,1.7172,0.190088,0.484465,9.0337,3.5445,0.2101,200,31,31,18,255,9,12,10,12,10,31,0,1.0000
95.020000,1922,1.7171,0.190200,0.484527,9.0276,3.5438,nan,200,22,22,13,169,9,12,11,12,10,22,0,1.0000
95.070000,1923,1.7177,0.190310,0.484591,9.0260,3.5447,nan,200,15,15,13,124,9,12,10,12,10,15,0,1.0000
95.120000,1924,1.7183,0.190417,0.484655,9.0240,3.5455,0.1418,200,18,18,16,157,9,12,12,12,10,17,1,0.9444
95.170000,1925,1.7184,0.190525,0.484717,9.0195,3.5453,0.2542,200,23,23,15,169,9,12,12,12,10,23,0,1.0000
95.220000,1926,1.7183,0.190633,0.484777,9.0134,3.5444,nan,200,19,19,15,153,9,12,10,12,10,19,0,1.0000
95.270000,1927,1.7177,0.190741,0.484839,9.0054,3.5428,0.2665,200,17,17,11,131,9,12,10,12,10,17,0,1.0000
95.320000,1928,1.7163,0.190851,0.484900,8.9926,3.5394,nan,200,20,20,16,176,9,12,11,12,10,20,0,1.0000
95.370000,1929,1.7146,0.190964,0.484967,8.9789,3.5356,0.2683,200,12,12,8,88,9,12,12,12,10,12,0,1.0000
95.420000,1930,1.7140,0.191078,0.485038,8.9702,3.5338,nan,200,14,14,9,111,9,12,10,12,10,14,0,1.0000
95.470000,1931,1.7133,0.191193,0.485111,8.9609,3.5317,0.2205,200,12,12,8,88,9,12,12,12,10,11,1,0.9167
95.520000,1932,1.7114,0.191306,0.485175,8.9459,3.5274,nan,200,13,13,8,97,9,12,11,12,10,13,0,1.0000
95.570000,1933,1.7098,0.191420,0.485243,8.9323,3.5236,0.2241,200,18,18,15,158,9,12,12,12,10,18,0,1.0000
95.620000,1934,1.7085,0.191529,0.485296,8.9201,3.5205,0.2810,200,23,23,16,172,9,12,12,12,10,23,0,1.0000
95.670000,1935,1.7059,0.191637,0.485357,8.9017,3.5147,0.2853,200,23,23,22,206,9,12,10,12,10,23,0,1.0000
95.720000,1936,1.7044,0.191746,0.485420,8.8890,3.5112,nan,200,27,27,27,243,9,12,11,12,10,27,0,1.0000
95.770000,1937,1.7044,0.191856,0.485490,8.8835,3.5106,0.3164,200,19,19,18,165,9,12,10,12,10,19,0,1.0000
95.820000,1938,1.7028,0.191973,0.485570,8.8701,3.5069,0.2455,200,8,8,8,72,9,12,12,12,10,8,0,1.0000
95.870000,1939,1.7037,0.192089,0.485637,8.8691,3.5081,0.3936,200,24,24,17,189,9,12,12,12,10,24,0,1.0000
95.920000,1940,1.7024,0.192209,0.485708,8.8569,3.5049,0.3976,200,18,18,14,145,9,12,10,12,10,18,0,1.0000
95.970000,1941,1.7024,0.192329,0.485775,8.8517,3.5046,0.2879,200,6,6,5,53,9,12,12,12,10,6,0,1.0000
96.020000,1942,1.7016,0.192453,0.485842,8.8415,3.5023,0.3351,200,17,17,16,153,9,12,10,12,10,17,0,1.0000
96.070000,1943,1.7022,0.192581,0.485919,8.8387,3.5030,0.4113,200,11,11,10,93,9,12,11,12,10,11,0,1.0000
96.120000,1944,1.7027,0.192706,0.485974,8.8357,3.5037,0.4819,200,9,9,9,81,9,12,10,12,10,9,0,1.0000
96.170000,1945,1.7027,0.192832,0.486023,8.8299,3.5033,0.4879,200,20,20,18,176,9,12,12,12,10,20,0,1.0000
96.220000,1946,1.7020,0.192966,0.486093,8.8202,3.5014,0.4804,200,23,23,20,192,9,12,11,12,10,23,0,1.0000
96.270000,1947,1.6998,0.193110,0.486178,8.8025,3.4963,0.4860,200,19,19,19,171,9,12,12,12,10,19,0,1.0000
96.320000,1948,1.6984,0.193252,0.486255,8.7886,3.4929,0.4947,200,28,28,27,247,9,12,12,12,10,28,0,1.0000
96.370000,1949,1.6995,0.193395,0.486330,8.7876,3.4945,0.4923,200,19,19,18,166,9,12,12,12,10,19,0,1.0000
96.420000,1950,1.6990,0.193546,0.486426,8.7781,3.4928,0.4796,200,10,10,7,78,9,12,12,12,10,10,0,1.0000
96.470000,1951,1.6986,0.193686,0.486510,8.7700,3.4914,0.4619,200,23,23,20,201,9,12,12,12,10,23,0,1.0000
96.520000,1952,1.6968,0.193826,0.486598,8.7541,3.4870,0.2955,200,21,21,17,181,9,12,12,12,10,21,0,1.0000
96.570000,1953,1.6971,0.193971,0.486691,8.7493,3.4870,0.4165,200,9,9,8,79,9,12,10,12,10,9,0,1.0000
96.620000,1954,1.6972,0.194079,0.486750,8.7446,3.4867,0.3749,200,25,25,16,206,9,12,10,12,10,25,0,1.0000
96.670000,1955,1.6966,0.194214,0.486840,8.7356,3.4849,0.3484,200,7,7,7,63,9,12,12,12,10,7,0,1.0000
96.720000,1956,1.6972,0.194339,0.486923,8.7332,3.4856,0.2918,200,10,10,9,85,9,12,12,12,10,10,0,1.0000
96.770000,1957,1.6974,0.194466,0.487005,8.7286,3.4854,nan,200,20,20,15,164,9,12,12,12,10,20,0,1.0000
96.820000,1958,1.6961,0.194595,0.487090,8.7160,3.4821,nan,200,20,20,18,176,9,12,12,12,10,20,0,1.0000
96.870000,1959,1.6977,0.194732,0.487180,8.7183,3.4848,0.2166,200,21,21,20,184,9,12,10,12,10,21,0,1.0000
96.920000,1960,1.6976,0.194855,0.487251,8.7119,3.4839,0.1532,200,25,25,22,220,9,12,10,12,10,25,0,1.0000
96.970000,1961,1.6968,0.194930,0.487274,8.7049,3.4823,nan,200,21,21,17,182,9,12,10,12,10,21,0,1.0000
97.020000,1962,1.6947,0.195017,0.487308,8.6901,3.4777,nan,200,15,15,9,111,9,12,10,12,10,15,0,1.0000
97.070000,1963,1.6959,0.195087,0.487322,8.6932,3.4801,nan,200,16,16,16,144,9,12,12,12,10,16,0,1.0000
97.120000,1964,1.6947,0.195178,0.487357,8.6828,3.4773,nan,200,16,16,16,144,9,12,12,12,10,16,0,1.0000
97.170000,1965,1.6939,0.195290,0.487409,8.6738,3.4753,0.1381,200,11,11,8,89,9,12,12,12,10,11,0,1.0000
97.220000,1966,1.6908,0.195345,0.487406,8.6557,3.4691,nan,200,14,14,13,126,9,12,12,12,10,14,0,1.0000
97.270000,1967,1.6890,0.195430,0.487427,8.6424,3.4651,0.2486,200,9,9,8,75,9,12,12,12,10,9,0,1.0000
97.320000,1968,1.6864,0.195551,0.487469,8.6239,3.4595,0.1468,200,9,9,9,81,9,12,12,12,10,9,0,1.0000
97.370000,1969,1.6844,0.195629,0.487488,8.6104,3.4554,0.3830,200,15,15,15,135,9,12,11,12,10,15,0,1.0000
97.420000,1970,1.6810,0.195652,0.487478,8.5916,3.4483,0.3495,200,25,25,21,212,9,12,12,12,10,25,0,1.0000
97.470000,1971,1.6772,0.195696,0.487495,8.5706,3.4405,0.3965,200,20,20,17,168,9,12,12,12,10,20,0,1.0000
97.520000,1972,1.6748,0.195745,0.487517,8.5562,3.4354,0.2099,200,26,26,23,217,9,12,12,12,10,26,0,1.0000
97.570000,1973,1.6797,0.195706,0.487493,8.5826,3.4455,0.3866,200,21,21,21,189,9,12,12,12,10,21,0,1.0000
97.620000,1974,1.6809,0.195828,0.487556,8.5834,3.4475,0.3869,200,11,11,10,95,9,12,12,12,10,11,0,1.0000
97.670000,1975,1.6848,0.195841,0.487562,8.6028,3.4555,0.3671,200,23,23,22,203,9,12,11,12,10,23,0,1.0000
97.720000,1976,1.6849,0.195848,0.487562,8.6030,3.4557,0.1036,200,30,30,22,238,9,12,12,12,10,29,1,0.9667
97.770000,1977,1.6825,0.195927,0.487604,8.5876,3.4506,0.2918,200,14,14,11,111,9,12,10,12,10,14,0,1.0000
97.820000,1978,1.6847,0.195941,0.487611,8.5981,3.4551,nan,200,17,17,15,148,9,12,10,12,10,17,0,1.0000
97.870000,1979,1.6836,0.196027,0.487657,8.5885,3.4524,0.1631,200,7,7,6,58,9,12,11,12,10,7,0,1.0000
97.920000,1980,1.6810,0.195999,0.487642,8.5767,3.4472,nan,200,11,11,7,87,9,12,12,12,10,9,2,0.8182
97.970000,1981,1.6783,0.196062,0.487680,8.5599,3.4413,nan,200,13,13,11,107,9,12,10,12,10,13,0,1.0000
98.020000,1982,1.6697,0.195999,0.487653,8.5191,3.4240,nan,200,21,21,19,184,9,12,12,12,10,21,0,1.0000
98.070000,1983,1.6668,0.195992,0.487660,8.5046,3.4180,0.2173,200,16,16,15,140,9,12,11,12,10,16,0,1.0000
98.120000,1984,1.6646,0.195976,0.487664,8.4940,3.4134,0.3040,200,24,24,20,208,9,12,11,12,10,24,0,1.0000
98.170000,1985,1.6645,0.196039,0.487704,8.4909,3.4130,0.2779,200,17,17,16,148,9,12,12,12,10,17,0,1.0000
98.220000,1986,1.6653,0.196094,0.487740,8.4926,3.4144,nan,200,18,18,13,142,9,12,12,12,10,17,1,0.9444
98.270000,1987,1.6653,0.196114,0.487758,8.4917,3.4143,0.2392,200,21,21,20,184,9,12,11,12,10,21,0,1.0000
98.320000,1988,1.6637,0.196121,0.487766,8.4832,3.4109,nan,200,22,22,20,189,9,12,12,12,10,22,0,1.0000
98.370000,1989,1.6638,0.196099,0.487758,8.4844,3.4111,nan,200,22,22,17,170,9,12,11,12,10,22,0,1.0000
98.420000,1990,1.6613,0.195914,0.487656,8.4797,3.4067,nan,200,20,20,15,166,9,12,10,12,10,20,0,1.0000
98.470000,1991,1.6601,0.195830,0.487616,8.4774,3.4046,0.1546,200,8,8,6,65,9,12,11,12,10,8,0,1.0000
98.520000,1992,1.6607,0.195528,0.487455,8.4936,3.4069,nan,200,15,15,13,133,9,12,10,12,10,15,0,1.0000
98.570000,1993,1.6618,0.195538,0.487466,8.4988,3.4092,0.1153,200,9,9,8,77,9,12,12,12,10,9,0,1.0000
98.620000,1994,1.6616,0.195391,0.487395,8.5040,3.4092,nan,200,21,21,18,176,9,12,12,12,10,21,0,1.0000
98.670000,1995,1.6598,0.195353,0.487381,8.4964,3.4056,0.2305,200,15,15,13,128,9,12,12,12,10,15,0,1.0000
98.720000,1996,1.6663,0.195225,0.487324,8.5354,3.4193,0.3019,200,18,18,17,157,9,12,10,12,10,18,0,1.0000
98.770000,1997,1.6649,0.195209,0.487320,8.5288,3.4164,nan,200,17,17,16,149,9,12,12,12,10,17,0,1.0000
98.820000,1998,1.6629,0.195212,0.487326,8.5183,3.4122,0.2703,200,12,12,12,108,9,12,12,12,10,12,0,1.0000
98.870000,1999,1.6570,0.195183,0.487316,8.4893,3.4002,0.3824,200,20,20,17,169,9,12,12,12,10,20,0,1.0000
98.920000,2000,1.6563,0.195186,0.487320,8.4857,3.3988,0.4078,200,21,21,19,184,9,12,10,12,10,21,0,1.0000
98.970000,2001,1.6563,0.195000,0.487236,8.4939,3.3994,0.4220,200,32,32,24,269,9,12,11,12,10,32,0,1.0000
99.020000,2002,1.6522,0.194959,0.487221,8.4745,3.3910,0.3701,200,26,26,21,226,9,12,10,12,10,25,1,0.9615
99.070000,2003,1.6525,0.194958,0.487224,8.4761,3.3916,0.3706,200,14,14,6,94,9,12,11,12,10,14,0,1.0000
99.120000,2004,1.6521,0.194935,0.487218,8.4751,3.3909,0.4238,200,8,8,8,72,9,12,12,12,10,8,0,1.0000
99.170000,2005,1.6483,0.194904,0.487208,8.4570,3.3832,0.3592,200,10,10,8,81,9,12,10,12,10,10,0,1.0000
99.220000,2006,1.6430,0.194849,0.487187,8.4322,3.3724,0.3760,200,25,25,20,206,9,12,10,12,10,25,0,1.0000
99.270000,2007,1.6342,0.194804,0.487170,8.3888,3.3544,nan,200,21,21,14,165,9,12,10,12,10,21,0,1.0000
99.320000,2008,1.6311,0.194769,0.487157,8.3744,3.3482,0.3635,200,15,15,13,127,9,12,12,12,10,15,0,1.0000
99.370000,2009,1.6332,0.194721,0.487137,8.3873,3.3526,0.3931,200,20,20,16,163,9,12,12,12,10,19,1,0.9500
99.420000,2010,1.6326,0.194688,0.487124,8.3859,3.3516,0.3914,200,19,19,10,138,9,12,12,12,10,19,0,1.0000
99.470000,2011,1.6319,0.194638,0.487103,8.3841,3.3501,0.3826,200,17,17,15,143,9,12,12,12,10,17,0,1.0000
99.520000,2012,1.6326,0.194584,0.487080,8.3901,3.3518,0.4557,200,15,15,15,135,9,12,12,12,10,15,0,1.0000
99.570000,2013,1.6400,0.194510,0.487047,8.4317,3.3673,0.4597,200,29,29,28,255,9,12,12,12,10,29,0,1.0000
99.620000,2014,1.6428,0.194443,0.487015,8.4488,3.3732,0.5118,200,22,22,21,194,9,12,11,12,10,22,0,1.0000
99.670000,2015,1.6490,0.194378,0.486984,8.4832,3.3861,0.5103,200,5,5,5,45,9,12,12,12,10,5,0,1.0000
99.720000,2016,1.6494,0.194306,0.486952,8.4886,3.3872,0.4887,200,9,9,7,69,9,12,12,12,10,9,0,1.0000
99.770000,2017,1.6495,0.194224,0.486915,8.4927,3.3876,0.5047,200,9,9,9,81,9,12,12,12,10,9,0,1.0000
99.820000,2018,1.6471,0.194125,0.486859,8.4848,3.3832,0.5102,200,22,22,19,191,9,12,12,12,10,22,0,1.0000
99.870000,2019,1.6411,0.194017,0.486801,8.4586,3.3712,0.4600,200,20,20,18,178,9,12,10,12,10,20,0,1.0000
99.920000,2020,1.6392,0.193904,0.486746,8.4539,3.3678,0.2955,200,20,20,19,175,9,12,10,12,10,20,0,1.0000
99.970000,2021,1.6383,0.193788,0.486688,8.4543,3.3663,0.3950,200,18,18,18,162,9,12,12,12,10,18,0,1.0000
100.020000,2022,1.6371,0.193672,0.486634,8.4532,3.3642,0.3726,200,19,19,15,150,9,12,11,12,10,19,0,1.0000
100.070000,2023,1.6369,0.193555,0.486579,8.4570,3.3641,0.3755,200,22,22,13,156,9,12,12,12,10,22,0,1.0000
100.120000,2024,1.6358,0.193439,0.486526,8.4565,3.3622,0.4055,200,21,21,16,169,9,12,10,12,10,21,0,1.0000
100.170000,2025,1.6405,0.193324,0.486472,8.4857,3.3722,0.4656,200,28,28,28,252,9,12,12,12,10,28,0,1.0000
100.220000,2026,1.6400,0.193212,0.486420,8.4880,3.3715,0.3820,200,22,22,19,187,9,12,12,12,10,22,0,1.0000
100.270000,2027,1.6404,0.193104,0.486373,8.4950,3.3728,0.5011,200,11,11,6,80,9,12,12,12,10,11,0,1.0000
100.320000,2028,1.6391,0.192999,0.486329,8.4926,3.3703,0.5259,200,10,10,6,72,9,12,12,12,10,10,0,1.0000
100.370000,2029,1.6404,0.192895,0.486286,8.5041,3.3733,0.4844,200,15,15,9,109,9,12,11,12,10,15,0,1.0000
100.420000,2030,1.6404,0.192792,0.486243,8.5085,3.3736,0.4403,200,17,17,14,146,9,12,12,12,10,17,0,1.0000
100.470000,2031,1.6398,0.192689,0.486201,8.5101,3.3727,0.4860,200,19,19,14,153,9,12,12,12,10,19,0,1.0000
100.520000,2032,1.6373,0.192586,0.486159,8.5018,3.3679,0.4803,200,19,19,17,162,9,12,12,12,10,19,0,1.0000
100.570000,2033,1.6409,0.192482,0.486115,8.5249,3.3755,0.4990,200,16,16,15,138,9,12,12,12,10,16,0,1.0000
100.620000,2034,1.6401,0.192379,0.486075,8.5253,3.3741,0.4936,200,20,20,17,168,9,12,10,12,10,19,1,0.9500
100.670000,2035,1.6382,0.192278,0.486034,8.5197,3.3704,0.5275,200,22,22,15,174,9,12,12,12,10,22,0,1.0000
100.720000,2036,1.6376,0.192176,0.485994,8.5211,3.3695,0.5151,200,21,21,18,175,9,12,11,12,10,21,0,1.0000
100.770000,2037,1.6373,0.192077,0.485956,8.5242,3.3692,0.5134,200,27,27,26,240,9,12,12,12,10,27,0,1.0000
100.820000,2038,1.6353,0.191979,0.485919,8.5183,3.3654,0.5141,200,20,20,17,169,9,12,12,12,10,20,0,1.0000
100.870000,2039,1.6355,0.191883,0.485884,8.5232,3.3660,0.5069,200,16,16,12,129,9,12,10,12,10,16,0,1.0000
100.920000,2040,1.6360,0.191787,0.485851,8.5303,3.3673,0.5312,200,14,14,9,110,9,12,12,12,10,13,1,0.9286
100.970000,2041,1.6354,0.191692,0.485819,8.5316,3.3663,0.5324,200,10,10,10,90,9,12,12,12,10,10,0,1.0000
101.020000,2042,1.6337,0.191597,0.485787,8.5270,3.3631,0.5386,200,19,19,12,142,9,12,10,12,10,19,0,1.0000
101.070000,2043,1.6344,0.191503,0.485756,8.5344,3.3646,0.5326,200,19,19,12,142,9,12,12,12,10,19,0,1.0000
101.120000,2044,1.6340,0.191404,0.485720,8.5367,3.3640,0.5297,200,18,18,15,157,9,12,12,12,10,18,0,1.0000
101.170000,2045,1.6347,0.191307,0.485687,8.5449,3.3657,0.5097,200,17,17,15,148,9,12,12,12,10,17,0,1.0000
101.220000,2046,1.6348,0.191214,0.485659,8.5497,3.3662,0.5076,200,20,20,16,160,9,12,12,12,10,20,0,1.0000
101.270000,2047,1.6368,0.191117,0.485627,8.5642,3.3704,0.5343,200,14,14,14,126,9,12,12,12,10,14,0,1.0000
101.320000,2048,1.6339,0.191024,0.485597,8.5531,3.3646,0.4980,200,19,19,17,166,9,12,11,12,10,19,0,1.0000
101.370000,2049,1.6377,0.190931,0.485566,8.5774,3.3727,0.5042,200,25,25,25,225,9,12,12,12,10,25,0,1.0000
101.420000,2050,1.6379,0.190845,0.485543,8.5822,3.3733,0.5101,200,16,16,16,144,9,12,12,12,10,16,0,1.0000
101.470000,2051,1.6373,0.190760,0.485522,8.5832,3.3723,0.4510,200,10,10,10,90,9,12,12,12,10,10,0,1.0000
101.520000,2052,1.6410,0.190679,0.485501,8.6059,3.3799,0.4500,200,24,24,14,174,9,12,10,12,10,24,0,1.0000
101.570000,2053,1.6426,0.190600,0.485485,8.6182,3.3835,0.4678,200,10,10,8,87,9,12,12,12,10,10,0,1.0000
101.620000,2054,1.6414,0.190522,0.485469,8.6153,3.3811,0.5182,200,22,22,18,190,9,12,12,12,10,22,0,1.0000
101.670000,2055,1.6430,0.190449,0.485457,8.6268,3.3844,0.5023,200,14,14,11,110,9,12,12,12,10,14,0,1.0000
101.720000,2056,1.6406,0.190368,0.485440,8.6182,3.3797,0.4975,200,21,21,19,178,9,12,12,12,10,21,0,1.0000
101.770000,2057,1.6409,0.190292,0.485429,8.6233,3.3804,0.5079,200,18,18,17,156,9,12,12,12,10,18,0,1.0000
101.820000,2058,1.6391,0.190226,0.485426,8.6168,3.3767,0.5246,200,18,18,16,157,9,12,10,12,10,18,0,1.0000
101.870000,2059,1.6392,0.190156,0.485421,8.6203,3.3769,0.4858,200,21,21,15,163,9,12,10,12,10,21,0,1.0000
101.920000,2060,1.6384,0.190089,0.485418,8.6191,3.3752,0.4943,200,17,17,14,141,9,12,12,12,10,17,0,1.0000
101.970000,2061,1.6386,0.190028,0.485421,8.6229,3.3756,0.4646,200,23,23,19,188,9,12,11,12,10,23,0,1.0000
102.020000,2062,1.6383,0.189960,0.485420,8.6245,3.3750,0.5149,200,15,15,15,135,9,12,12,12,10,15,0,1.0000
102.070000,2063,1.6365,0.189893,0.485422,8.6180,3.3713,0.4996,200,11,11,9,88,9,12,12,12,10,11,0,1.0000
102.120000,2064,1.6362,0.189822,0.485419,8.6196,3.3707,0.4879,200,21,21,20,185,9,12,12,12,10,21,0,1.0000
102.170000,2065,1.6369,0.189767,0.485432,8.6260,3.3721,0.5021,200,11,11,8,89,9,12,12,12,10,11,0,1.0000
102.220000,2066,1.6375,0.189710,0.485444,8.6318,3.3733,0.5027,200,17,17,17,153,9,12,12,12,10,17,0,1.0000
102.270000,2067,1.6381,0.189648,0.485454,8.6375,3.3743,0.4898,200,12,12,10,105,9,12,12,12,10,12,0,1.0000
102.320000,2068,1.6373,0.189579,0.485461,8.6365,3.3726,0.4562,200,29,29,20,233,9,12,11,12,10,29,0,1.0000
102.370000,2069,1.6384,0.189519,0.485473,8.6449,3.3748,0.4838,200,23,23,17,190,9,12,12,12,10,23,0,1.0000
102.420000,2070,1.6395,0.189467,0.485495,8.6533,3.3770,0.4964,200,21,21,21,189,9,12,10,12,10,21,0,1.0000
102.470000,2071,1.6413,0.189419,0.485521,8.6651,3.3806,0.4854,200,16,16,14,137,9,12,10,12,10,16,0,1.0000
102.520000,2072,1.6402,0.189374,0.485550,8.6613,3.3781,0.4783,200,11,11,10,93,9,12,12,12,10,11,0,1.0000
102.570000,2073,1.6408,0.189328,0.485579,8.6662,3.3790,0.4779,200,23,23,20,192,9,12,12,12,10,23,0,1.0000
102.620000,2074,1.6383,0.189273,0.485589,8.6557,3.3738,0.4605,200,19,19,16,162,9,12,11,12,10,19,0,1.0000
102.670000,2075,1.6337,0.189235,0.485616,8.6333,3.3643,0.4814,200,10,10,4,71,9,12,12,12,10,10,0,1.0000
102.720000,2076,1.6302,0.189184,0.485598,8.6170,3.3571,0.4713,200,23,23,20,198,9,12,11,12,10,23,0,1.0000
102.770000,2077,1.6240,0.189150,0.485621,8.5859,3.3442,0.4551,200,11,11,7,93,9,12,12,12,10,11,0,1.0000
102.820000,2078,1.6211,0.189106,0.485626,8.5723,3.3381,0.4577,200,20,20,18,171,9,12,10,12,10,20,0,1.0000
102.870000,2079,1.6151,0.189067,0.485634,8.5423,3.3257,0.4458,200,11,11,11,99,9,12,11,12,10,11,0,1.0000
102.920000,2080,1.6089,0.189020,0.485612,8.5118,3.3131,0.4662,200,19,19,16,158,9,12,12,12,10,19,0,1.0000
102.970000,2081,1.5974,0.188965,0.485563,8.4535,3.2898,0.5051,200,15,15,15,135,9,12,12,12,10,15,0,1.0000
103.020000,2082,1.5956,0.188891,0.485514,8.4470,3.2863,0.5362,200,25,25,23,221,9,12,10,12,10,25,0,1.0000
103.070000,2083,1.5973,0.188835,0.485520,8.4585,3.2898,0.5538,200,16,16,16,144,9,12,12,12,10,16,0,1.0000
103.120000,2084,1.5982,0.188816,0.485556,8.4642,3.2915,0.5536,200,7,7,6,62,9,12,12,12,10,7,0,1.0000
103.170000,2085,1.6002,0.188758,0.485559,8.4772,3.2955,0.5514,200,22,22,22,198,9,12,11,12,10,22,0,1.0000
103.220000,2086,1.5995,0.188721,0.485572,8.4754,3.2940,0.5661,200,21,21,19,186,9,12,12,12,10,21,0,1.0000
103.270000,2087,1.6006,0.188717,0.485626,8.4816,3.2960,0.5847,200,7,7,4,54,9,12,12,12,10,7,0,1.0000
103.320000,2088,1.6004,0.188696,0.485638,8.4814,3.2955,0.6266,200,23,23,21,205,9,12,12,12,10,23,0,1.0000
103.370000,2089,1.6027,0.188676,0.485645,8.4947,3.3002,0.6735,200,17,17,15,149,9,12,10,12,10,17,0,1.0000
103.420000,2090,1.6075,0.188678,0.485670,8.5196,3.3098,0.6776,200,17,17,16,153,9,12,12,12,10,16,1,0.9412
103.470000,2091,1.6085,0.188633,0.485654,8.5272,3.3121,0.6792,200,13,13,11,116,9,12,10,12,10,13,0,1.0000
103.520000,2092,1.6155,0.188554,0.485573,8.5679,3.3270,0.6210,200,18,18,18,162,9,12,11,12,10,18,0,1.0000
103.570000,2093,1.6186,0.188539,0.485565,8.5850,3.3334,0.6178,200,14,14,12,118,9,12,12,12,10,14,0,1.0000
103.620000,2094,1.6190,0.188467,0.485515,8.5905,3.3347,0.5839,200,28,28,26,243,9,12,12,12,10,28,0,1.0000
103.670000,2095,1.6178,0.188436,0.485523,8.5857,3.3322,0.5221,200,22,22,16,186,9,12,12,12,10,22,0,1.0000
103.720000,2096,1.6179,0.188438,0.485567,8.5857,3.3319,0.5247,200,6,6,6,54,9,12,12,12,10,6,0,1.0000
103.770000,2097,1.6190,0.188446,0.485607,8.5912,3.3339,0.5084,200,23,23,22,205,9,12,11,12,10,23,0,1.0000
103.820000,2098,1.6130,0.188425,0.485644,8.5604,3.3213,0.4509,200,21,21,17,178,9,12,12,12,10,21,0,1.0000
103.870000,2099,1.6115,0.188450,0.485712,8.5515,3.3179,0.4361,200,9,9,6,70,9,12,10,12,10,9,0,1.0000
103.920000,2100,1.6038,0.188462,0.485755,8.5097,3.3016,0.3740,200,19,19,19,171,9,12,12,12,10,19,0,1.0000
103.970000,2101,1.5995,0.188487,0.485792,8.4862,3.2927,0.3086,200,14,14,12,125,9,12,12,12,10,14,0,1.0000
104.020000,2102,1.5985,0.188469,0.485760,8.4815,3.2907,0.3090,200,17,17,16,153,9,12,10,12,10,17,0,1.0000
104.070000,2103,1.5987,0.188481,0.485772,8.4820,3.2910,0.2911,200,12,12,12,108,9,12,12,12,10,12,0,1.0000
104.120000,2104,1.5958,0.188442,0.485666,8.4683,3.2857,0.2655,200,16,16,15,142,9,12,12,12,10,16,0,1.0000
104.170000,2105,1.5965,0.188452,0.485660,8.4717,3.2873,0.2756,200,11,11,11,99,9,12,12,12,10,11,0,1.0000
104.220000,2106,1.5991,0.188403,0.485549,8.4875,3.2933,0.3048,200,26,26,25,233,9,12,12,12,10,26,0,1.0000
104.270000,2107,1.6025,0.188346,0.485483,8.5083,3.3008,0.3221,200,19,19,19,171,9,12,12,12,10,17,2,0.8947
104.320000,2108,1.6056,0.188358,0.485497,8.5243,3.3072,0.3533,200,10,10,9,87,9,12,12,12,10,9,1,0.9000
104.370000,2109,1.6069,0.188262,0.485407,8.5356,3.3105,0.3510,200,25,25,24,225,9,12,10,12,10,25,0,1.0000
104.420000,2110,1.6117,0.188244,0.485391,8.5618,3.3204,0.3785,200,18,18,17,161,9,12,12,12,10,18,0,1.0000
104.470000,2111,1.6121,0.188268,0.485424,8.5626,3.3209,0.3675,200,10,10,7,77,9,12,12,12,10,10,0,1.0000
104.520000,2112,1.6186,0.188262,0.485409,8.5975,3.3345,0.4381,200,22,22,21,194,9,12,10,12,10,22,0,1.0000
104.570000,2113,1.6179,0.188298,0.485451,8.5920,3.3327,0.4287,200,12,12,12,108,9,12,12,12,10,12,0,1.0000
104.620000,2114,1.6186,0.188340,0.485495,8.5939,3.3339,0.4203,200,20,20,18,170,9,12,12,12,10,20,0,1.0000
104.670000,2115,1.6206,0.188387,0.485547,8.6024,3.3376,0.4424,200,14,14,13,121,9,12,12,12,10,14,0,1.0000
104.720000,2116,1.6234,0.188437,0.485601,8.6151,3.3431,0.4644,200,15,15,15,135,9,12,12,12,10,15,0,1.0000
104.770000,2117,1.6228,0.188493,0.485662,8.6094,3.3414,0.4797,200,13,13,12,113,9,12,12,12,10,13,0,1.0000
104.820000,2118,1.6239,0.188547,0.485722,8.6126,3.3432,0.4744,200,27,27,25,239,9,12,12,12,10,27,0,1.0000
104.870000,2119,1.6239,0.188605,0.485785,8.6101,3.3429,0.5012,200,20,20,18,171,9,12,12,12,10,20,0,1.0000
104.920000,2120,1.6241,0.188665,0.485852,8.6086,3.3429,0.4949,200,11,11,9,94,9,12,10,12,10,11,0,1.0000
104.970000,2121,1.6244,0.188715,0.485910,8.6076,3.3430,0.4929,200,25,25,24,221,9,12,12,12,10,25,0,1.0000
105.020000,2122,1.6256,0.188768,0.485974,8.6117,3.3451,0.5091,200,15,15,15,135,9,12,12,12,10,15,0,1.0000
105.070000,2123,1.6255,0.188825,0.486040,8.6084,3.3443,0.5062,200,10,10,9,86,9,12,12,12,10,10,0,1.0000
105.120000,2124,1.6254,0.188832,0.486069,8.6077,3.3440,0.4876,200,27,27,22,225,9,12,12,12,10,27,0,1.0000
105.170000,2125,1.6252,0.188899,0.486142,8.6036,3.3431,0.4869,200,13,13,10,103,9,12,12,12,10,13,0,1.0000
105.220000,2126,1.6253,0.188970,0.486217,8.6006,3.3427,0.4770,200,18,18,18,162,9,12,11,12,10,17,1,0.9444
105.270000,2127,1.6252,0.188998,0.486263,8.5990,3.3422,0.4842,200,17,17,14,143,9,12,10,12,10,17,0,1.0000
105.320000,2128,1.6255,0.189067,0.486339,8.5973,3.3423,0.4921,200,14,14,14,126,9,12,12,12,10,14,0,1.0000
105.370000,2129,1.6259,0.189153,0.486425,8.5959,3.3426,0.4853,200,11,11,10,98,9,12,12,12,10,11,0,1.0000
105.420000,2130,1.6244,0.189207,0.486490,8.5854,3.3390,0.4730,200,26,26,26,234,9,12,11,12,10,25,1,0.9615
105.470000,2131,1.6252,0.189282,0.486566,8.5860,3.3401,0.4718,200,18,18,16,155,9,12,12,12,10,18,0,1.0000
105.520000,2132,1.6258,0.189374,0.486656,8.5853,3.3408,0.4735,200,10,10,9,89,9,12,11,12,10,9,1,0.9000
105.570000,2133,1.6259,0.189464,0.486740,8.5818,3.3405,0.4801,200,23,23,23,207,9,12,12,12,10,23,0,1.0000
105.620000,2134,1.6260,0.189541,0.486818,8.5783,3.3400,0.4428,200,15,15,14,133,9,12,12,12,10,15,0,1.0000
105.670000,2135,1.6259,0.189629,0.486897,8.5742,3.3394,0.4643,200,12,12,10,102,9,12,10,12,10,12,0,1.0000
105.720000,2136,1.6271,0.189620,0.486898,8.5808,3.3418,0.4447,200,27,27,27,243,9,12,10,12,10,27,0,1.0000
105.770000,2137,1.6290,0.189646,0.486930,8.5895,3.3454,0.4205,200,14,14,13,124,9,12,12,12,10,14,0,1.0000
105.820000,2138,1.6302,0.189677,0.486970,8.5944,3.3476,0.4494,200,18,18,17,161,9,12,12,12,10,18,0,1.0000
105.870000,2139,1.6303,0.189761,0.487054,8.5912,3.3472,0.4131,200,15,15,12,123,9,12,12,12,10,15,0,1.0000
105.920000,2140,1.6304,0.189835,0.487132,8.5887,3.3470,0.3945,200,17,17,16,148,9,12,12,12,10,17,0,1.0000
105.970000,2141,1.6307,0.189958,0.487244,8.5845,3.3468,0.4200,200,12,12,11,104,9,12,10,12,10,12,0,1.0000
106.020000,2142,1.6311,0.190049,0.487338,8.5826,3.3470,0.4040,200,25,25,25,225,9,12,12,12,10,25,0,1.0000
106.070000,2143,1.6320,0.190163,0.487447,8.5819,3.3480,0.4085,200,17,17,16,153,9,12,10,12,10,17,0,1.0000
106.120000,2144,1.6220,0.190138,0.487465,8.5308,3.3275,0.4149,200,11,11,10,96,9,12,12,12,10,11,0,1.0000
106.170000,2145,1.6232,0.190234,0.487564,8.5327,3.3292,0.4111,200,27,27,23,226,9,12,12,12,10,27,0,1.0000
106.220000,2146,1.6230,0.190352,0.487676,8.5265,3.3281,0.3985,200,13,13,13,117,9,12,12,12,10,13,0,1.0000
106.270000,2147,1.6240,0.190356,0.487697,8.5313,3.3299,0.3942,200,18,18,14,149,9,12,11,12,10,18,0,1.0000
106.320000,2148,1.6234,0.190348,0.487706,8.5285,3.3286,0.3946,200,19,19,18,167,9,12,12,12,10,19,0,1.0000
106.370000,2149,1.6218,0.190210,0.487611,8.5266,3.3261,0.4117,200,18,18,13,149,9,12,10,12,10,18,0,1.0000
106.420000,2150,1.6217,0.190130,0.487563,8.5295,3.3262,0.3908,200,20,20,18,173,9,12,12,12,10,20,0,1.0000
106.470000,2151,1.6204,0.190052,0.487516,8.5259,3.3237,0.3874,200,12,12,12,108,9,12,12,12,10,12,0,1.0000
106.520000,2152,1.6195,0.189971,0.487471,8.5248,3.3222,0.3848,200,18,18,16,150,9,12,12,12,10,18,0,1.0000
106.570000,2153,1.6187,0.189962,0.487481,8.5210,3.3205,0.3806,200,13,13,13,117,9,12,10,12,10,13,0,1.0000
106.620000,2154,1.6184,0.189984,0.487522,8.5185,3.3196,0.3938,200,23,23,23,207,9,12,12,12,10,23,0,1.0000
106.670000,2155,1.6182,0.190069,0.487610,8.5137,3.3186,0.3805,200,15,15,13,126,9,12,12,12,10,15,0,1.0000
106.720000,2156,1.6178,0.190185,0.487725,8.5066,3.3171,0.3763,200,10,10,8,83,9,12,12,12,10,10,0,1.0000
106.770000,2157,1.6178,0.190293,0.487831,8.5015,3.3162,0.3651,200,25,25,25,225,9,12,12,12,10,25,0,1.0000
106.820000,2158,1.6167,0.190364,0.487909,8.4924,3.3134,0.3526,200,14,14,12,120,9,12,11,12,10,14,0,1.0000
106.870000,2159,1.6156,0.190442,0.487968,8.4836,3.3109,0.3543,200,17,17,16,151,9,12,10,12,10,17,0,1.0000
106.920000,2160,1.6065,0.190225,0.487815,8.4455,3.2933,0.3466,200,26,26,22,230,9,12,10,12,10,26,0,1.0000
106.970000,2161,1.6043,0.190139,0.487732,8.4377,3.2894,0.3403,200,15,15,14,134,9,12,12,12,10,15,0,1.0000
107.020000,2162,1.6008,0.189871,0.487544,8.4312,3.2835,0.3551,200,20,20,18,176,9,12,12,12,10,20,0,1.0000
107.070000,2163,1.5990,0.189784,0.487472,8.4255,3.2802,0.3576,200,14,14,12,122,9,12,12,12,10,14,0,1.0000
107.120000,2164,1.5981,0.189575,0.487311,8.4300,3.2794,0.3381,200,13,13,13,117,9,12,11,12,10,13,0,1.0000
107.170000,2165,1.5975,0.189460,0.487227,8.4321,3.2789,0.3554,200,11,11,10,96,9,12,12,12,10,10,1,0.9091
107.220000,2166,1.5978,0.189436,0.487196,8.4347,3.2796,0.3677,200,22,22,21,197,9,12,11,12,10,22,0,1.0000
107.270000,2167,1.5993,0.189232,0.487026,8.4515,3.2838,0.3827,200,13,13,13,117,9,12,12,12,10,13,0,1.0000
107.320000,2168,1.6002,0.189051,0.486878,8.4643,3.2866,0.3494,200,14,14,12,121,9,12,12,12,10,14,0,1.0000
107.370000,2169,1.5990,0.189010,0.486846,8.4597,3.2843,0.3467,200,27,27,25,240,9,12,12,12,10,26,1,0.9630
107.420000,2170,1.6012,0.188895,0.486774,8.4769,3.2895,0.3490,200,13,13,13,117,9,12,12,12,10,13,0,1.0000
107.470000,2171,1.6008,0.188852,0.486746,8.4766,3.2888,0.3305,200,23,23,15,179,9,12,12,12,10,23,0,1.0000
107.520000,2172,1.6014,0.188783,0.486706,8.4826,3.2902,0.3577,200,25,25,25,225,9,12,10,12,10,24,1,0.9600
107.570000,2173,1.5993,0.188798,0.486726,8.4708,3.2858,0.3799,200,14,14,14,126,9,12,12,12,10,14,0,1.0000
107.620000,2174,1.5991,0.188848,0.486775,8.4676,3.2851,0.3509,200,18,18,16,154,9,12,12,12,10,18,0,1.0000
107.670000,2175,1.5986,0.188896,0.486820,8.4630,3.2838,0.3757,200,14,14,13,120,9,12,12,12,10,14,0,1.0000
107.720000,2176,1.5984,0.188944,0.486868,8.4599,3.2831,0.3364,200,15,15,13,129,9,12,12,12,10,15,0,1.0000
107.770000,2177,1.5975,0.189004,0.486924,8.4523,3.2808,0.3605,200,11,11,11,99,9,12,12,12,10,11,0,1.0000
107.820000,2178,1.5984,0.189067,0.486984,8.4539,3.2821,0.3689,200,24,24,20,207,9,12,12,12,10,24,0,1.0000
107.870000,2179,1.5961,0.189110,0.487032,8.4400,3.2772,0.4024,200,15,15,13,128,9,12,10,12,10,15,0,1.0000
107.920000,2180,1.5971,0.189172,0.487089,8.4426,3.2789,0.3591,200,15,15,12,119,9,12,11,12,10,15,0,1.0000
107.970000,2181,1.5902,0.189196,0.487129,8.4049,3.2644,0.4261,200,26,26,24,223,9,12,10,12,10,26,0,1.0000
108.020000,2182,1.5903,0.189254,0.487186,8.4032,3.2643,0.3522,200,12,12,12,108,9,12,12,12,10,12,0,1.0000
108.070000,2183,1.5796,0.189256,0.487219,8.3466,3.2422,0.4619,200,27,27,20,232,9,12,10,12,10,27,0,1.0000
108.120000,2184,1.5765,0.189288,0.487267,8.3285,3.2354,0.4724,200,22,22,21,197,9,12,12,12,10,22,0,1.0000
108.170000,2185,1.5757,0.189338,0.487323,8.3220,3.2333,0.4604,200,17,17,13,143,9,12,12,12,10,17,0,1.0000
108.220000,2186,1.5733,0.189390,0.487378,8.3072,3.2281,0.4378,200,16,16,13,136,9,12,12,12,10,16,0,1.0000
108.270000,2187,1.5735,0.189414,0.487415,8.3071,3.2282,0.4641,200,16,16,13,136,9,12,12,12,10,15,1,0.9375
108.320000,2188,1.5704,0.189450,0.487452,8.2891,3.2216,0.4323,200,11,11,11,99,9,12,12,12,10,11,0,1.0000
108.370000,2189,1.5686,0.189443,0.487464,8.2802,3.2179,0.4802,200,14,14,9,106,9,12,12,12,10,14,0,1.0000
108.420000,2190,1.5678,0.189410,0.487458,8.2773,3.2163,0.4727,200,18,18,17,159,9,12,12,12,10,18,0,1.0000
108.470000,2191,1.5646,0.189294,0.487390,8.2653,3.2101,0.4812,200,14,14,13,125,9,12,12,12,10,14,0,1.0000
108.520000,2192,1.5610,0.189184,0.487312,8.2514,3.2033,0.4917,200,17,17,15,149,9,12,12,12,10,16,1,0.9412
108.570000,2193,1.5615,0.189043,0.487228,8.2600,3.2049,0.4841,200,23,23,23,207,9,12,12,12,10,23,0,1.0000
108.620000,2194,1.5582,0.189016,0.487218,8.2439,3.1982,0.4980,200,11,11,11,99,9,12,10,12,10,10,1,0.9091
108.670000,2195,1.5550,0.188788,0.487060,8.2368,3.1926,0.5046,200,24,24,24,216,9,12,12,12,10,24,0,1.0000
108.720000,2196,1.5542,0.188730,0.487019,8.2352,3.1913,0.4951,200,19,19,18,165,9,12,12,12,10,19,0,1.0000
108.770000,2197,1.5534,0.188705,0.487013,8.2319,3.1897,0.5038,200,17,17,15,151,9,12,12,12,10,17,0,1.0000
108.820000,2198,1.5505,0.188656,0.486996,8.2186,3.1838,0.4203,200,19,19,18,166,9,12,12,12,10,19,0,1.0000
108.870000,2199,1.5485,0.188646,0.486996,8.2083,3.1796,0.4582,200,17,17,14,146,9,12,12,12,10,17,0,1.0000
108.920000,2200,1.5435,0.188641,0.487002,8.1820,3.1693,0.3323,200,14,14,11,116,9,12,12,12,10,14,0,1.0000
108.970000,2201,1.5412,0.188644,0.487009,8.1700,3.1647,0.4356,200,14,14,12,118,9,12,12,12,10,14,0,1.0000
109.020000,2202,1.5392,0.188664,0.487021,8.1584,3.1604,0.4178,200,20,20,18,170,9,12,10,12,10,20,0,1.0000
109.070000,2203,1.5446,0.188650,0.487018,8.1879,3.1716,0.3960,200,17,17,16,151,9,12,12,12,10,17,0,1.0000
109.120000,2204,1.5444,0.188655,0.487024,8.1866,3.1712,0.4292,200,16,16,15,138,9,12,12,12,10,16,0,1.0000
109.170000,2205,1.5480,0.188658,0.487029,8.2054,3.1785,0.4200,200,20,20,20,180,9,12,12,12,10,20,0,1.0000
109.220000,2206,1.5479,0.188677,0.487043,8.2039,3.1781,0.4136,200,11,11,9,94,9,12,12,12,10,11,0,1.0000
109.270000,2207,1.5523,0.188665,0.487038,8.2280,3.1873,0.3824,200,24,24,24,216,9,12,12,12,10,24,0,1.0000
109.320000,2208,1.5506,0.188676,0.487044,8.2185,3.1838,0.4083,200,15,15,15,135,9,12,12,12,10,15,0,1.0000
109.370000,2209,1.5618,0.188649,0.487036,8.2788,3.2067,0.3061,200,16,16,16,144,9,12,12,12,10,16,0,1.0000
109.420000,2210,1.5690,0.188640,0.487034,8.3175,3.2216,0.2477,200,19,19,18,166,9,12,12,12,10,19,0,1.0000
109.470000,2211,1.5710,0.188642,0.487035,8.3277,3.2256,0.2828,200,21,21,18,175,9,12,10,12,10,21,0,1.0000
109.520000,2212,1.5732,0.188629,0.487029,8.3402,3.2302,0.2852,200,16,16,14,142,9,12,10,12,10,16,0,1.0000
109.570000,2213,1.5749,0.188637,0.487029,8.3489,3.2337,0.2076,200,14,14,13,125,9,12,10,12,10,14,0,1.0000
109.620000,2214,1.5750,0.188643,0.487026,8.3492,3.2339,0.2399,200,21,21,19,179,9,12,12,12,10,21,0,1.0000
109.670000,2215,1.5783,0.188613,0.487003,8.3677,3.2408,0.1729,200,23,23,17,198,9,12,10,12,10,23,0,1.0000
109.720000,2216,1.5798,0.188616,0.486995,8.3756,3.2439,0.0775,200,17,17,16,150,9,12,12,12,10,17,0,1.0000
109.770000,2217,1.5793,0.188617,0.486987,8.3729,3.2429,nan,200,18,18,15,149,9,12,12,12,10,18,0,1.0000
109.820000,2218,1.5763,0.188624,0.486983,8.3571,3.2370,0.1176,200,12,12,10,98,9,12,11,12,10,12,0,1.0000
109.870000,2219,1.5754,0.188616,0.486965,8.3526,3.2352,nan,200,24,24,20,199,9,12,12,12,10,24,0,1.0000
109.920000,2220,1.5744,0.188616,0.486955,8.3471,3.2331,nan,200,15,15,13,126,9,12,11,12,10,15,0,1.0000
109.970000,2221,1.5740,0.188606,0.486939,8.3453,3.2324,nan,200,18,18,14,154,9,12,11,12,10,18,0,1.0000
110.020000,2222,1.5718,0.188597,0.486922,8.3343,3.2281,nan,200,20,20,20,180,9,12,10,12,10,20,0,1.0000
110.070000,2223,1.5712,0.188586,0.486901,8.3317,3.2270,nan,200,17,17,15,147,9,12,11,12,10,17,0,1.0000
110.120000,2224,1.5713,0.188579,0.486874,8.3321,3.2272,nan,200,17,17,12,134,9,12,12,12,10,17,0,1.0000
110.170000,2225,1.5694,0.188566,0.486848,8.3226,3.2235,nan,200,23,23,15,172,9,12,10,12,10,23,0,1.0000
110.220000,2226,1.5726,0.188546,0.486811,8.3408,3.2305,nan,200,21,21,17,184,9,12,10,12,10,21,0,1.0000
110.270000,2227,1.5723,0.188515,0.486762,8.3407,3.2302,0.1529,200,19,19,13,153,9,12,11,12,10,19,0,1.0000
110.320000,2228,1.5751,0.188495,0.486725,8.3562,3.2361,nan,200,26,26,14,197,9,12,11,12,10,26,0,1.0000
110.370000,2229,1.5759,0.188477,0.486696,8.3613,3.2380,nan,200,21,21,13,159,9,12,12,12,10,21,0,1.0000
110.420000,2230,1.5756,0.188467,0.486667,8.3599,3.2375,nan,200,25,25,9,174,9,12,10,12,10,23,2,0.9200
110.470000,2231,1.5710,0.188459,0.486642,8.3362,3.2283,nan,200,29,29,19,219,9,12,10,12,10,27,2,0.9310
110.520000,2232,1.5733,0.188454,0.486627,8.3484,3.2330,nan,200,19,19,11,132,9,12,12,12,10,18,1,0.9474
110.570000,2233,1.5696,0.188449,0.486617,8.3289,3.2255,nan,200,11,11,7,82,9,12,12,12,10,11,0,1.0000
110.620000,2234,1.5678,0.188446,0.486608,8.3195,3.2218,nan,200,15,15,9,105,9,12,12,12,10,15,0,1.0000
110.670000,2235,1.5673,0.188444,0.486597,8.3170,3.2209,nan,200,19,19,16,161,9,12,10,12,10,18,1,0.9474
110.720000,2236,1.5669,0.188444,0.486590,8.3151,3.2202,nan,200,14,14,10,113,9,12,12,12,10,12,2,0.8571
110.770000,2237,1.5669,0.188445,0.486583,8.3150,3.2203,0.1319,200,13,13,9,104,9,12,10,12,10,13,0,1.0000
110.820000,2238,1.5688,0.188448,0.486578,8.3251,3.2242,0.1181,200,15,15,13,126,9,12,10,12,10,14,1,0.9333
110.870000,2239,1.5635,0.188451,0.486572,8.2965,3.2133,nan,200,15,15,10,121,9,12,10,12,10,12,3,0.8000
110.920000,2240,1.5641,0.188456,0.486569,8.2998,3.2146,0.0534,200,16,16,12,137,9,12,12,12,10,15,1,0.9375
110.970000,2241,1.5643,0.188463,0.486567,8.3004,3.2150,0.1604,200,14,14,12,123,9,12,12,12,10,13,1,0.9286
111.020000,2242,1.5646,0.188471,0.486565,8.3013,3.2155,0.0906,200,17,17,15,141,9,12,11,12,10,17,0,1.0000
111.070000,2243,1.5558,0.188478,0.486560,8.2545,3.1975,0.1288,200,31,31,24,257,9,12,12,12,10,29,2,0.9355
111.120000,2244,1.5527,0.188486,0.486556,8.2375,3.1911,nan,200,22,22,22,198,9,12,10,12,10,22,0,1.0000
111.170000,2245,1.5513,0.188498,0.486557,8.2300,3.1884,0.1164,200,12,12,11,106,9,12,10,12,10,11,1,0.9167
111.220000,2246,1.5649,0.188504,0.486548,8.3015,3.2162,nan,200,14,14,12,125,9,12,12,12,10,14,0,1.0000
111.270000,2247,1.5643,0.188516,0.486550,8.2982,3.2152,0.0613,200,20,20,18,169,9,12,10,12,10,20,0,1.0000
111.320000,2248,1.5652,0.188531,0.486554,8.3019,3.2168,0.0757,200,16,16,14,136,9,12,10,12,10,15,1,0.9375
111.370000,2249,1.5649,0.188546,0.486560,8.2999,3.2163,0.1032,200,14,14,11,108,9,12,10,12,10,13,1,0.9286
111.420000,2250,1.5637,0.188564,0.486567,8.2929,3.2138,0.1198,200,21,21,14,163,9,12,12,12,10,21,0,1.0000
111.470000,2251,1.5626,0.188582,0.486576,8.2860,3.2114,0.1087,200,17,17,14,147,9,12,11,12,10,17,0,1.0000
111.520000,2252,1.5655,0.188602,0.486587,8.3008,3.2174,0.1524,200,16,16,14,135,9,12,10,12,10,16,0,1.0000
111.570000,2253,1.5632,0.188623,0.486600,8.2876,3.2126,nan,200,18,18,15,150,9,12,10,12,10,16,2,0.8889
111.620000,2254,1.5635,0.188646,0.486613,8.2882,3.2131,0.1155,200,19,19,15,154,9,12,10,12,10,18,1,0.9474
111.670000,2255,1.5651,0.188668,0.486626,8.2957,3.2163,nan,200,27,27,26,240,9,12,10,12,10,27,0,1.0000
111.720000,2256,1.5701,0.188691,0.486640,8.3208,3.2263,nan,200,24,24,23,213,9,12,10,12,10,24,0,1.0000
111.770000,2257,1.5717,0.188716,0.486657,8.3283,3.2296,nan,200,10,10,9,86,9,12,12,12,10,10,0,1.0000
111.820000,2258,1.5749,0.188742,0.486676,8.3444,3.2361,0.0932,200,10,10,8,79,9,12,11,12,10,10,0,1.0000
111.870000,2259,1.5752,0.188766,0.486693,8.3446,3.2365,nan,200,19,19,17,160,9,12,10,12,10,19,0,1.0000
111.920000,2260,1.5785,0.188792,0.486713,8.3609,3.2431,nan,200,20,20,14,159,9,12,12,12,10,20,0,1.0000
111.970000,2261,1.5812,0.188818,0.486735,8.3743,3.2486,nan,200,15,15,12,127,9,12,10,12,10,15,0,1.0000
112.020000,2262,1.5867,0.188841,0.486755,8.4022,3.2597,nan,200,21,21,20,187,9,12,12,12,10,21,0,1.0000
112.070000,2263,1.5874,0.188867,0.486778,8.4051,3.2611,nan,200,14,14,12,123,9,12,12,12,10,14,0,1.0000
112.120000,2264,1.5888,0.188893,0.486801,8.4113,3.2639,0.1248,200,13,13,11,110,9,12,12,12,10,13,0,1.0000
112.170000,2265,1.5938,0.188915,0.486823,8.4367,3.2739,0.0733,200,18,18,18,162,9,12,12,12,10,18,0,1.0000
112.220000,2266,1.5966,0.188935,0.486845,8.4504,3.2794,nan,200,21,21,21,189,9,12,12,12,10,21,0,1.0000
112.270000,2267,1.6035,0.188951,0.486865,8.4864,3.2935,0.0192,200,21,21,21,189,9,12,12,12,10,21,0,1.0000
112.320000,2268,1.6115,0.188967,0.486885,8.5279,3.3098,nan,200,18,18,18,162,9,12,12,12,10,18,0,1.0000
112.370000,2269,1.6154,0.188986,0.486907,8.5476,3.3176,0.1789,200,10,10,10,90,9,12,12,12,10,10,0,1.0000
112.420000,2270,1.6179,0.189004,0.486930,8.5601,3.3226,0.0474,200,10,10,10,90,9,12,12,12,10,10,0,1.0000
112.470000,2271,1.6222,0.189012,0.486945,8.5824,3.3314,nan,200,21,21,20,187,9,12,11,12,10,21,0,1.0000
112.520000,2272,1.6276,0.189025,0.486963,8.6107,3.3424,nan,200,17,17,17,153,9,12,12,12,10,17,0,1.0000
112.570000,2273,1.6287,0.189039,0.486982,8.6155,3.3444,nan,200,15,15,15,135,9,12,12,12,10,15,0,1.0000
112.620000,2274,1.6298,0.189045,0.486997,8.6213,3.3467,nan,200,22,22,22,198,9,12,12,12,10,22,0,1.0000
112.670000,2275,1.6321,0.189059,0.487017,8.6328,3.3512,nan,200,15,15,14,129,9,12,12,12,10,15,0,1.0000
112.720000,2276,1.6342,0.189074,0.487039,8.6434,3.3555,nan,200,12,12,11,102,9,12,12,12,10,12,0,1.0000
112.770000,2277,1.6366,0.189088,0.487058,8.6554,3.3602,nan,200,18,18,18,162,9,12,12,12,10,18,0,1.0000
112.820000,2278,1.6320,0.189090,0.487063,8.6310,3.3508,nan,200,22,22,22,198,9,12,12,12,10,22,0,1.0000
112.870000,2279,1.6348,0.189099,0.487077,8.6452,3.3564,0.0508,200,22,22,21,195,9,12,12,12,10,22,0,1.0000
112.920000,2280,1.6379,0.189105,0.487088,8.6616,3.3627,nan,200,20,20,19,175,9,12,12,12,10,20,0,1.0000
112.970000,2281,1.6412,0.189115,0.487103,8.6781,3.3692,nan,200,11,11,10,97,9,12,12,12,10,11,0,1.0000
113.020000,2282,1.6367,0.189112,0.487091,8.6547,3.3601,nan,200,10,10,10,90,9,12,12,12,10,10,0,1.0000
113.070000,2283,1.6256,0.189089,0.487036,8.5972,3.3378,nan,200,21,21,21,189,9,12,12,12,10,21,0,1.0000
113.120000,2284,1.6222,0.189085,0.487015,8.5795,3.3310,nan,200,17,17,16,149,9,12,10,12,10,17,0,1.0000
113.170000,2285,1.6131,0.189079,0.486986,8.5316,3.3125,nan,200,17,17,14,144,9,12,11,12,10,17,0,1.0000
113.220000,2286,1.6068,0.189066,0.486933,8.4988,3.2999,nan,200,24,24,20,200,9,12,12,12,10,24,0,1.0000
113.270000,2287,1.6033,0.189069,0.486916,8.4800,3.2928,nan,200,18,18,15,149,9,12,12,12,10,18,0,1.0000
113.320000,2288,1.6018,0.189073,0.486900,8.4720,3.2898,0.0519,200,11,11,10,94,9,12,12,12,10,11,0,1.0000
113.370000,2289,1.6022,0.189082,0.486894,8.4733,3.2905,nan,200,20,20,20,180,9,12,10,12,10,20,0,1.0000
113.420000,2290,1.5973,0.189090,0.486877,8.4474,3.2808,nan,200,22,22,22,198,9,12,12,12,10,22,0,1.0000
113.470000,2291,1.5972,0.189100,0.486875,8.4465,3.2806,nan,200,18,18,18,162,9,12,12,12,10,18,0,1.0000
113.520000,2292,1.5967,0.189113,0.486877,8.4431,3.2795,nan,200,19,19,17,161,9,12,12,12,10,19,0,1.0000
113.570000,2293,1.5978,0.189127,0.486879,8.4484,3.2818,nan,200,9,9,9,81,9,12,12,12,10,9,0,1.0000
113.620000,2294,1.5977,0.189142,0.486880,8.4473,3.2816,0.0322,200,11,11,11,99,9,12,11,12,10,11,0,1.0000
113.670000,2295,1.5977,0.189156,0.486877,8.4466,3.2816,nan,200,19,19,17,168,9,12,12,12,10,19,0,1.0000
113.720000,2296,1.5969,0.189172,0.486881,8.4414,3.2798,nan,200,14,14,14,126,9,12,12,12,10,14,0,1.0000
113.770000,2297,1.5939,0.189188,0.486883,8.4247,3.2736,nan,200,13,13,13,117,9,12,12,12,10,13,0,1.0000
113.820000,2298,1.5896,0.189201,0.486880,8.4019,3.2650,nan,200,25,25,24,224,9,12,12,12,10,25,0,1.0000
113.870000,2299,1.5897,0.189218,0.486882,8.4012,3.2650,0.0838,200,19,19,19,171,9,12,12,12,10,19,0,1.0000
113.920000,2300,1.5905,0.189239,0.486889,8.4050,3.2668,nan,200,13,13,12,111,9,12,12,12,10,13,0,1.0000
113.970000,2301,1.5913,0.189260,0.486894,8.4083,3.2684,nan,200,20,20,20,180,9,12,12,12,10,20,0,1.0000
114.020000,2302,1.5907,0.189282,0.486897,8.4039,3.2670,nan,200,22,22,22,198,9,12,10,12,10,22,0,1.0000
114.070000,2303,1.5919,0.189303,0.486902,8.4093,3.2695,0.0520,200,18,18,18,162,9,12,12,12,10,18,0,1.0000
114.120000,2304,1.5922,0.189324,0.486909,8.4098,3.2700,nan,200,19,19,18,166,9,12,12,12,10,19,0,1.0000
114.170000,2305,1.5923,0.189348,0.486918,8.4094,3.2702,nan,200,10,10,10,90,9,12,10,12,10,9,1,0.9000
114.220000,2306,1.5925,0.189371,0.486921,8.4095,3.2706,0.0831,200,12,12,11,103,9,12,12,12,10,12,0,1.0000
114.270000,2307,1.5915,0.189379,0.486909,8.4040,3.2686,0.0840,200,18,18,18,162,9,12,12,12,10,18,0,1.0000
114.320000,2308,1.5905,0.189397,0.486910,8.3979,3.2666,nan,200,13,13,13,117,9,12,12,12,10,13,0,1.0000
114.370000,2309,1.5903,0.189416,0.486909,8.3958,3.2661,nan,200,13,13,12,117,9,12,10,12,10,13,0,1.0000
114.420000,2310,1.5881,0.189424,0.486901,8.3838,3.2616,nan,200,27,27,24,240,9,12,12,12,10,27,0,1.0000
114.470000,2311,1.5875,0.189438,0.486899,8.3799,3.2604,nan,200,22,22,20,193,9,12,10,12,10,22,0,1.0000
114.520000,2312,1.5865,0.189465,0.486908,8.3738,3.2584,nan,200,13,13,11,114,9,12,12,12,10,13,0,1.0000
114.570000,2313,1.5863,0.189494,0.486919,8.3714,3.2579,0.1377,200,19,19,18,165,9,12,12,12,10,18,1,0.9474
114.620000,2314,1.5854,0.189522,0.486928,8.3652,3.2559,0.0855,200,23,23,22,201,9,12,10,12,10,23,0,1.0000
114.670000,2315,1.5858,0.189553,0.486941,8.3660,3.2567,nan,200,18,18,17,156,9,12,11,12,10,18,0,1.0000
114.720000,2316,1.5849,0.189588,0.486955,8.3595,3.2546,0.0958,200,16,16,16,144,9,12,12,12,10,16,0,1.0000
114.770000,2317,1.5846,0.189622,0.486969,8.3567,3.2540,nan,200,14,14,9,112,9,12,12,12,10,14,0,1.0000
114.820000,2318,1.5855,0.189642,0.486979,8.3605,3.2558,0.0514,200,16,16,11,127,9,12,12,12,10,16,0,1.0000
114.870000,2319,1.5866,0.189643,0.486978,8.3664,3.2581,0.1043,200,20,20,17,174,9,12,12,12,10,20,0,1.0000
114.920000,2320,1.5860,0.189664,0.486988,8.3624,3.2569,0.0592,200,13,13,13,117,9,12,12,12,10,13,0,1.0000
114.970000,2321,1.5849,0.189680,0.486998,8.3557,3.2545,0.0969,200,12,12,11,106,9,12,12,12,10,12,0,1.0000
115.020000,2322,1.5865,0.189698,0.487008,8.3631,3.2576,0.1217,200,22,22,22,198,9,12,12,12,10,22,0,1.0000
115.070000,2323,1.5870,0.189717,0.487018,8.3650,3.2586,0.1170,200,21,21,16,173,9,12,12,12,10,21,0,1.0000
115.120000,2324,1.5867,0.189743,0.487031,8.3621,3.2578,0.0972,200,15,15,13,127,9,12,12,12,10,15,0,1.0000
115.170000,2325,1.5870,0.189765,0.487045,8.3631,3.2585,0.0267,200,17,17,17,153,9,12,12,12,10,17,0,1.0000
115.220000,2326,1.5870,0.189776,0.487043,8.3627,3.2585,nan,200,22,22,21,196,9,12,11,12,10,22,0,1.0000
115.270000,2327,1.5900,0.189754,0.487030,8.3794,3.2647,nan,200,23,23,18,194,9,12,10,12,10,23,0,1.0000
115.320000,2328,1.5923,0.189731,0.487004,8.3925,3.2696,nan,200,16,16,16,144,9,12,10,12,10,16,0,1.0000
115.370000,2329,1.5930,0.189728,0.487002,8.3961,3.2710,nan,200,13,13,12,112,9,12,12,12,10,13,0,1.0000
115.420000,2330,1.5936,0.189736,0.487004,8.3992,3.2723,nan,200,15,15,14,129,9,12,12,12,10,15,0,1.0000
115.470000,2331,1.5943,0.189725,0.486993,8.4033,3.2738,nan,200,18,18,14,148,9,12,12,12,10,18,0,1.0000
115.520000,2332,1.5946,0.189715,0.486985,8.4050,3.2744,nan,200,22,22,14,173,9,12,12,12,10,22,0,1.0000
115.570000,2333,1.5949,0.189705,0.486974,8.4072,3.2751,nan,200,23,23,12,182,9,12,10,12,10,22,1,0.9565
115.620000,2334,1.5959,0.189702,0.486958,8.4129,3.2774,nan,200,25,25,22,217,9,12,12,12,10,25,0,1.0000
115.670000,2335,1.5964,0.189700,0.486951,8.4155,3.2784,nan,200,17,17,16,153,9,12,12,12,10,17,0,1.0000
115.720000,2336,1.5954,0.189705,0.486944,8.4101,3.2764,0.1104,200,8,8,7,66,9,12,12,12,10,8,0,1.0000
115.770000,2337,1.5939,0.189718,0.486954,8.4015,3.2732,0.1114,200,14,14,14,126,9,12,12,12,10,14,0,1.0000
115.820000,2338,1.5921,0.189731,0.486963,8.3915,3.2695,0.0529,200,17,17,16,149,9,12,11,12,10,16,1,0.9412
115.870000,2339,1.5908,0.189738,0.486969,8.3844,3.2668,0.0688,200,15,15,15,135,9,12,12,12,10,15,0,1.0000
115.920000,2340,1.5895,0.189743,0.486976,8.3773,3.2641,0.1415,200,12,12,12,108,9,12,12,12,10,12,0,1.0000
115.970000,2341,1.5914,0.189700,0.486953,8.3890,3.2681,0.0876,200,15,15,13,129,9,12,12,12,10,15,0,1.0000
116.020000,2342,1.5932,0.189676,0.486938,8.3997,3.2719,0.0927,200,15,15,14,134,9,12,12,12,10,14,1,0.9333
116.070000,2343,1.5952,0.189650,0.486923,8.4113,3.2761,0.1078,200,16,16,16,144,9,12,10,12,10,16,0,1.0000
116.120000,2344,1.5945,0.189649,0.486927,8.4077,3.2746,nan,200,16,16,16,144,9,12,12,12,10,14,2,0.8750
116.170000,2345,1.5943,0.189644,0.486929,8.4067,3.2742,nan,200,24,24,20,208,9,12,12,12,10,24,0,1.0000
116.220000,2346,1.5932,0.189641,0.486933,8.4010,3.2719,nan,200,23,23,23,207,9,12,12,12,10,23,0,1.0000
116.270000,2347,1.5926,0.189631,0.486933,8.3984,3.2707,nan,200,20,20,19,179,9,12,12,12,10,20,0,1.0000
116.320000,2348,1.5917,0.189629,0.486937,8.3939,3.2688,nan,200,10,10,9,89,9,12,12,12,10,10,0,1.0000
116.370000,2349,1.5909,0.189627,0.486943,8.3894,3.2670,0.1440,200,14,14,14,126,9,12,12,12,10,14,0,1.0000
116.420000,2350,1.5900,0.189621,0.486949,8.3853,3.2653,0.0311,200,17,17,17,153,9,12,12,12,10,17,0,1.0000
116.470000,2351,1.5902,0.189604,0.486946,8.3867,3.2656,nan,200,15,15,15,135,9,12,12,12,10,15,0,1.0000
116.520000,2352,1.5915,0.189593,0.486949,8.3944,3.2684,nan,200,14,14,13,121,9,12,12,12,10,14,0,1.0000
116.570000,2353,1.5931,0.189578,0.486947,8.4034,3.2716,nan,200,17,17,14,144,9,12,12,12,10,15,2,0.8824
116.620000,2354,1.5941,0.189564,0.486950,8.4091,3.2736,0.0448,200,14,14,13,124,9,12,12,12,10,14,0,1.0000
116.670000,2355,1.5959,0.189550,0.486952,8.4192,3.2773,nan,200,17,17,17,153,9,12,12,12,10,17,0,1.0000
116.720000,2356,1.5970,0.189537,0.486955,8.4260,3.2796,0.1481,200,15,15,15,135,9,12,12,12,10,15,0,1.0000
116.770000,2357,1.5983,0.189524,0.486959,8.4331,3.2822,0.1467,200,23,23,23,207,9,12,12,12,10,23,0,1.0000
116.820000,2358,1.5984,0.189511,0.486963,8.4345,3.2824,0.1239,200,26,26,24,226,9,12,12,12,10,26,0,1.0000
116.870000,2359,1.5999,0.189499,0.486968,8.4429,3.2855,nan,200,21,21,21,189,9,12,10,12,10,21,0,1.0000
116.920000,2360,1.6007,0.189488,0.486975,8.4473,3.2869,nan,200,10,10,8,82,9,12,12,12,10,10,0,1.0000
116.970000,2361,1.6018,0.189477,0.486981,8.4536,3.2892,nan,200,17,17,13,143,9,12,12,12,10,17,0,1.0000
117.020000,2362,1.6025,0.189465,0.486988,8.4581,3.2907,nan,200,21,21,18,178,9,12,10,12,10,21,0,1.0000
117.070000,2363,1.6032,0.189452,0.486994,8.4625,3.2921,nan,200,16,16,15,139,9,12,12,12,10,16,0,1.0000
117.120000,2364,1.6034,0.189439,0.487001,8.4641,3.2925,nan,200,14,14,13,125,9,12,12,12,10,14,0,1.0000
117.170000,2365,1.6047,0.189425,0.487006,8.4717,3.2951,0.1023,200,16,16,14,137,9,12,11,12,10,16,0,1.0000
117.220000,2366,1.6062,0.189412,0.487013,8.4797,3.2980,0.1463,200,15,15,13,126,9,12,12,12,10,15,0,1.0000
117.270000,2367,1.6061,0.189399,0.487019,8.4799,3.2978,0.0808,200,18,18,15,156,9,12,12,12,10,18,0,1.0000
117.320000,2368,1.6073,0.189386,0.487026,8.4871,3.3003,0.1484,200,13,13,12,114,9,12,12,12,10,13,0,1.0000
117.370000,2369,1.6084,0.189372,0.487031,8.4932,3.3024,0.1234,200,23,23,22,203,9,12,12,12,10,23,0,1.0000
117.420000,2370,1.6097,0.189358,0.487035,8.5008,3.3051,0.1615,200,25,25,22,211,9,12,11,12,10,25,0,1.0000
117.470000,2371,1.6111,0.189342,0.487039,8.5087,3.3079,nan,200,20,20,20,180,9,12,12,12,10,20,0,1.0000
117.520000,2372,1.6111,0.189333,0.487049,8.5094,3.3079,nan,200,10,10,9,84,9,12,12,12,10,10,0,1.0000
117.570000,2373,1.6116,0.189324,0.487057,8.5122,3.3088,nan,200,16,16,16,144,9,12,10,12,10,16,0,1.0000
117.620000,2374,1.6120,0.189309,0.487060,8.5153,3.3097,nan,200,25,25,22,216,9,12,10,12,10,25,0,1.0000
117.670000,2375,1.6121,0.189302,0.487070,8.5161,3.3098,nan,200,14,14,12,117,9,12,12,12,10,14,0,1.0000
117.720000,2376,1.6120,0.189296,0.487080,8.5158,3.3095,nan,200,13,13,12,113,9,12,12,12,10,13,0,1.0000
117.770000,2377,1.6121,0.189287,0.487085,8.5167,3.3097,nan,200,14,14,11,119,9,12,12,12,10,14,0,1.0000
117.820000,2378,1.6121,0.189281,0.487094,8.5167,3.3095,nan,200,19,19,16,156,9,12,12,12,10,19,0,1.0000
117.870000,2379,1.6110,0.189263,0.487091,8.5118,3.3073,nan,200,18,18,16,161,9,12,12,12,10,18,0,1.0000
117.920000,2380,1.6121,0.189246,0.487093,8.5185,3.3096,nan,200,15,15,12,126,9,12,12,12,10,15,0,1.0000
117.970000,2381,1.6104,0.189237,0.487096,8.5100,3.3062,nan,200,22,22,20,190,9,12,12,12,10,22,0,1.0000
118.020000,2382,1.6095,0.189232,0.487105,8.5056,3.3043,nan,200,21,21,21,189,9,12,12,12,10,21,0,1.0000
118.070000,2383,1.6107,0.189228,0.487114,8.5119,3.3066,nan,200,18,18,16,156,9,12,12,12,10,18,0,1.0000
118.120000,2384,1.6119,0.189226,0.487127,8.5184,3.3090,nan,200,13,13,11,105,9,12,12,12,10,13,0,1.0000
118.170000,2385,1.6121,0.189224,0.487135,8.5193,3.3092,nan,200,18,18,16,151,9,12,10,12,10,18,0,1.0000
118.220000,2386,1.6127,0.189218,0.487143,8.5227,3.3104,nan,200,17,17,17,153,9,12,12,12,10,17,0,1.0000
118.270000,2387,1.6118,0.189216,0.487155,8.5183,3.3086,nan,200,15,15,14,132,9,12,10,12,10,15,0,1.0000
118.320000,2388,1.6119,0.189216,0.487169,8.5190,3.3088,nan,200,14,14,13,122,9,12,10,12,10,14,0,1.0000
118.370000,2389,1.6128,0.189217,0.487183,8.5237,3.3105,nan,200,11,11,10,96,9,12,10,12,10,11,0,1.0000
118.420000,2390,1.6135,0.189219,0.487199,8.5274,3.3119,nan,200,20,20,20,180,9,12,10,12,10,20,0,1.0000
118.470000,2391,1.6129,0.189221,0.487214,8.5241,3.3105,nan,200,17,17,16,149,9,12,12,12,10,17,0,1.0000
118.520000,2392,1.6123,0.189223,0.487231,8.5209,3.3092,nan,200,17,17,14,147,9,12,12,12,10,17,0,1.0000
118.570000,2393,1.6145,0.189229,0.487247,8.5320,3.3135,nan,200,20,20,19,175,9,12,12,12,10,20,0,1.0000
118.620000,2394,1.6159,0.189239,0.487265,8.5392,3.3164,nan,200,21,21,20,183,9,12,12,12,10,21,0,1.0000
118.670000,2395,1.6180,0.189248,0.487280,8.5496,3.3205,nan,200,20,20,18,171,9,12,10,12,10,20,0,1.0000
118.720000,2396,1.6191,0.189261,0.487303,8.5546,3.3225,nan,200,11,11,11,99,9,12,12,12,10,11,0,1.0000
118.770000,2397,1.6203,0.189274,0.487317,8.5608,3.3250,nan,200,17,17,17,153,9,12,10,12,10,17,0,1.0000
118.820000,2398,1.6209,0.189290,0.487340,8.5628,3.3259,nan,200,16,16,16,144,9,12,12,12,10,16,0,1.0000
118.870000,2399,1.6220,0.189304,0.487357,8.5681,3.3281,nan,200,17,17,16,152,9,12,12,12,10,17,0,1.0000
118.920000,2400,1.6221,0.189318,0.487376,8.5683,3.3283,nan,200,14,14,13,122,9,12,10,12,10,14,0,1.0000
118.970000,2401,1.6216,0.189329,0.487400,8.5650,3.3270,0.1258,200,10,10,8,85,9,12,12,12,10,10,0,1.0000
119.020000,2402,1.6217,0.189332,0.487412,8.5655,3.3272,nan,200,21,21,20,184,9,12,11,12,10,21,0,1.0000
119.070000,2403,1.6200,0.189351,0.487437,8.5554,3.3235,0.2209,200,16,16,16,144,9,12,12,12,10,14,2,0.8750
119.120000,2404,1.6200,0.189353,0.487449,8.5552,3.3233,0.2946,200,17,17,16,152,9,12,12,12,10,17,0,1.0000
119.170000,2405,1.6143,0.189362,0.487449,8.5251,3.3118,0.3218,200,18,18,18,162,9,12,12,12,10,18,0,1.0000
119.220000,2406,1.6123,0.189368,0.487435,8.5141,3.3077,0.3452,200,23,23,22,207,9,12,12,12,10,23,0,1.0000
119.270000,2407,1.6129,0.189384,0.487443,8.5167,3.3090,0.3485,200,19,19,18,165,9,12,12,12,10,19,0,1.0000
119.320000,2408,1.6131,0.189411,0.487464,8.5166,3.3093,0.3333,200,10,10,10,90,9,12,12,12,10,10,0,1.0000
119.370000,2409,1.6121,0.189429,0.487478,8.5105,3.3071,0.3579,200,16,16,16,144,9,12,12,12,10,16,0,1.0000
119.420000,2410,1.6120,0.189458,0.487498,8.5087,3.3068,0.3418,200,16,16,16,144,9,12,12,12,10,16,0,1.0000
119.470000,2411,1.6113,0.189476,0.487508,8.5038,3.3051,0.3393,200,18,18,18,162,9,12,12,12,10,18,0,1.0000
119.520000,2412,1.6119,0.189498,0.487523,8.5062,3.3063,0.3345,200,13,13,13,117,9,12,10,12,10,13,0,1.0000
119.570000,2413,1.6115,0.189529,0.487554,8.5025,3.3052,0.2799,200,9,9,9,81,9,12,12,12,10,9,0,1.0000
119.620000,2414,1.6099,0.189557,0.487577,8.4927,3.3018,0.2543,200,22,22,21,196,9,12,12,12,10,22,0,1.0000
119.670000,2415,1.6089,0.189581,0.487597,8.4866,3.2996,0.2565,200,18,18,17,157,9,12,12,12,10,18,0,1.0000
119.720000,2416,1.6093,0.189610,0.487625,8.4874,3.3003,0.2299,200,18,18,17,160,9,12,12,12,10,18,0,1.0000
119.770000,2417,1.6088,0.189634,0.487645,8.4838,3.2991,0.2144,200,20,20,19,178,9,12,12,12,10,20,0,1.0000
119.820000,2418,1.6102,0.189644,0.487659,8.4906,3.3019,nan,200,25,25,24,225,9,12,12,12,10,25,0,1.0000
119.870000,2419,1.6086,0.189674,0.487686,8.4811,3.2985,0.2506,200,19,19,18,167,9,12,11,12,10,19,0,1.0000
119.920000,2420,1.6088,0.189718,0.487725,8.4802,3.2987,0.2462,200,9,9,9,81,9,12,12,12,10,9,0,1.0000
119.970000,2421,1.6113,0.189750,0.487758,8.4916,3.3034,0.2031,200,14,14,14,126,9,12,12,12,10,14,0,1.0000
120.020000,2422,1.6138,0.189790,0.487794,8.5029,3.3083,0.1963,200,20,20,16,162,9,12,12,12,10,20,0,1.0000
120.070000,2423,1.6130,0.189805,0.487818,8.4984,3.3066,0.3119,200,20,20,18,176,9,12,10,12,10,20,0,1.0000
120.120000,2424,1.6140,0.189842,0.487854,8.5017,3.3083,0.2837,200,14,14,12,118,9,12,12,12,10,14,0,1.0000
120.170000,2425,1.6141,0.189879,0.487891,8.5005,3.3082,0.3147,200,13,13,11,112,9,12,11,12,10,11,2,0.8462
120.220000,2426,1.6131,0.189905,0.487921,8.4940,3.3060,0.2584,200,23,23,22,202,9,12,11,12,10,23,0,1.0000
120.270000,2427,1.6142,0.189921,0.487948,8.4991,3.3080,0.2825,200,17,17,16,153,9,12,10,12,10,17,0,1.0000
120.320000,2428,1.6176,0.189964,0.487986,8.5154,3.3149,0.3188,200,19,19,17,161,9,12,12,12,10,17,2,0.8947
120.370000,2429,1.6177,0.190014,0.488024,8.5137,3.3148,0.3397,200,17,17,16,151,9,12,12,12,10,17,0,1.0000
120.420000,2430,1.6162,0.189981,0.488015,8.5073,3.3118,0.2774,200,22,22,22,198,9,12,12,12,10,22,0,1.0000
120.470000,2431,1.6172,0.190011,0.488039,8.5113,3.3137,0.2939,200,17,17,17,153,9,12,12,12,10,17,0,1.0000
120.520000,2432,1.6184,0.190058,0.488074,8.5155,3.3160,0.3113,200,9,9,9,81,9,12,12,12,10,9,0,1.0000
120.570000,2433,1.6171,0.190114,0.488108,8.5057,3.3129,0.3090,200,12,12,12,108,9,12,12,12,10,12,0,1.0000
120.620000,2434,1.6264,0.190064,0.488074,8.5572,3.3323,0.2943,200,22,22,20,197,9,12,10,12,10,22,0,1.0000
120.670000,2435,1.6190,0.190076,0.488071,8.5179,3.3172,0.2233,200,18,18,18,162,9,12,10,12,10,18,0,1.0000
120.720000,2436,1.6141,0.190094,0.488080,8.4911,3.3071,0.2569,200,12,12,11,108,9,12,12,12,10,12,0,1.0000
120.770000,2437,1.6123,0.190133,0.488106,8.4798,3.3032,0.2472,200,12,12,11,107,9,12,12,12,10,11,1,0.9167
120.820000,2438,1.6077,0.190156,0.488114,8.4544,3.2936,0.2402,200,22,22,22,198,9,12,12,12,10,22,0,1.0000
120.870000,2439,1.6029,0.190201,0.488139,8.4274,3.2837,0.2571,200,16,16,16,144,9,12,12,12,10,16,0,1.0000
120.920000,2440,1.6017,0.190242,0.488162,8.4191,3.2810,0.2820,200,17,17,17,153,9,12,12,12,10,17,0,1.0000
120.970000,2441,1.5974,0.190289,0.488189,8.3948,3.2721,0.2488,200,17,17,17,153,9,12,12,12,10,17,0,1.0000
121.020000,2442,1.5953,0.190315,0.488207,8.3823,3.2676,0.1892,200,25,25,24,219,9,12,10,12,10,25,0,1.0000
121.070000,2443,1.5904,0.190357,0.488237,8.3548,3.2574,0.1465,200,21,21,18,176,9,12,10,12,10,21,0,1.0000
121.120000,2444,1.5883,0.190407,0.488272,8.3415,3.2529,0.1441,200,15,15,9,124,9,12,12,12,10,15,0,1.0000
121.170000,2445,1.5864,0.190464,0.488311,8.3293,3.2488,0.0473,200,18,18,13,147,9,12,10,12,10,18,0,1.0000
121.220000,2446,1.5853,0.190473,0.488329,8.3230,3.2464,nan,200,28,28,23,231,9,12,10,12,10,28,0,1.0000
121.270000,2447,1.5842,0.190516,0.488363,8.3154,3.2439,nan,200,23,23,16,183,9,12,12,12,10,23,0,1.0000
121.320000,2448,1.5850,0.190570,0.488405,8.3170,3.2452,nan,200,17,17,8,129,9,12,12,12,10,16,1,0.9412
121.370000,2449,1.5819,0.190628,0.488450,8.2983,3.2386,0.0998,200,17,17,14,139,9,12,10,12,10,17,0,1.0000
121.420000,2450,1.5809,0.190677,0.488491,8.2910,3.2363,0.1465,200,24,24,19,211,9,12,10,12,10,24,0,1.0000
121.470000,2451,1.5822,0.190695,0.488518,8.2971,3.2388,0.1930,200,18,18,13,149,9,12,10,12,10,18,0,1.0000
121.520000,2452,1.5843,0.190748,0.488562,8.3055,3.2427,0.1358,200,12,12,10,102,9,12,10,12,10,12,0,1.0000
121.570000,2453,1.5854,0.190735,0.488578,8.3121,3.2449,0.2171,200,12,12,8,87,9,12,12,12,10,12,0,1.0000
121.620000,2454,1.5969,0.190661,0.488564,8.3757,3.2686,0.2309,200,22,22,13,170,9,12,10,12,10,22,0,1.0000
121.670000,2455,1.6013,0.190704,0.488601,8.3969,3.2774,0.1361,200,21,21,18,183,9,12,11,12,10,21,0,1.0000
121.720000,2456,1.6015,0.190770,0.488652,8.3948,3.2773,0.2338,200,7,7,5,58,9,12,10,12,10,6,1,0.8571
121.770000,2457,1.6047,0.190814,0.488693,8.4099,3.2837,0.2541,200,13,13,9,101,9,12,12,12,10,13,0,1.0000
121.820000,2458,1.6132,0.190676,0.488646,8.4605,3.3014,0.2671,200,18,18,15,153,9,12,10,12,10,18,0,1.0000
121.870000,2459,1.6209,0.190579,0.488621,8.5053,3.3174,0.2890,200,18,18,16,162,9,12,12,12,10,18,0,1.0000
121.920000,2460,1.6252,0.190598,0.488643,8.5270,3.3260,0.2640,200,14,14,12,120,9,12,12,12,10,13,1,0.9286
121.970000,2461,1.6340,0.190606,0.488663,8.5727,3.3438,0.2852,200,20,20,15,163,9,12,11,12,10,20,0,1.0000
122.020000,2462,1.6382,0.190615,0.488683,8.5945,3.3524,0.3218,200,24,24,19,198,9,12,10,12,10,24,0,1.0000
122.070000,2463,1.6400,0.190609,0.488700,8.6040,3.3559,0.3327,200,13,13,11,109,9,12,11,12,10,12,1,0.9231
122.120000,2464,1.6421,0.190644,0.488730,8.6134,3.3599,0.3220,200,13,13,13,117,9,12,12,12,10,13,0,1.0000
122.170000,2465,1.6458,0.190645,0.488745,8.6326,3.3673,0.3292,200,12,12,11,105,9,12,11,12,10,12,0,1.0000
122.220000,2466,1.6439,0.190609,0.488734,8.6243,3.3635,0.2957,200,23,23,19,192,9,12,10,12,10,23,0,1.0000
122.270000,2467,1.6435,0.190561,0.488715,8.6244,3.3629,0.2943,200,34,34,21,272,9,12,12,12,10,34,0,1.0000
122.320000,2468,1.6464,0.190602,0.488746,8.6381,3.3687,0.3388,200,12,12,9,97,9,12,12,12,10,12,0,1.0000
122.370000,2469,1.6422,0.190591,0.488759,8.6165,3.3600,0.1216,200,15,15,12,133,9,12,10,12,10,15,0,1.0000
122.420000,2470,1.6425,0.190618,0.488786,8.6169,3.3604,0.2769,200,15,15,11,115,9,12,10,12,10,14,1,0.9333
122.470000,2471,1.6437,0.190645,0.488815,8.6219,3.3627,0.3057,200,18,18,14,139,9,12,12,12,10,17,1,0.9444
122.520000,2472,1.6474,0.190687,0.488852,8.6392,3.3699,0.2745,200,11,11,9,90,9,12,12,12,10,10,1,0.9091
122.570000,2473,1.6450,0.190717,0.488879,8.6255,3.3649,0.2908,200,18,18,17,157,9,12,11,12,10,15,3,0.8333
122.620000,2474,1.6263,0.190605,0.488822,8.5324,3.3270,0.1322,200,26,26,20,212,9,12,12,12,10,26,0,1.0000
122.670000,2475,1.6247,0.190633,0.488854,8.5226,3.3235,0.2434,200,17,17,10,123,9,12,12,12,10,15,2,0.8824
122.720000,2476,1.6242,0.190667,0.488881,8.5188,3.3224,nan,200,17,17,15,146,9,12,11,12,10,17,0,1.0000
122.770000,2477,1.6232,0.190699,0.488910,8.5117,3.3200,0.2907,200,14,14,9,111,9,12,12,12,10,14,0,1.0000
122.820000,2478,1.6229,0.190715,0.488921,8.5096,3.3194,0.3272,200,16,16,14,138,9,12,12,12,10,16,0,1.0000
122.870000,2479,1.6158,0.190684,0.488891,8.4738,3.3051,0.3269,200,24,24,24,216,9,12,12,12,10,24,0,1.0000
122.920000,2480,1.6165,0.190715,0.488923,8.4760,3.3063,0.3190,200,13,13,11,107,9,12,12,12,10,13,0,1.0000
122.970000,2481,1.6172,0.190748,0.488950,8.4782,3.3075,0.3045,200,15,15,11,118,9,12,12,12,10,15,0,1.0000
123.020000,2482,1.6228,0.190761,0.488954,8.5071,3.3190,0.3307,200,26,26,14,204,9,12,10,12,10,26,0,1.0000
123.070000,2483,1.6182,0.190783,0.488971,8.4819,3.3094,0.3119,200,17,17,15,151,9,12,11,12,10,17,0,1.0000
123.120000,2484,1.6187,0.190816,0.489003,8.4832,3.3103,0.3097,200,9,9,9,81,9,12,12,12,10,9,0,1.0000
123.170000,2485,1.6191,0.190847,0.489025,8.4836,3.3108,0.3192,200,19,19,16,160,9,12,12,12,10,19,0,1.0000
123.220000,2486,1.6201,0.190871,0.489044,8.4877,3.3127,0.3138,200,22,22,21,197,9,12,11,12,10,22,0,1.0000
123.270000,2487,1.6207,0.190905,0.489081,8.4896,3.3138,0.3214,200,12,12,11,104,9,12,12,12,10,12,0,1.0000
123.320000,2488,1.6228,0.190939,0.489117,8.4993,3.3179,0.3079,200,19,19,16,161,9,12,12,12,10,19,0,1.0000
123.370000,2489,1.6216,0.190971,0.489156,8.4914,3.3151,0.2973,200,16,16,11,127,9,12,11,12,10,16,0,1.0000
123.420000,2490,1.6223,0.190978,0.489183,8.4945,3.3163,0.3061,200,15,15,13,130,9,12,10,12,10,15,0,1.0000
123.470000,2491,1.6193,0.190966,0.489197,8.4797,3.3102,0.2564,200,27,27,25,237,9,12,11,12,10,27,0,1.0000
123.520000,2492,1.6218,0.190998,0.489241,8.4912,3.3150,0.2944,200,13,13,9,100,9,12,12,12,10,12,1,0.9231
123.570000,2493,1.6203,0.191032,0.489285,8.4819,3.3116,0.2914,200,11,11,11,99,9,12,12,12,10,11,0,1.0000
123.620000,2494,1.6192,0.191051,0.489319,8.4751,3.3090,0.2861,200,19,19,18,166,9,12,12,12,10,19,0,1.0000
123.670000,2495,1.6181,0.191084,0.489361,8.4682,3.3066,0.3561,200,15,15,14,129,9,12,12,12,10,15,0,1.0000
123.720000,2496,1.6188,0.191121,0.489409,8.4699,3.3076,0.3601,200,8,8,8,72,9,12,12,12,10,8,0,1.0000
123.770000,2497,1.6190,0.191156,0.489453,8.4695,3.3078,0.3464,200,19,19,19,171,9,12,12,12,10,19,0,1.0000
123.820000,2498,1.6207,0.191195,0.489498,8.4769,3.3110,0.3683,200,19,19,17,170,9,12,12,12,10,19,0,1.0000
123.870000,2499,1.6197,0.191236,0.489541,8.4694,3.3085,0.3281,200,18,18,13,148,9,12,12,12,10,18,0,1.0000
123.920000,2500,1.6201,0.191278,0.489588,8.4700,3.3092,0.3534,200,12,12,12,108,9,12,12,12,10,12,0,1.0000
123.970000,2501,1.6228,0.191294,0.489606,8.4833,3.3145,0.3441,200,17,17,16,148,9,12,12,12,10,17,0,1.0000
124.020000,2502,1.6246,0.191317,0.489626,8.4915,3.3180,0.3910,200,14,14,14,126,9,12,12,12,10,14,0,1.0000
124.070000,2503,1.6273,0.191338,0.489638,8.5046,3.3234,0.3623,200,20,20,19,174,9,12,12,12,10,20,0,1.0000
124.120000,2504,1.6318,0.191373,0.489668,8.5266,3.3324,0.3735,200,18,18,17,156,9,12,12,12,10,18,0,1.0000
124.170000,2505,1.6325,0.191421,0.489716,8.5282,3.3335,0.3592,200,15,15,12,121,9,12,12,12,10,15,0,1.0000
124.220000,2506,1.6322,0.191454,0.489734,8.5255,3.3329,0.3544,200,26,26,22,216,9,12,11,12,10,26,0,1.0000
124.270000,2507,1.6337,0.191499,0.489766,8.5309,3.3356,0.3434,200,30,30,17,213,9,12,10,12,10,30,0,1.0000
124.320000,2508,1.6290,0.191552,0.489811,8.5042,3.3258,0.2022,200,17,17,10,129,9,12,11,12,10,17,0,1.0000
124.370000,2509,1.6232,0.191605,0.489834,8.4716,3.3138,0.2921,200,20,20,17,171,9,12,12,12,10,19,1,0.9500
124.420000,2510,1.6242,0.191664,0.489879,8.4740,3.3154,nan,200,19,19,18,168,9,12,10,12,10,19,0,1.0000
124.470000,2511,1.6248,0.191727,0.489930,8.4743,3.3163,0.3610,200,14,14,13,126,9,12,12,12,10,14,0,1.0000
124.520000,2512,1.6251,0.191784,0.489958,8.4735,3.3168,0.3609,200,16,16,14,138,9,12,11,12,10,16,0,1.0000
124.570000,2513,1.6252,0.191847,0.490004,8.4714,3.3167,0.3631,200,11,11,10,95,9,12,12,12,10,11,0,1.0000
124.620000,2514,1.6256,0.191913,0.490059,8.4706,3.3172,0.3604,200,6,6,6,54,9,12,12,12,10,6,0,1.0000
124.670000,2515,1.6213,0.191975,0.490075,8.4452,3.3082,0.3592,200,17,17,12,135,9,12,11,12,10,17,0,1.0000
124.720000,2516,1.6202,0.192043,0.490122,8.4365,3.3056,0.3772,200,16,16,12,130,9,12,12,12,10,16,0,1.0000
124.770000,2517,1.6171,0.192113,0.490164,8.4177,3.2992,0.3681,200,16,16,14,138,9,12,12,12,10,16,0,1.0000
124.820000,2518,1.6171,0.192171,0.490114,8.4149,3.2994,0.3784,200,19,19,18,167,9,12,12,12,10,19,0,1.0000
124.870000,2519,1.6161,0.192238,0.490108,8.4068,3.2974,0.3859,200,26,26,23,224,9,12,12,12,10,26,0,1.0000
124.920000,2520,1.6158,0.192313,0.490130,8.4018,3.2966,0.3789,200,18,18,15,155,9,12,12,12,10,18,0,1.0000
124.970000,2521,1.6165,0.192391,0.490165,8.4020,3.2978,0.3702,200,21,21,20,184,9,12,12,12,10,21,0,1.0000
125.020000,2522,1.6175,0.192472,0.490199,8.4040,3.2998,0.3996,200,23,23,23,207,9,12,11,12,10,23,0,1.0000
125.070000,2523,1.6163,0.192557,0.490251,8.3939,3.2969,0.3941,200,17,17,14,138,9,12,12,12,10,17,0,1.0000
125.120000,2524,1.6159,0.192642,0.490280,8.3881,3.2959,0.3680,200,15,15,14,129,9,12,12,12,10,15,0,1.0000
125.170000,2525,1.6166,0.192729,0.490318,8.3879,3.2970,0.3922,200,15,15,14,130,9,12,12,12,10,15,0,1.0000
125.220000,2526,1.6167,0.192820,0.490380,8.3844,3.2968,0.2534,200,6,6,4,48,9,12,12,12,10,6,0,1.0000
125.270000,2527,1.6134,0.192908,0.490373,8.3636,3.2902,0.3976,200,14,14,11,125,9,12,11,12,10,14,0,1.0000
125.320000,2528,1.6117,0.193005,0.490438,8.3507,3.2863,0.2993,200,11,11,10,93,9,12,12,12,10,11,0,1.0000
125.370000,2529,1.6056,0.193098,0.490433,8.3148,3.2738,0.2991,200,22,22,22,198,9,12,10,12,10,22,0,1.0000
125.420000,2530,1.6040,0.193196,0.490477,8.3025,3.2703,0.3410,200,17,17,17,153,9,12,10,12,10,17,0,1.0000
125.470000,2531,1.6054,0.193296,0.490534,8.3052,3.2727,0.1129,200,20,20,20,180,9,12,10,12,10,20,0,1.0000
125.520000,2532,1.6068,0.193399,0.490610,8.3084,3.2752,0.3158,200,16,16,12,139,9,12,12,12,10,16,0,1.0000
125.570000,2533,1.6063,0.193503,0.490686,8.3012,3.2736,0.3221,200,17,17,17,153,9,12,12,12,10,17,0,1.0000
125.620000,2534,1.6073,0.193603,0.490758,8.3022,3.2752,0.3856,200,32,32,31,286,9,12,11,12,10,32,0,1.0000
125.670000,2535,1.6088,0.193711,0.490839,8.3050,3.2776,0.4087,200,17,17,15,145,9,12,12,12,10,17,0,1.0000
125.720000,2536,1.6095,0.193816,0.490919,8.3041,3.2785,0.4006,200,18,18,16,153,9,12,11,12,10,18,0,1.0000
125.770000,2537,1.6122,0.193924,0.490993,8.3138,3.2836,0.4170,200,16,16,14,135,9,12,12,12,10,16,0,1.0000
125.820000,2538,1.6147,0.194035,0.491078,8.3215,3.2880,0.4137,200,10,10,5,73,9,12,12,12,10,10,0,1.0000
125.870000,2539,1.6144,0.194147,0.491167,8.3156,3.2870,0.4181,200,11,11,8,89,9,12,12,12,10,11,0,1.0000
125.920000,2540,1.6145,0.194262,0.491256,8.3107,3.2864,0.4035,200,13,13,11,113,9,12,10,12,10,13,0,1.0000
125.970000,2541,1.6101,0.194372,0.491333,8.2835,3.2770,0.3681,200,24,24,21,209,9,12,11,12,10,24,0,1.0000
126.020000,2542,1.6108,0.194490,0.491418,8.2824,3.2779,0.3985,200,17,17,14,143,9,12,12,12,10,17,0,1.0000
126.070000,2543,1.6150,0.194611,0.491509,8.2984,3.2857,0.3862,200,21,21,19,181,9,12,12,12,10,21,0,1.0000
126.120000,2544,1.6123,0.194737,0.491591,8.2794,3.2798,0.3903,200,20,20,15,166,9,12,12,12,10,20,0,1.0000
126.170000,2545,1.6134,0.194868,0.491681,8.2793,3.2813,0.3923,200,18,18,16,153,9,12,12,12,10,18,0,1.0000
126.220000,2546,1.6105,0.195002,0.491722,8.2590,3.2753,0.4027,200,20,20,20,180,9,12,12,12,10,20,0,1.0000
126.270000,2547,1.6115,0.195140,0.491761,8.2581,3.2770,0.3692,200,18,18,16,155,9,12,11,12,10,18,0,1.0000
126.320000,2548,1.6101,0.195276,0.491800,8.2452,3.2739,0.4052,200,21,21,17,182,9,12,11,12,10,21,0,1.0000
126.370000,2549,1.6095,0.195416,0.491853,8.2365,3.2724,0.3873,200,21,21,15,169,9,12,12,12,10,20,1,0.9524
126.420000,2550,1.6092,0.195564,0.491947,8.2284,3.2710,0.4075,200,13,13,8,92,9,12,12,12,10,13,0,1.0000
126.470000,2551,1.6065,0.195715,0.492025,8.2082,3.2650,0.4052,200,12,12,10,102,9,12,12,12,10,12,0,1.0000
126.520000,2552,1.6062,0.195870,0.492133,8.2002,3.2637,0.3977,200,14,14,12,115,9,12,12,12,10,14,0,1.0000
126.570000,2553,1.6064,0.196020,0.492219,8.1949,3.2635,0.3969,200,18,18,16,152,9,12,12,12,10,18,0,1.0000
126.620000,2554,1.6092,0.196168,0.492257,8.2031,3.2690,0.4037,200,20,20,14,162,9,12,12,12,10,20,0,1.0000
126.670000,2555,1.6045,0.196319,0.492271,8.1729,3.2594,0.3930,200,24,24,21,208,9,12,12,12,10,24,0,1.0000
126.720000,2556,1.6048,0.196464,0.492337,8.1686,3.2596,0.3689,200,21,21,16,177,9,12,10,12,10,21,0,1.0000
126.770000,2557,1.6052,0.196628,0.492423,8.1637,3.2598,0.4105,200,14,14,12,120,9,12,12,12,10,14,0,1.0000
126.820000,2558,1.6070,0.196770,0.492428,8.1668,3.2634,0.3160,200,21,21,18,186,9,12,11,12,10,21,0,1.0000
126.870000,2559,1.6093,0.196942,0.492534,8.1716,3.2674,0.3929,200,14,14,13,120,9,12,12,12,10,14,0,1.0000
126.920000,2560,1.6141,0.197092,0.492552,8.1896,3.2770,0.3725,200,19,19,17,163,9,12,11,12,10,19,0,1.0000
126.970000,2561,1.6162,0.197251,0.492600,8.1936,3.2810,0.3817,200,19,19,14,145,9,12,12,12,10,19,0,1.0000
127.020000,2562,1.6164,0.197425,0.492686,8.1873,3.2807,0.3778,200,12,12,12,108,9,12,12,12,10,12,0,1.0000
127.070000,2563,1.6180,0.197615,0.492790,8.1876,3.2833,0.3687,200,14,14,11,117,9,12,11,12,10,14,0,1.0000
127.120000,2564,1.6174,0.197814,0.492903,8.1764,3.2814,0.3663,200,21,21,13,165,9,12,10,12,10,21,0,1.0000
127.170000,2565,1.6177,0.198021,0.493028,8.1693,3.2811,0.3663,200,20,20,16,167,9,12,12,12,10,20,0,1.0000
127.220000,2566,1.6176,0.198233,0.493153,8.1599,3.2800,0.3752,200,21,21,17,175,9,12,10,12,10,21,0,1.0000
127.270000,2567,1.6182,0.198447,0.493266,8.1544,3.2806,0.3545,200,30,30,21,249,9,12,10,12,10,30,0,1.0000
127.320000,2568,1.6201,0.198666,0.493385,8.1550,3.2837,0.3598,200,17,17,13,138,9,12,12,12,10,17,0,1.0000
127.370000,2569,1.6217,0.198878,0.493489,8.1540,3.2861,0.3863,200,16,16,13,135,9,12,11,12,10,16,0,1.0000
127.420000,2570,1.6229,0.199105,0.493627,8.1512,3.2878,0.4170,200,16,16,13,134,9,12,12,12,10,16,0,1.0000
127.470000,2571,1.6250,0.199329,0.493745,8.1525,3.2912,0.3306,200,17,17,16,153,9,12,10,12,10,17,0,1.0000
127.520000,2572,1.6267,0.199526,0.493821,8.1527,3.2941,0.4600,200,15,15,12,122,9,12,11,12,10,15,0,1.0000
127.570000,2573,1.6289,0.199734,0.493906,8.1551,3.2979,0.2840,200,14,14,11,114,9,12,12,12,10,14,0,1.0000
127.620000,2574,1.6300,0.199971,0.494046,8.1512,3.2993,0.3924,200,9,9,9,81,9,12,12,12,10,9,0,1.0000
127.670000,2575,1.6323,0.200196,0.494149,8.1535,3.3033,0.3849,200,14,14,10,116,9,12,12,12,10,14,0,1.0000
127.720000,2576,1.6324,0.200429,0.494275,8.1443,3.3025,0.3865,200,14,14,12,118,9,12,12,12,10,14,0,1.0000
127.770000,2577,1.6329,0.200629,0.494334,8.1389,3.3032,0.3529,200,24,24,23,211,9,12,10,12,10,24,0,1.0000
127.820000,2578,1.6339,0.200830,0.494384,8.1358,3.3049,nan,200,22,22,19,192,9,12,10,12,10,22,0,1.0000
127.870000,2579,1.6339,0.201003,0.494438,8.1288,3.3046,0.2980,200,29,29,27,257,9,12,11,12,10,29,0,1.0000
127.920000,2580,1.6347,0.201221,0.494561,8.1237,3.3053,0.3124,200,17,17,15,150,9,12,12,12,10,17,0,1.0000
127.970000,2581,1.6346,0.201437,0.494679,8.1145,3.3043,0.3657,200,16,16,14,135,9,12,12,12,10,16,0,1.0000
128.020000,2582,1.6357,0.201664,0.494831,8.1108,3.3055,0.3834,200,13,13,10,101,9,12,12,12,10,13,0,1.0000
128.070000,2583,1.6375,0.201866,0.494943,8.1120,3.3085,0.4080,200,22,22,17,185,9,12,12,12,10,22,0,1.0000
128.120000,2584,1.6383,0.202066,0.495053,8.1079,3.3094,0.4284,200,14,14,13,126,9,12,12,12,10,14,0,1.0000
128.170000,2585,1.6395,0.202225,0.495121,8.1071,3.3112,0.4128,200,13,13,11,114,9,12,12,12,10,13,0,1.0000
128.220000,2586,1.6405,0.202410,0.495239,8.1048,3.3125,0.4257,200,12,12,10,100,9,12,11,12,10,12,0,1.0000
128.270000,2587,1.6413,0.202632,0.495399,8.0999,3.3131,0.4457,200,9,9,7,70,9,12,12,12,10,9,0,1.0000
128.320000,2588,1.6420,0.202784,0.495506,8.0973,3.3138,0.4130,200,17,17,13,133,9,12,12,12,10,17,0,1.0000
128.370000,2589,1.6421,0.202916,0.495593,8.0925,3.3134,0.4558,200,25,25,23,221,9,12,11,12,10,25,0,1.0000
128.420000,2590,1.6410,0.203080,0.495719,8.0807,3.3104,0.4103,200,17,17,17,153,9,12,10,12,10,17,0,1.0000
128.470000,2591,1.6421,0.203218,0.495847,8.0803,3.3116,0.4724,200,33,33,30,287,9,12,11,12,10,33,0,1.0000
128.520000,2592,1.6424,0.203396,0.496001,8.0748,3.3113,0.4197,200,18,18,17,162,9,12,11,12,10,18,0,1.0000
128.570000,2593,1.6432,0.203579,0.496156,8.0717,3.3119,0.4643,200,19,19,14,147,9,12,12,12,10,19,0,1.0000
128.620000,2594,1.6439,0.203771,0.496323,8.0675,3.3122,0.4583,200,12,12,12,108,9,12,12,12,10,12,0,1.0000
128.670000,2595,1.6459,0.203961,0.496474,8.0695,3.3151,0.4714,200,18,18,16,152,9,12,12,12,10,18,0,1.0000
128.720000,2596,1.6489,0.204147,0.496599,8.0769,3.3203,0.4411,200,21,21,16,166,9,12,10,12,10,19,2,0.9048
128.770000,2597,1.6529,0.204339,0.496704,8.0889,3.3277,0.4297,200,12,12,9,97,9,12,12,12,10,12,0,1.0000
128.820000,2598,1.6519,0.204536,0.496859,8.0762,3.3246,0.4475,200,12,12,9,100,9,12,11,12,10,12,0,1.0000
128.870000,2599,1.6545,0.204724,0.496967,8.0816,3.3292,0.4557,200,13,13,8,95,9,12,12,12,10,13,0,1.0000
128.920000,2600,1.6549,0.204869,0.496925,8.0779,3.3303,0.4571,200,18,18,14,147,9,12,10,12,10,18,0,1.0000
128.970000,2601,1.6560,0.204982,0.496843,8.0785,3.3330,0.4369,200,26,26,22,224,9,12,12,12,10,26,0,1.0000
129.020000,2602,1.6559,0.205126,0.496858,8.0724,3.3327,0.4603,200,16,16,14,140,9,12,12,12,10,16,0,1.0000
129.070000,2603,1.6599,0.205228,0.496777,8.0879,3.3413,0.4613,200,27,27,25,232,9,12,12,12,10,27,0,1.0000
129.120000,2604,1.6621,0.205340,0.496768,8.0942,3.3458,0.4561,200,24,24,19,188,9,12,12,12,10,24,0,1.0000
129.170000,2605,1.6632,0.205462,0.496783,8.0950,3.3480,0.4610,200,13,13,12,112,9,12,12,12,10,13,0,1.0000
129.220000,2606,1.6649,0.205579,0.496807,8.0985,3.3512,0.4697,200,14,14,13,123,9,12,10,12,10,13,1,0.9286
129.270000,2607,1.6668,0.205708,0.496850,8.1028,3.3548,0.4816,200,16,16,14,137,9,12,12,12,10,16,0,1.0000
129.320000,2608,1.6681,0.205867,0.496936,8.1027,3.3567,0.4708,200,18,18,17,157,9,12,12,12,10,18,0,1.0000
129.370000,2609,1.6722,0.205876,0.496791,8.1223,3.3660,0.4922,200,12,12,10,99,9,12,12,12,10,11,1,0.9167
129.420000,2610,1.6751,0.206041,0.496897,8.1299,3.3711,0.5012,200,15,15,11,121,9,12,12,12,10,14,1,0.9333
129.470000,2611,1.6774,0.206114,0.496879,8.1381,3.3758,0.4820,200,19,19,16,160,9,12,11,12,10,19,0,1.0000
129.520000,2612,1.6774,0.206193,0.496879,8.1351,3.3759,0.5722,200,14,14,12,118,9,12,12,12,10,14,0,1.0000
129.570000,2613,1.6828,0.206246,0.496860,8.1592,3.3869,0.5135,200,22,22,20,198,9,12,12,12,10,22,0,1.0000
129.620000,2614,1.6860,0.206367,0.496924,8.1697,3.3928,0.5236,200,16,16,15,139,9,12,12,12,10,16,0,1.0000
129.670000,2615,1.6879,0.206353,0.496842,8.1797,3.3973,0.5113,200,27,27,26,239,9,12,11,12,10,27,0,1.0000
129.720000,2616,1.6913,0.206451,0.496884,8.1922,3.4038,0.5035,200,18,18,18,162,9,12,12,12,10,18,0,1.0000
129.770000,2617,1.6926,0.206507,0.496887,8.1961,3.4063,0.4963,200,15,15,13,123,9,12,11,12,10,14,1,0.9333
129.820000,2618,1.6932,0.206518,0.496848,8.1988,3.4079,0.5811,200,15,15,11,119,9,12,10,12,10,15,0,1.0000
129.870000,2619,1.6983,0.206580,0.496871,8.2212,3.4181,0.4709,200,19,19,13,152,9,12,12,12,10,19,0,1.0000
129.920000,2620,1.7008,0.206706,0.496948,8.2281,3.4225,0.4884,200,19,19,17,167,9,12,12,12,10,18,1,0.9474
129.970000,2621,1.7011,0.206648,0.496861,8.2317,3.4236,0.1452,200,20,20,15,162,9,12,10,12,10,19,1,0.9500
130.020000,2622,1.7016,0.206764,0.496935,8.2299,3.4243,0.4024,200,15,15,12,127,9,12,12,12,10,15,0,1.0000
130.070000,2623,1.7038,0.206830,0.496966,8.2374,3.4283,0.4385,200,17,17,14,146,9,12,10,12,10,17,0,1.0000
130.120000,2624,1.7030,0.206906,0.497001,8.2306,3.4265,0.4413,200,14,14,13,125,9,12,12,12,10,14,0,1.0000
130.170000,2625,1.7041,0.206984,0.497041,8.2329,3.4284,0.4399,200,20,20,19,177,9,12,11,12,10,20,0,1.0000
130.220000,2626,1.7074,0.207126,0.497130,8.2433,3.4345,0.3510,200,10,10,9,85,9,12,12,12,10,10,0,1.0000
130.270000,2627,1.7066,0.207258,0.497202,8.2342,3.4324,0.4918,200,20,20,19,176,9,12,12,12,10,20,0,1.0000
130.320000,2628,1.7049,0.207392,0.497275,8.2208,3.4285,0.4828,200,23,23,18,193,9,12,12,12,10,23,0,1.0000
130.370000,2629,1.7087,0.207536,0.497359,8.2333,3.4355,0.4891,200,18,18,13,155,9,12,12,12,10,18,0,1.0000
130.420000,2630,1.7113,0.207678,0.497443,8.2402,3.4402,0.5208,200,15,15,13,135,9,12,10,12,10,15,0,1.0000
130.470000,2631,1.7141,0.207811,0.497511,8.2483,3.4453,0.5188,200,21,21,19,185,9,12,12,12,10,21,0,1.0000
130.520000,2632,1.7152,0.207910,0.497545,8.2497,3.4473,0.5662,200,16,16,15,139,9,12,12,12,10,16,0,1.0000
130.570000,2633,1.7209,0.208021,0.497600,8.2729,3.4585,0.5137,200,23,23,16,192,9,12,10,12,10,23,0,1.0000
130.620000,2634,1.7241,0.208142,0.497671,8.2831,3.4643,0.4675,200,13,13,12,115,9,12,11,12,10,13,0,1.0000
130.670000,2635,1.7267,0.208238,0.497721,8.2919,3.4692,0.3933,200,16,16,15,140,9,12,12,12,10,16,0,1.0000
130.720000,2636,1.7290,0.208360,0.497796,8.2982,3.4733,0.4814,200,12,12,10,99,9,12,12,12,10,11,1,0.9167
130.770000,2637,1.7297,0.208423,0.497826,8.2988,3.4745,0.4995,200,17,17,17,153,9,12,12,12,10,17,0,1.0000
130.820000,2638,1.7294,0.208506,0.497875,8.2941,3.4735,0.4804,200,10,10,9,87,9,12,12,12,10,10,0,1.0000
130.870000,2639,1.7324,0.208448,0.497822,8.3109,3.4799,0.5022,200,19,19,19,171,9,12,12,12,10,19,0,1.0000
130.920000,2640,1.7349,0.208436,0.497808,8.3235,3.4851,0.5365,200,19,19,19,171,9,12,12,12,10,19,0,1.0000
130.970000,2641,1.7376,0.208464,0.497826,8.3355,3.4905,0.5140,200,14,14,13,122,9,12,12,12,10,14,0,1.0000
131.020000,2642,1.7373,0.208489,0.497842,8.3326,3.4896,0.5870,200,13,13,13,117,9,12,12,12,10,13,0,1.0000
131.070000,2643,1.7427,0.208437,0.497806,8.3607,3.5007,0.5191,200,24,24,23,214,9,12,12,12,10,24,0,1.0000
131.120000,2644,1.7456,0.208417,0.497793,8.3756,3.5067,0.4703,200,17,17,17,153,9,12,12,12,10,17,0,1.0000
131.170000,2645,1.7469,0.208280,0.497714,8.3875,3.5099,0.5243,200,22,22,22,198,9,12,12,12,10,22,0,1.0000
131.220000,2646,1.7500,0.208297,0.497728,8.4016,3.5160,0.5213,200,14,14,14,126,9,12,12,12,10,14,0,1.0000
131.270000,2647,1.7506,0.208279,0.497722,8.4051,3.5172,0.5265,200,17,17,16,152,9,12,12,12,10,17,0,1.0000
131.320000,2648,1.7499,0.208302,0.497746,8.4007,3.5156,0.4803,200,12,12,12,108,9,12,12,12,10,12,0,1.0000
131.370000,2649,1.7500,0.208224,0.497706,8.4045,3.5161,0.4874,200,20,20,17,174,9,12,12,12,10,20,0,1.0000
131.420000,2650,1.7514,0.208236,0.497722,8.4105,3.5188,0.4649,200,9,9,9,81,9,12,12,12,10,9,0,1.0000
131.470000,2651,1.7377,0.207891,0.497540,8.3586,3.4925,0.4595,200,20,20,19,176,9,12,12,12,10,20,0,1.0000
131.520000,2652,1.7214,0.207533,0.497359,8.2945,3.4610,0.2870,200,23,23,19,196,9,12,12,12,10,23,0,1.0000
131.570000,2653,1.7148,0.207360,0.497285,8.2695,3.4483,0.4418,200,12,12,12,108,9,12,12,12,10,12,0,1.0000
131.620000,2654,1.7062,0.207104,0.497172,8.2381,3.4317,0.4682,200,15,15,14,129,9,12,11,12,10,15,0,1.0000
131.670000,2655,1.7025,0.206870,0.497078,8.2296,3.4249,0.3472,200,26,26,23,224,9,12,10,12,10,26,0,1.0000
131.720000,2656,1.6978,0.206547,0.496944,8.2201,3.4165,0.4462,200,19,19,19,171,9,12,10,12,10,19,0,1.0000
131.770000,2657,1.6854,0.206073,0.496740,8.1788,3.3930,0.3800,200,24,24,21,212,9,12,11,12,10,24,0,1.0000
131.820000,2658,1.6791,0.205863,0.496668,8.1563,3.3807,0.5001,200,13,13,10,108,9,12,12,12,10,13,0,1.0000
131.870000,2659,1.6728,0.205497,0.496526,8.1403,3.3690,0.4548,200,17,17,15,150,9,12,11,12,10,17,0,1.0000
131.920000,2660,1.6695,0.205329,0.496475,8.1309,3.3627,0.4353,200,13,13,10,109,9,12,12,12,10,13,0,1.0000
131.970000,2661,1.6605,0.204994,0.496350,8.1003,3.3454,0.4592,200,20,20,17,174,9,12,12,12,10,20,0,1.0000
132.020000,2662,1.6581,0.204895,0.496331,8.0925,3.3407,0.4664,200,7,7,7,63,9,12,12,12,10,7,0,1.0000
132.070000,2663,1.6602,0.204648,0.496246,8.1126,3.3456,0.4529,200,20,20,19,178,9,12,12,12,10,20,0,1.0000
132.120000,2664,1.6554,0.204394,0.496157,8.0991,3.3365,0.4432,200,22,22,21,196,9,12,10,12,10,22,0,1.0000
132.170000,2665,1.6520,0.204236,0.496110,8.0888,3.3300,0.3929,200,17,17,11,126,9,12,12,12,10,17,0,1.0000
132.220000,2666,1.6525,0.204038,0.496050,8.0988,3.3312,0.4401,200,12,12,11,104,9,12,12,12,10,12,0,1.0000
132.270000,2667,1.6367,0.203800,0.495965,8.0308,3.3000,0.4116,200,25,25,23,221,9,12,12,12,10,25,0,1.0000
132.320000,2668,1.6194,0.203381,0.495808,7.9622,3.2661,0.4061,200,19,19,17,159,9,12,12,12,10,19,0,1.0000
132.370000,2669,1.6271,0.203105,0.495706,8.0113,3.2824,0.4068,200,24,24,22,207,9,12,12,12,10,24,0,1.0000
132.420000,2670,1.6310,0.202890,0.495635,8.0390,3.2908,0.3700,200,13,13,13,117,9,12,12,12,10,13,0,1.0000
132.470000,2671,1.6387,0.202676,0.495562,8.0854,3.3068,0.4133,200,17,17,15,143,9,12,12,12,10,17,0,1.0000
132.520000,2672,1.6361,0.202520,0.495515,8.0786,3.3018,0.4178,200,12,12,12,108,9,12,10,12,10,12,0,1.0000
132.570000,2673,1.6423,0.202327,0.495458,8.1168,3.3146,0.4238,200,15,15,15,135,9,12,12,12,10,15,0,1.0000
132.620000,2674,1.6468,0.202157,0.495410,8.1460,3.3241,0.4285,200,11,11,9,94,9,12,12,12,10,11,0,1.0000
132.670000,2675,1.6494,0.201951,0.495348,8.1674,3.3298,0.4366,200,20,20,20,180,9,12,12,12,10,20,0,1.0000
132.720000,2676,1.6515,0.201760,0.495295,8.1856,3.3344,0.4149,200,21,21,21,189,9,12,11,12,10,20,1,0.9524
132.770000,2677,1.6524,0.201616,0.495266,8.1959,3.3364,0.4356,200,11,11,11,99,9,12,12,12,10,11,0,1.0000
132.820000,2678,1.6516,0.201430,0.495217,8.1996,3.3352,0.4802,200,15,15,14,135,9,12,11,12,10,15,0,1.0000
132.870000,2679,1.6556,0.201273,0.495182,8.2258,3.3435,0.4365,200,23,23,23,207,9,12,10,12,10,23,0,1.0000
132.920000,2680,1.6543,0.201116,0.495147,8.2258,3.3411,0.4342,200,19,19,18,166,9,12,12,12,10,19,0,1.0000
132.970000,2681,1.6511,0.200962,0.495112,8.2160,3.3348,0.4221,200,23,23,23,207,9,12,12,12,10,23,0,1.0000
133.020000,2682,1.6488,0.200812,0.495079,8.2104,3.3303,0.4138,200,14,14,14,126,9,12,12,12,10,14,0,1.0000
133.070000,2683,1.6492,0.200678,0.495054,8.2180,3.3313,0.3989,200,18,18,17,156,9,12,12,12,10,18,0,1.0000
133.120000,2684,1.6513,0.200554,0.495035,8.2336,3.3357,0.4216,200,11,11,11,99,9,12,12,12,10,11,0,1.0000
133.170000,2685,1.6497,0.200426,0.495012,8.2308,3.3326,0.4323,200,16,16,16,144,9,12,12,12,10,16,0,1.0000
133.220000,2686,1.6482,0.200308,0.494988,8.2286,3.3299,0.3976,200,9,9,9,81,9,12,12,12,10,9,0,1.0000
133.270000,2687,1.6434,0.200180,0.494944,8.2098,3.3205,0.4395,200,20,20,20,180,9,12,12,12,10,20,0,1.0000
133.320000,2688,1.6347,0.200053,0.494890,8.1716,3.3033,0.3960,200,20,20,20,180,9,12,12,12,10,20,0,1.0000
133.370000,2689,1.6361,0.199946,0.494876,8.1827,3.3061,0.4531,200,12,12,12,108,9,12,12,12,10,12,0,1.0000
133.420000,2690,1.6359,0.199836,0.494853,8.1860,3.3057,0.4609,200,13,13,13,117,9,12,12,12,10,13,0,1.0000
133.470000,2691,1.6293,0.199728,0.494817,8.1577,3.2928,0.4638,200,23,23,23,207,9,12,12,12,10,23,0,1.0000
133.520000,2692,1.6290,0.199624,0.494761,8.1602,3.2925,0.4587,200,19,19,19,171,9,12,12,12,10,19,0,1.0000
133.570000,2693,1.6282,0.199525,0.494714,8.1605,3.2913,0.4682,200,23,23,23,207,9,12,12,12,10,23,0,1.0000
133.620000,2694,1.6281,0.199430,0.494700,8.1639,3.2911,0.4702,200,14,14,14,126,9,12,12,12,10,14,0,1.0000
133.670000,2695,1.6230,0.199337,0.494634,8.1420,3.2812,0.4949,200,18,18,17,162,9,12,12,12,10,18,0,1.0000
133.720000,2696,1.6239,0.199249,0.494586,8.1499,3.2833,0.4787,200,13,13,13,117,9,12,12,12,10,13,0,1.0000
133.770000,2697,1.6208,0.199165,0.494543,8.1379,3.2773,0.5019,200,16,16,16,144,9,12,12,12,10,16,0,1.0000
133.820000,2698,1.6165,0.199087,0.494507,8.1196,3.2689,0.5868,200,9,9,9,81,9,12,12,12,10,9,0,1.0000
133.870000,2699,1.6135,0.199013,0.494439,8.1073,3.2632,0.5176,200,21,21,20,185,9,12,12,12,10,21,0,1.0000
133.920000,2700,1.6087,0.198944,0.494384,8.0864,3.2540,0.5047,200,20,20,20,180,9,12,12,12,10,20,0,1.0000
133.970000,2701,1.6120,0.198880,0.494355,8.1053,3.2608,0.1709,200,14,14,12,126,9,12,12,12,10,14,0,1.0000
134.020000,2702,1.6114,0.198820,0.494352,8.1050,3.2597,0.5537,200,15,15,13,132,9,12,12,12,10,15,0,1.0000
134.070000,2703,1.6124,0.198763,0.494322,8.1123,3.2619,0.4702,200,23,23,23,207,9,12,12,12,10,23,0,1.0000
134.120000,2704,1.6099,0.198710,0.494306,8.1016,3.2568,0.4804,200,18,18,17,159,9,12,12,12,10,18,0,1.0000
134.170000,2705,1.6086,0.198661,0.494299,8.0975,3.2544,0.4856,200,23,23,23,207,9,12,11,12,10,23,0,1.0000
134.220000,2706,1.6087,0.198615,0.494311,8.0998,3.2545,0.4681,200,14,14,14,126,9,12,11,12,10,14,0,1.0000
134.270000,2707,1.6077,0.198573,0.494320,8.0965,3.2524,0.4857,200,16,16,16,144,9,12,12,12,10,16,0,1.0000
134.320000,2708,1.6063,0.198535,0.494338,8.0905,3.2493,0.4636,200,13,13,13,117,9,12,11,12,10,13,0,1.0000
134.370000,2709,1.6046,0.198500,0.494346,8.0835,3.2459,0.4858,200,15,15,15,135,9,12,12,12,10,15,0,1.0000
134.420000,2710,1.6034,0.198466,0.494356,8.0791,3.2435,0.4953,200,9,9,8,80,9,12,12,12,10,9,0,1.0000
134.470000,2711,1.6009,0.198433,0.494338,8.0675,3.2384,0.5113,200,22,22,21,192,9,12,12,12,10,22,0,1.0000
134.520000,2712,1.5969,0.198401,0.494323,8.0490,3.2305,0.5539,200,20,20,20,180,9,12,12,12,10,20,0,1.0000
134.570000,2713,1.5959,0.198376,0.494338,8.0450,3.2284,0.4861,200,14,14,13,122,9,12,12,12,10,13,1,0.9286
134.620000,2714,1.5994,0.198342,0.494300,8.0640,3.2357,0.4582,200,15,15,14,133,9,12,12,12,10,15,0,1.0000
134.670000,2715,1.5969,0.198318,0.494303,8.0520,3.2305,0.4689,200,22,22,22,198,9,12,12,12,10,22,0,1.0000
134.720000,2716,1.5929,0.198298,0.494320,8.0329,3.2224,0.2788,200,17,17,17,153,9,12,12,12,10,17,0,1.0000
134.770000,2717,1.5905,0.198280,0.494335,8.0216,3.2175,0.4697,200,24,24,24,216,9,12,12,12,10,24,0,1.0000
134.820000,2718,1.5895,0.198270,0.494368,8.0167,3.2152,0.3905,200,13,13,13,117,9,12,12,12,10,13,0,1.0000
134.870000,2719,1.5890,0.198264,0.494402,8.0145,3.2140,0.4225,200,16,16,16,144,9,12,12,12,10,16,0,1.0000
134.920000,2720,1.5888,0.198263,0.494441,8.0135,3.2133,0.4238,200,13,13,13,117,9,12,10,12,10,13,0,1.0000
134.970000,2721,1.5888,0.198258,0.494451,8.0140,3.2134,0.4262,200,16,16,16,144,9,12,12,12,10,16,0,1.0000
135.020000,2722,1.5891,0.198260,0.494484,8.0153,3.2137,0.4701,200,8,8,8,72,9,12,12,12,10,8,0,1.0000
135.070000,2723,1.5913,0.198255,0.494465,8.0264,3.2182,0.4458,200,21,21,21,189,9,12,12,12,10,21,0,1.0000
135.120000,2724,1.5914,0.198253,0.494468,8.0273,3.2185,0.4551,200,19,19,19,171,9,12,12,12,10,19,0,1.0000
135.170000,2725,1.5921,0.198252,0.494467,8.0307,3.2198,0.4694,200,14,14,14,126,9,12,12,12,10,13,1,0.9286
135.220000,2726,1.5932,0.198245,0.494427,8.0364,3.2222,0.4633,200,16,16,16,144,9,12,12,12,10,16,0,1.0000
135.270000,2727,1.5935,0.198241,0.494397,8.0381,3.2231,0.4826,200,22,22,22,198,9,12,12,12,10,22,0,1.0000
135.320000,2728,1.5935,0.198232,0.494330,8.0385,3.2235,0.4392,200,17,17,17,153,9,12,12,12,10,17,0,1.0000
135.370000,2729,1.5935,0.198226,0.494290,8.0389,3.2238,0.4797,200,24,24,24,216,9,12,12,12,10,24,0,1.0000
135.420000,2730,1.5939,0.198232,0.494315,8.0405,3.2244,0.4897,200,14,14,14,126,9,12,12,12,10,14,0,1.0000
135.470000,2731,1.5946,0.198234,0.494322,8.0441,3.2259,0.4752,200,16,16,16,144,9,12,12,12,10,16,0,1.0000
135.520000,2732,1.5962,0.198242,0.494341,8.0520,3.2290,0.4919,200,13,13,13,117,9,12,12,12,10,13,0,1.0000
135.570000,2733,1.5958,0.198256,0.494371,8.0494,3.2280,0.5183,200,16,16,16,144,9,12,12,12,10,16,0,1.0000
135.620000,2734,1.5966,0.198269,0.494388,8.0526,3.2294,0.5248,200,8,8,8,72,9,12,12,12,10,8,0,1.0000
135.670000,2735,1.5970,0.198286,0.494411,8.0541,3.2301,0.5407,200,21,21,21,189,9,12,12,12,10,21,0,1.0000
135.720000,2736,1.5974,0.198309,0.494444,8.0549,3.2306,0.5357,200,19,19,19,171,9,12,12,12,10,19,0,1.0000
135.770000,2737,1.5977,0.198334,0.494467,8.0557,3.2312,0.5525,200,14,14,14,126,9,12,12,12,10,14,0,1.0000
135.820000,2738,1.5983,0.198356,0.494479,8.0577,3.2323,0.5945,200,16,16,16,144,9,12,12,12,10,16,0,1.0000
135.870000,2739,1.5980,0.198388,0.494511,8.0550,3.2315,0.5430,200,22,22,22,198,9,12,12,12,10,22,0,1.0000
135.920000,2740,1.5988,0.198418,0.494540,8.0577,3.2329,0.5714,200,17,17,17,153,9,12,12,12,10,17,0,1.0000
135.970000,2741,1.5984,0.198437,0.494544,8.0550,3.2321,0.5690,200,24,24,24,216,9,12,12,12,10,24,0,1.0000
136.020000,2742,1.5996,0.198457,0.494559,8.0604,3.2345,0.6312,200,14,14,14,126,9,12,12,12,10,14,0,1.0000
136.070000,2743,1.5998,0.198480,0.494577,8.0602,3.2347,0.5620,200,16,16,16,144,9,12,12,12,10,16,0,1.0000
136.120000,2744,1.6004,0.198505,0.494600,8.0623,3.2357,0.5428,200,15,15,15,135,9,12,11,12,10,15,0,1.0000
136.170000,2745,1.6016,0.198511,0.494601,8.0683,3.2383,0.5432,200,17,17,15,149,9,12,10,12,10,17,0,1.0000
136.220000,2746,1.6032,0.198529,0.494614,8.0755,3.2413,0.5547,200,16,16,10,121,9,12,10,12,10,16,0,1.0000
136.270000,2747,1.6040,0.198544,0.494623,8.0788,3.2429,0.3424,200,25,25,22,217,9,12,11,12,10,25,0,1.0000
136.320000,2748,1.6057,0.198587,0.494663,8.0856,3.2460,0.6209,200,16,16,14,137,9,12,12,12,10,16,0,1.0000
136.370000,2749,1.6055,0.198638,0.494706,8.0824,3.2453,0.5562,200,15,15,13,131,9,12,12,12,10,15,0,1.0000
136.420000,2750,1.6055,0.198691,0.494745,8.0801,3.2450,0.5809,200,17,17,15,145,9,12,12,12,10,17,0,1.0000
136.470000,2751,1.6040,0.198752,0.494786,8.0701,3.2417,0.4657,200,24,24,22,210,9,12,12,12,10,24,0,1.0000
136.520000,2752,1.6040,0.198820,0.494836,8.0678,3.2416,0.4945,200,17,17,16,150,9,12,12,12,10,17,0,1.0000
136.570000,2753,1.6018,0.198886,0.494874,8.0537,3.2367,0.4270,200,21,21,20,187,9,12,12,12,10,21,0,1.0000
136.620000,2754,1.6020,0.198965,0.494935,8.0518,3.2368,0.5224,200,10,10,10,90,9,12,12,12,10,10,0,1.0000
136.670000,2755,1.6020,0.199045,0.494995,8.0485,3.2364,0.5427,200,12,12,12,108,9,12,12,12,10,12,0,1.0000
136.720000,2756,1.6022,0.199130,0.495059,8.0459,3.2363,0.5468,200,12,12,12,108,9,12,12,12,10,12,0,1.0000
136.770000,2757,1.6048,0.199213,0.495118,8.0558,3.2413,0.5702,200,17,17,17,153,9,12,12,12,10,17,0,1.0000
136.820000,2758,1.6053,0.199301,0.495185,8.0547,3.2419,0.5607,200,14,14,14,126,9,12,12,12,10,14,0,1.0000
136.870000,2759,1.6044,0.199374,0.495240,8.0470,3.2396,0.5601,200,24,24,24,216,9,12,12,12,10,24,0,1.0000
136.920000,2760,1.6040,0.199434,0.495289,8.0427,3.2385,0.5594,200,15,15,15,135,9,12,12,12,10,15,0,1.0000
136.970000,2761,1.6040,0.199505,0.495345,8.0401,3.2382,0.5504,200,17,17,15,141,9,12,12,12,10,17,0,1.0000
137.020000,2762,1.6045,0.199486,0.495338,8.0432,3.2392,0.6190,200,17,17,17,153,9,12,12,12,10,17,0,1.0000
137.070000,2763,1.6035,0.199400,0.495280,8.0417,3.2376,0.5842,200,26,26,24,232,9,12,12,12,10,26,0,1.0000
137.120000,2764,1.6034,0.199370,0.495266,8.0423,3.2374,0.6015,200,18,18,18,162,9,12,10,12,10,18,0,1.0000
137.170000,2765,1.6042,0.199285,0.495220,8.0495,3.2393,0.5344,200,22,22,21,192,9,12,10,12,10,22,0,1.0000
137.220000,2766,1.6048,0.199279,0.495227,8.0532,3.2406,0.6014,200,15,15,9,114,9,12,12,12,10,15,0,1.0000
137.270000,2767,1.6052,0.199222,0.495205,8.0575,3.2416,0.5918,200,16,16,13,131,9,12,10,12,10,16,0,1.0000
137.320000,2768,1.6032,0.198974,0.495060,8.0575,3.2385,0.5724,200,20,20,13,162,9,12,10,12,10,20,0,1.0000
137.370000,2769,1.6042,0.198874,0.495016,8.0662,3.2406,0.5857,200,17,17,17,153,9,12,10,12,10,17,0,1.0000
137.420000,2770,1.6027,0.198815,0.495000,8.0613,3.2378,0.5905,200,13,13,11,108,9,12,12,12,10,13,0,1.0000
137.470000,2771,1.5988,0.198631,0.494906,8.0493,3.2306,0.4967,200,20,20,18,174,9,12,12,12,10,19,1,0.9500
137.520000,2772,1.5944,0.198425,0.494800,8.0352,3.2223,0.6474,200,18,18,13,144,9,12,11,12,10,18,0,1.0000
137.570000,2773,1.5946,0.198407,0.494816,8.0368,3.2225,0.5599,200,20,20,16,169,9,12,10,12,10,19,1,0.9500
137.620000,2774,1.5941,0.198391,0.494833,8.0350,3.2214,0.5541,200,21,21,16,166,9,12,10,12,10,21,0,1.0000
137.670000,2775,1.5931,0.198414,0.494876,8.0294,3.2193,0.5700,200,21,21,20,183,9,12,11,12,10,21,0,1.0000
137.720000,2776,1.5929,0.198438,0.494920,8.0273,3.2185,0.5820,200,14,14,12,124,9,12,12,12,10,14,0,1.0000
137.770000,2777,1.5933,0.198473,0.494971,8.0279,3.2190,0.5919,200,22,22,16,183,9,12,12,12,10,22,0,1.0000
137.820000,2778,1.5916,0.198518,0.495028,8.0174,3.2152,0.6739,200,12,12,11,105,9,12,12,12,10,12,0,1.0000
137.870000,2779,1.5925,0.198561,0.495084,8.0200,3.2165,0.5892,200,17,17,13,141,9,12,12,12,10,17,0,1.0000
137.920000,2780,1.5913,0.198614,0.495146,8.0120,3.2138,0.5528,200,20,20,20,180,9,12,12,12,10,20,0,1.0000
137.970000,2781,1.5920,0.198669,0.495211,8.0133,3.2148,0.5769,200,12,12,10,100,9,12,12,12,10,12,0,1.0000
138.020000,2782,1.5913,0.198727,0.495277,8.0073,3.2129,0.6181,200,9,9,9,81,9,12,12,12,10,9,0,1.0000
138.070000,2783,1.5893,0.198728,0.495298,7.9973,3.2087,0.5992,200,21,21,20,187,9,12,12,12,10,21,0,1.0000
138.120000,2784,1.5888,0.198796,0.495369,7.9920,3.2073,0.5950,200,12,12,11,104,9,12,12,12,10,12,0,1.0000
138.170000,2785,1.5873,0.198816,0.495403,7.9837,3.2040,0.6253,200,17,17,16,148,9,12,12,12,10,17,0,1.0000
138.220000,2786,1.5891,0.198833,0.495419,7.9923,3.2076,0.6234,200,20,20,20,180,9,12,12,12,10,20,0,1.0000
138.270000,2787,1.5881,0.198892,0.495480,7.9849,3.2052,0.6577,200,23,23,22,207,9,12,12,12,10,23,0,1.0000
138.320000,2788,1.5881,0.198947,0.495537,7.9826,3.2048,0.6877,200,17,17,16,148,9,12,12,12,10,17,0,1.0000
138.370000,2789,1.5886,0.198985,0.495584,7.9835,3.2055,0.6706,200,21,21,21,189,9,12,12,12,10,21,0,1.0000
138.420000,2790,1.5882,0.199041,0.495646,7.9793,3.2043,0.6633,200,13,13,13,117,9,12,10,12,10,13,0,1.0000
138.470000,2791,1.5878,0.199079,0.495698,7.9760,3.2033,0.6504,200,18,18,15,150,9,12,12,12,10,18,0,1.0000
138.520000,2792,1.5867,0.199077,0.495722,7.9705,3.2009,0.6591,200,21,21,20,185,9,12,12,12,10,21,0,1.0000
138.570000,2793,1.5878,0.199126,0.495784,7.9740,3.2027,0.6315,200,13,13,11,106,9,12,12,12,10,13,0,1.0000
138.620000,2794,1.5881,0.199212,0.495871,7.9720,3.2027,0.6436,200,10,10,9,86,9,12,12,12,10,10,0,1.0000
138.670000,2795,1.5877,0.199168,0.495881,7.9716,3.2018,0.6107,200,22,22,22,198,9,12,12,12,10,22,0,1.0000
138.720000,2796,1.5877,0.199235,0.495963,7.9690,3.2013,0.6317,200,13,13,11,109,9,12,12,12,10,13,0,1.0000
138.770000,2797,1.5876,0.199288,0.496036,7.9663,3.2005,0.6263,200,18,18,16,157,9,12,12,12,10,18,0,1.0000
138.820000,2798,1.5866,0.199358,0.496110,7.9586,3.1981,0.6364,200,19,19,19,171,9,12,12,12,10,19,0,1.0000
138.870000,2799,1.5867,0.199381,0.496143,7.9582,3.1981,0.6825,200,24,24,23,215,9,12,12,12,10,24,0,1.0000
138.920000,2800,1.5881,0.199428,0.496194,7.9632,3.2005,0.7154,200,16,16,16,144,9,12,10,12,10,16,0,1.0000
138.970000,2801,1.5881,0.199509,0.496269,7.9601,3.2001,0.7308,200,21,21,18,176,9,12,12,12,10,21,0,1.0000
139.020000,2802,1.5877,0.199598,0.496355,7.9546,3.1988,0.7053,200,10,10,10,90,9,12,12,12,10,10,0,1.0000
139.070000,2803,1.5888,0.199669,0.496410,7.9570,3.2005,0.7417,200,17,17,16,147,9,12,12,12,10,17,0,1.0000
139.120000,2804,1.5885,0.199740,0.496457,7.9530,3.1997,0.7278,200,18,18,18,162,9,12,12,12,10,18,0,1.0000
139.170000,2805,1.5898,0.199837,0.496535,7.9553,3.2017,0.7446,200,14,14,14,126,9,12,12,12,10,14,0,1.0000
139.220000,2806,1.5902,0.199958,0.496637,7.9525,3.2019,0.7496,200,10,10,10,90,9,12,12,12,10,10,0,1.0000
139.270000,2807,1.5936,0.200065,0.496691,7.9654,3.2084,0.7517,200,22,22,22,198,9,12,12,12,10,22,0,1.0000
139.320000,2808,1.5924,0.200189,0.496785,7.9545,3.2054,0.7389,200,14,14,12,120,9,12,12,12,10,14,0,1.0000
139.370000,2809,1.5938,0.200322,0.496873,7.9560,3.2076,0.7363,200,18,18,18,162,9,12,12,12,10,18,0,1.0000
139.420000,2810,1.5938,0.200448,0.496975,7.9511,3.2070,0.7472,200,19,19,19,171,9,12,12,12,10,19,0,1.0000
139.470000,2811,1.5942,0.200571,0.497074,7.9483,3.2071,0.7375,200,23,23,23,207,9,12,12,12,10,23,0,1.0000
139.520000,2812,1.5946,0.200710,0.497190,7.9449,3.2073,0.7473,200,14,14,14,126,9,12,12,12,10,14,0,1.0000
139.570000,2813,1.5974,0.200767,0.497232,7.9562,3.2125,0.7907,200,22,22,22,198,9,12,11,12,10,22,0,1.0000
139.620000,2814,1.5972,0.200872,0.497323,7.9512,3.2115,0.7754,200,11,11,10,94,9,12,12,12,10,11,0,1.0000
139.670000,2815,1.5967,0.200874,0.497329,7.9488,3.2106,0.8071,200,17,17,17,153,9,12,12,12,10,17,0,1.0000
139.720000,2816,1.5949,0.200874,0.497307,7.9399,3.2071,0.8207,200,18,18,18,162,9,12,12,12,10,18,0,1.0000
139.770000,2817,1.5941,0.200972,0.497367,7.9317,3.2050,0.8210,200,12,12,12,108,9,12,12,12,10,12,0,1.0000
139.820000,2818,1.5963,0.201064,0.497441,7.9391,3.2090,0.8418,200,12,12,11,108,9,12,12,12,10,12,0,1.0000
139.870000,2819,1.5965,0.201129,0.497472,7.9377,3.2092,0.8661,200,22,22,22,198,9,12,12,12,10,22,0,1.0000
139.920000,2820,1.5979,0.201227,0.497540,7.9406,3.2115,0.8637,200,14,14,14,126,9,12,12,12,10,14,0,1.0000
139.970000,2821,1.6022,0.201217,0.497519,7.9623,3.2203,0.9117,200,17,17,17,153,9,12,12,12,10,17,0,1.0000
140.020000,2822,1.6025,0.201289,0.497558,7.9610,3.2206,0.8542,200,18,18,18,162,9,12,12,12,10,18,0,1.0000
140.070000,2823,1.6019,0.201353,0.497585,7.9556,3.2193,0.9039,200,24,24,23,215,9,12,12,12,10,24,0,1.0000
140.120000,2824,1.5996,0.201481,0.497645,7.9393,3.2144,0.9064,200,14,14,14,126,9,12,12,12,10,14,0,1.0000
140.170000,2825,1.5984,0.201509,0.497605,7.9321,3.2122,0.9201,200,22,22,22,198,9,12,12,12,10,22,0,1.0000
140.220000,2826,1.5979,0.201643,0.497682,7.9242,3.2106,0.8940,200,11,11,11,99,9,12,12,12,10,11,0,1.0000
140.270000,2827,1.5972,0.201729,0.497709,7.9176,3.2091,0.9040,200,16,16,16,144,9,12,12,12,10,16,0,1.0000
140.320000,2828,1.5968,0.201750,0.497678,7.9148,3.2085,0.8062,200,18,18,18,162,9,12,12,12,10,18,0,1.0000
140.370000,2829,1.5935,0.201800,0.497678,7.8962,3.2018,0.8822,200,12,12,12,108,9,12,12,12,10,12,0,1.0000
140.420000,2830,1.5913,0.201817,0.497678,7.8847,3.1974,0.8705,200,11,11,11,99,9,12,12,12,10,11,0,1.0000
140.470000,2831,1.5890,0.201830,0.497662,7.8730,3.1929,0.8519,200,22,22,22,198,9,12,12,12,10,22,0,1.0000
140.520000,2832,1.5881,0.201658,0.497540,7.8754,3.1920,0.7632,200,15,15,15,135,9,12,12,12,10,15,0,1.0000
140.570000,2833,1.5863,0.201443,0.497388,7.8748,3.1893,0.8645,200,17,17,17,153,9,12,12,12,10,17,0,1.0000
140.620000,2834,1.5850,0.201409,0.497359,7.8694,3.1868,0.8649,200,18,18,18,162,9,12,12,12,10,18,0,1.0000
140.670000,2835,1.5836,0.201274,0.497262,7.8679,3.1847,0.8172,200,24,24,24,216,9,12,12,12,10,24,0,1.0000
140.720000,2836,1.5832,0.201358,0.497315,7.8626,3.1835,0.8593,200,14,14,14,126,9,12,12,12,10,14,0,1.0000
140.770000,2837,1.5818,0.201289,0.497263,7.8582,3.1810,0.8541,200,22,22,22,198,9,12,12,12,10,22,0,1.0000
140.820000,2838,1.5817,0.201361,0.497306,7.8552,3.1806,0.7946,200,10,10,10,90,9,12,12,12,10,10,0,1.0000
140.870000,2839,1.5795,0.201417,0.497338,7.8420,3.1759,0.8648,200,16,16,16,144,9,12,12,12,10,16,0,1.0000
140.920000,2840,1.5780,0.201355,0.497293,7.8368,3.1731,0.8764,200,19,19,19,171,9,12,12,12,10,19,0,1.0000
140.970000,2841,1.5761,0.201374,0.497301,7.8268,3.1693,0.8658,200,12,12,12,108,9,12,12,12,10,12,0,1.0000
141.020000,2842,1.5758,0.201460,0.497354,7.8220,3.1684,0.8661,200,11,11,11,99,9,12,12,12,10,11,0,1.0000
141.070000,2843,1.5731,0.201525,0.497391,7.8058,3.1627,0.8759,200,22,22,22,198,9,12,12,12,10,22,0,1.0000
141.120000,2844,1.5698,0.201520,0.497390,7.7896,3.1560,0.8364,200,15,15,15,135,9,12,12,12,10,15,0,1.0000
141.170000,2845,1.5683,0.201587,0.497433,7.7798,3.1528,0.8341,200,17,17,17,153,9,12,12,12,10,17,0,1.0000
141.220000,2846,1.5672,0.201683,0.497491,7.7705,3.1502,0.8607,200,18,18,18,162,9,12,12,12,10,18,0,1.0000
141.270000,2847,1.5658,0.201753,0.497534,7.7609,3.1471,0.8548,200,24,24,24,216,9,12,12,12,10,24,0,1.0000
141.320000,2848,1.5679,0.201811,0.497573,7.7689,3.1510,0.9095,200,14,14,14,126,9,12,12,12,10,14,0,1.0000
141.370000,2849,1.5656,0.201899,0.497626,7.7546,3.1462,0.9105,200,22,22,22,198,9,12,12,12,10,22,0,1.0000
141.420000,2850,1.5651,0.202014,0.497696,7.7474,3.1446,0.9232,200,10,10,10,90,9,12,12,12,10,10,0,1.0000
141.470000,2851,1.5637,0.202122,0.497760,7.7363,3.1414,0.9180,200,16,16,16,144,9,12,12,12,10,16,0,1.0000
141.520000,2852,1.5634,0.202256,0.497839,7.7300,3.1404,0.9071,200,19,19,19,171,9,12,12,12,10,19,0,1.0000
141.570000,2853,1.5620,0.202403,0.497924,7.7174,3.1371,0.9001,200,12,12,12,108,9,12,12,12,10,12,0,1.0000
141.620000,2854,1.5612,0.202512,0.497984,7.7094,3.1351,0.9124,200,11,11,11,99,9,12,12,12,10,11,0,1.0000
141.670000,2855,1.5605,0.202670,0.498074,7.6999,3.1331,0.9110,200,22,22,22,198,9,12,12,12,10,22,0,1.0000
141.720000,2856,1.5615,0.202826,0.498162,7.6987,3.1345,0.9294,200,15,15,15,135,9,12,12,12,10,15,0,1.0000
141.770000,2857,1.5605,0.202987,0.498255,7.6875,3.1318,0.9301,200,17,17,17,153,9,12,12,12,10,17,0,1.0000
141.820000,2858,1.5598,0.203151,0.498349,7.6779,3.1299,0.9084,200,18,18,18,162,9,12,12,12,10,18,0,1.0000
141.870000,2859,1.5580,0.203312,0.498442,7.6630,3.1257,0.9481,200,24,24,24,216,9,12,12,12,10,24,0,1.0000
141.920000,2860,1.5562,0.203477,0.498538,7.6479,3.1215,0.9514,200,15,15,14,129,9,12,12,12,10,15,0,1.0000
141.970000,2861,1.5541,0.203606,0.498617,7.6329,3.1168,0.9554,200,22,22,21,195,9,12,12,12,10,22,0,1.0000
142.020000,2862,1.5535,0.203755,0.498708,7.6241,3.1150,0.9635,200,11,11,11,99,9,12,12,12,10,11,0,1.0000
142.070000,2863,1.5511,0.203910,0.498800,7.6067,3.1096,0.9876,200,16,16,16,144,9,12,12,12,10,16,0,1.0000
142.120000,2864,1.5499,0.204038,0.498882,7.5961,3.1067,0.9827,200,19,19,19,171,9,12,12,12,10,19,0,1.0000
142.170000,2865,1.5490,0.204179,0.498972,7.5867,3.1045,0.9935,200,12,12,12,108,9,12,12,12,10,12,0,1.0000
142.220000,2866,1.5478,0.204306,0.499054,7.5760,3.1015,0.9939,200,11,11,11,99,9,12,12,12,10,11,0,1.0000
142.270000,2867,1.5459,0.204429,0.499135,7.5622,3.0972,0.9967,200,21,21,21,189,9,12,12,12,10,21,0,1.0000
142.320000,2868,1.5543,0.204546,0.499212,7.5986,3.1134,1.0123,200,15,15,15,135,9,12,12,12,10,15,0,1.0000
142.370000,2869,1.5631,0.203581,0.498795,7.6782,3.1338,1.0240,200,16,16,16,144,9,12,12,12,10,16,0,1.0000
142.420000,2870,1.5634,0.203672,0.498848,7.6762,3.1341,0.9954,200,18,18,18,162,9,12,12,12,10,16,2,0.8889
142.470000,2871,1.5674,0.203774,0.498908,7.6920,3.1417,0.9669,200,24,24,24,216,9,12,12,12,10,19,5,0.7917
142.520000,2872,1.5687,0.203753,0.498911,7.6991,3.1443,0.8999,200,15,15,15,135,9,12,12,12,10,15,0,1.0000
142.570000,2873,1.5680,0.203723,0.498925,7.6968,3.1428,0.9092,200,22,22,22,198,9,12,12,12,10,20,2,0.9091
142.620000,2874,1.5672,0.203867,0.499016,7.6871,3.1405,0.8907,200,11,11,11,99,9,12,12,12,10,11,0,1.0000
142.670000,2875,1.5680,0.204007,0.499105,7.6858,3.1416,0.9230,200,17,17,16,153,9,12,12,12,10,17,0,1.0000
142.720000,2876,1.5671,0.204175,0.499207,7.6751,3.1391,0.9408,200,19,19,19,171,9,12,12,12,10,19,0,1.0000
142.770000,2877,1.5653,0.204338,0.499308,7.6601,3.1349,0.8858,200,12,12,12,108,9,12,12,12,10,12,0,1.0000
142.820000,2878,1.5640,0.204488,0.499404,7.6485,3.1318,0.9358,200,10,10,10,90,9,12,12,12,10,10,0,1.0000
142.870000,2879,1.5628,0.204667,0.499513,7.6357,3.1286,0.9546,200,21,21,21,189,9,12,12,12,10,21,0,1.0000
142.920000,2880,1.5648,0.204856,0.499628,7.6386,3.1319,0.9809,200,15,15,15,135,9,12,12,12,10,15,0,1.0000
142.970000,2881,1.5669,0.205044,0.499746,7.6416,3.1353,0.9573,200,16,16,16,144,9,12,12,12,10,16,0,1.0000
143.020000,2882,1.5697,0.205227,0.499862,7.6488,3.1404,0.9647,200,18,18,18,162,9,12,12,12,10,16,2,0.8889
143.070000,2883,1.5744,0.204633,0.499646,7.6936,3.1510,1.0091,200,24,24,24,216,9,12,12,12,10,18,6,0.7500
143.120000,2884,1.5776,0.204643,0.499685,7.7091,3.1572,1.0029,200,15,15,15,135,9,12,12,12,10,10,5,0.6667
143.170000,2885,1.5797,0.204773,0.499780,7.7146,3.1609,0.9997,200,22,22,22,198,9,12,12,12,10,15,7,0.6818
143.220000,2886,1.5807,0.204927,0.499889,7.7134,3.1621,0.9889,200,10,10,10,90,9,12,12,12,10,8,2,0.8000
143.270000,2887,1.5829,0.205032,0.499976,7.7202,3.1659,0.9843,200,17,17,17,153,9,12,12,12,10,17,0,1.0000
143.320000,2888,1.5835,0.205076,0.500039,7.7215,3.1668,0.9037,200,20,20,20,180,9,12,12,12,10,19,1,0.9500
143.370000,2889,1.5814,0.205102,0.500089,7.7102,3.1622,0.9906,200,12,12,12,108,9,12,12,12,10,12,0,1.0000
143.420000,2890,1.5818,0.205276,0.500207,7.7060,3.1624,0.9719,200,10,10,10,90,9,12,12,12,10,10,0,1.0000
143.470000,2891,1.5821,0.205457,0.500329,7.7002,3.1621,0.9623,200,21,21,21,189,9,12,12,12,10,21,0,1.0000
143.520000,2892,1.5823,0.205589,0.500420,7.6967,3.1620,0.9201,200,15,15,15,135,9,12,12,12,10,15,0,1.0000
143.570000,2893,1.5827,0.205754,0.500534,7.6920,3.1619,1.0799,200,16,16,16,144,9,12,12,12,10,16,0,1.0000
143.620000,2894,1.5834,0.205925,0.500652,7.6892,3.1627,1.0930,200,18,18,18,162,9,12,12,12,10,18,0,1.0000
143.670000,2895,1.5844,0.206057,0.500746,7.6892,3.1641,1.1480,200,25,25,24,223,9,12,12,12,10,25,0,1.0000
143.720000,2896,1.5853,0.206191,0.500845,7.6885,3.1653,1.1729,200,15,15,15,135,9,12,12,12,10,15,0,1.0000
143.770000,2897,1.5856,0.206362,0.500960,7.6834,3.1650,1.2134,200,22,22,22,198,9,12,12,12,10,22,0,1.0000
143.820000,2898,1.5857,0.206544,0.501086,7.6772,3.1645,1.2034,200,10,10,10,90,9,12,12,12,10,10,0,1.0000
143.870000,2899,1.5867,0.206718,0.501205,7.6756,3.1657,1.2433,200,17,17,17,153,9,12,12,12,10,17,0,1.0000
143.920000,2900,1.5883,0.206925,0.501343,7.6758,3.1681,1.2505,200,19,19,19,171,9,12,12,12,10,19,0,1.0000
143.970000,2901,1.5906,0.207123,0.501479,7.6794,3.1718,1.2425,200,12,12,12,108,9,12,12,12,10,12,0,1.0000
144.020000,2902,1.5944,0.207217,0.501562,7.6945,3.1789,1.2545,200,10,10,10,90,9,12,12,12,10,10,0,1.0000
144.070000,2903,1.6028,0.206997,0.501473,7.7429,3.1961,1.2432,200,21,21,21,189,9,12,12,12,10,21,0,1.0000
144.120000,2904,1.6127,0.206739,0.501355,7.8005,3.2166,1.2269,200,15,15,15,135,9,12,12,12,10,15,0,1.0000
144.170000,2905,1.6183,0.206636,0.501306,7.8316,3.2281,1.1833,200,16,16,16,144,9,12,12,12,10,16,0,1.0000
144.220000,2906,1.6213,0.206572,0.501275,7.8487,3.2344,1.1470,200,18,18,18,162,9,12,12,12,10,18,0,1.0000
144.270000,2907,1.6238,0.206206,0.501069,7.8747,3.2407,1.0770,200,25,25,25,225,9,12,12,12,10,25,0,1.0000
144.320000,2908,1.6245,0.206053,0.500990,7.8838,3.2425,1.0815,200,15,15,15,135,9,12,12,12,10,15,0,1.0000
144.370000,2909,1.6266,0.205914,0.500921,7.8995,3.2472,1.0401,200,22,22,22,198,9,12,12,12,10,22,0,1.0000
144.420000,2910,1.6261,0.205923,0.500925,7.8969,3.2463,0.9988,200,10,10,10,90,9,12,12,12,10,10,0,1.0000
144.470000,2911,1.6258,0.205776,0.500843,7.9008,3.2461,0.9491,200,17,17,17,153,9,12,12,12,10,17,0,1.0000
144.520000,2912,1.6228,0.205796,0.500850,7.8854,3.2400,0.8967,200,19,19,19,171,9,12,12,12,10,19,0,1.0000
144.570000,2913,1.6212,0.205871,0.500897,7.8750,3.2367,0.8514,200,12,12,12,108,9,12,12,12,10,12,0,1.0000
144.620000,2914,1.6098,0.205769,0.500864,7.8234,3.2141,0.8319,200,10,10,10,90,9,12,12,12,10,10,0,1.0000
144.670000,2915,1.6064,0.205847,0.500920,7.8040,3.2070,0.8113,200,21,21,21,189,9,12,12,12,10,21,0,1.0000
144.720000,2916,1.6023,0.205693,0.500858,7.7897,3.1991,0.7827,200,15,15,15,135,9,12,12,12,10,15,0,1.0000
144.770000,2917,1.6010,0.205744,0.500894,7.7813,3.1962,0.7738,200,16,16,16,144,9,12,12,12,10,16,0,1.0000
144.820000,2918,1.6005,0.205806,0.500940,7.7769,3.1950,0.7516,200,18,18,18,162,9,12,12,12,10,18,0,1.0000
144.870000,2919,1.6015,0.205701,0.500905,7.7857,3.1973,0.7666,200,25,25,25,225,9,12,12,12,10,25,0,1.0000
144.920000,2920,1.6024,0.205748,0.500951,7.7884,3.1988,0.7821,200,15,15,15,135,9,12,12,12,10,15,0,1.0000
144.970000,2921,1.6034,0.205772,0.500983,7.7922,3.2005,0.7729,200,22,22,22,198,9,12,12,12,10,22,0,1.0000
145.020000,2922,1.6041,0.205818,0.501020,7.7938,3.2017,0.8034,200,10,10,10,90,9,12,12,12,10,10,0,1.0000
145.070000,2923,1.6047,0.205847,0.501048,7.7956,3.2027,0.7865,200,17,17,17,153,9,12,12,12,10,17,0,1.0000
145.120000,2924,1.6033,0.205887,0.501072,7.7871,3.1997,0.7872,200,19,19,19,171,9,12,12,12,10,19,0,1.0000
145.170000,2925,1.6043,0.205944,0.501106,7.7898,3.2014,0.8091,200,12,12,12,108,9,12,12,12,10,12,0,1.0000
145.220000,2926,1.6038,0.205965,0.501115,7.7869,3.2005,0.7958,200,10,10,10,90,9,12,12,12,10,10,0,1.0000
145.270000,2927,1.6031,0.205956,0.501102,7.7837,3.1991,0.8023,200,21,21,21,189,9,12,12,12,10,21,0,1.0000
145.320000,2928,1.6035,0.205987,0.501116,7.7843,3.1998,0.8225,200,15,15,15,135,9,12,12,12,10,15,0,1.0000
145.370000,2929,1.6039,0.206051,0.501154,7.7842,3.2005,0.8249,200,16,16,16,144,9,12,12,12,10,16,0,1.0000
145.420000,2930,1.6046,0.206113,0.501193,7.7852,3.2016,0.8323,200,18,18,18,162,9,12,12,12,10,18,0,1.0000
145.470000,2931,1.6047,0.206135,0.501207,7.7846,3.2016,0.8179,200,25,25,25,225,9,12,12,12,10,25,0,1.0000
145.520000,2932,1.6054,0.206183,0.501244,7.7863,3.2028,0.8374,200,15,15,15,135,9,12,12,12,10,15,0,1.0000
145.570000,2933,1.6064,0.206241,0.501276,7.7890,3.2047,0.8448,200,22,22,22,198,9,12,12,12,10,22,0,1.0000
145.620000,2934,1.6071,0.206291,0.501309,7.7906,3.2059,0.8443,200,10,10,10,90,9,12,12,12,10,10,0,1.0000
145.670000,2935,1.6080,0.206302,0.501309,7.7945,3.2077,0.8406,200,17,17,17,153,9,12,12,12,10,17,0,1.0000
145.720000,2936,1.6093,0.206368,0.501344,7.7981,3.2099,0.8137,200,19,19,19,171,9,12,12,12,10,19,0,1.0000
145.770000,2937,1.6108,0.206449,0.501391,7.8022,3.2126,0.8356,200,12,12,12,108,9,12,12,12,10,12,0,1.0000
145.820000,2938,1.6102,0.206470,0.501404,7.7987,3.2114,0.8618,200,10,10,10,90,9,12,12,12,10,10,0,1.0000
145.870000,2939,1.6117,0.206541,0.501449,7.8032,3.2141,0.8213,200,21,21,21,189,9,12,12,12,10,21,0,1.0000
145.920000,2940,1.6053,0.206415,0.501391,7.7769,3.2016,0.7929,200,15,15,15,135,9,12,12,12,10,15,0,1.0000
145.970000,2941,1.6066,0.206475,0.501436,7.7811,3.2040,0.7777,200,16,16,16,144,9,12,12,12,10,16,0,1.0000
146.020000,2942,1.6083,0.206534,0.501482,7.7868,3.2070,0.7704,200,18,18,18,162,9,12,12,12,10,18,0,1.0000
146.070000,2943,1.6054,0.206523,0.501496,7.7736,3.2013,0.8044,200,25,25,25,225,9,12,12,12,10,25,0,1.0000
146.120000,2944,1.6061,0.206574,0.501542,7.7750,3.2023,0.8091,200,15,15,15,135,9,12,12,12,10,15,0,1.0000
146.170000,2945,1.6076,0.206630,0.501589,7.7800,3.2050,0.8020,200,22,22,22,198,9,12,12,12,10,22,0,1.0000
146.220000,2946,1.6084,0.206683,0.501636,7.7817,3.2062,0.8057,200,10,10,10,90,9,12,12,12,10,10,0,1.0000
146.270000,2947,1.6085,0.206720,0.501674,7.7812,3.2063,0.7887,200,17,17,17,153,9,12,12,12,10,17,0,1.0000
146.320000,2948,1.6109,0.206787,0.501728,7.7899,3.2106,0.7627,200,19,19,19,171,9,12,12,12,10,19,0,1.0000
146.370000,2949,1.6123,0.206862,0.501789,7.7941,3.2131,0.7913,200,12,12,12,108,9,12,12,12,10,12,0,1.0000
146.420000,2950,1.6128,0.206918,0.501841,7.7942,3.2137,0.7701,200,10,10,10,90,9,12,12,12,10,10,0,1.0000
146.470000,2951,1.6149,0.206994,0.501903,7.8015,3.2175,0.7747,200,21,21,21,189,9,12,12,12,10,21,0,1.0000
146.520000,2952,1.6148,0.207037,0.501947,7.7994,3.2170,0.7919,200,15,15,15,135,9,12,12,12,10,15,0,1.0000
146.570000,2953,1.6165,0.207114,0.502010,7.8048,3.2200,0.7916,200,16,16,16,144,9,12,12,12,10,16,0,1.0000
146.620000,2954,1.6186,0.207193,0.502074,7.8122,3.2239,0.8125,200,18,18,18,162,9,12,12,12,10,18,0,1.0000
146.670000,2955,1.6172,0.207223,0.502114,7.8040,3.2207,0.8361,200,25,25,25,225,9,12,12,12,10,25,0,1.0000
146.720000,2956,1.6186,0.207300,0.502179,7.8081,3.2232,0.8330,200,15,15,15,135,9,12,12,12,10,15,0,1.0000
146.770000,2957,1.6202,0.207380,0.502245,7.8128,3.2260,0.8476,200,22,22,22,198,9,12,12,12,10,22,0,1.0000
146.820000,2958,1.6221,0.207467,0.502317,7.8188,3.2293,0.8398,200,10,10,10,90,9,12,12,12,10,10,0,1.0000
146.870000,2959,1.6229,0.207544,0.502382,7.8198,3.2305,0.8128,200,17,17,17,153,9,12,12,12,10,17,0,1.0000
146.920000,2960,1.6251,0.207633,0.502453,7.8267,3.2343,0.8312,200,19,19,19,171,9,12,12,12,10,19,0,1.0000
146.970000,2961,1.6273,0.207730,0.502530,7.8337,3.2382,0.8235,200,12,12,12,108,9,12,12,12,10,12,0,1.0000
147.020000,2962,1.6245,0.207790,0.502589,7.8178,3.2322,0.7632,200,10,10,10,90,9,12,12,12,10,10,0,1.0000
147.070000,2963,1.6265,0.207875,0.502660,7.8245,3.2358,0.8489,200,21,21,21,189,9,12,12,12,10,21,0,1.0000
147.120000,2964,1.6253,0.207943,0.502723,7.8162,3.2330,0.8565,200,15,15,15,135,9,12,12,12,10,15,0,1.0000
147.170000,2965,1.6267,0.208042,0.502802,7.8189,3.2352,0.8582,200,16,16,16,144,9,12,12,12,10,16,0,1.0000
147.220000,2966,1.6283,0.208143,0.502884,7.8228,3.2378,0.8617,200,18,18,18,162,9,12,12,12,10,18,0,1.0000
147.270000,2967,1.6289,0.208229,0.502955,7.8224,3.2386,0.8679,200,25,25,25,225,9,12,12,12,10,25,0,1.0000
147.320000,2968,1.6293,0.208336,0.503041,7.8207,3.2390,0.8961,200,15,15,15,135,9,12,12,12,10,15,0,1.0000
147.370000,2969,1.6301,0.208431,0.503117,7.8209,3.2401,0.8786,200,22,22,22,198,9,12,12,12,10,22,0,1.0000
147.420000,2970,1.6317,0.208547,0.503207,7.8239,3.2425,0.8578,200,10,10,10,90,9,12,12,12,10,10,0,1.0000
147.470000,2971,1.6320,0.208649,0.503283,7.8219,3.2428,0.8474,200,17,17,17,153,9,12,12,12,10,17,0,1.0000
147.520000,2972,1.6330,0.208744,0.503351,7.8230,3.2443,0.8707,200,19,19,19,171,9,12,12,12,10,19,0,1.0000
147.570000,2973,1.6347,0.208858,0.503433,7.8267,3.2470,0.8680,200,12,12,12,108,9,12,12,12,10,12,0,1.0000
147.620000,2974,1.6342,0.208970,0.503517,7.8203,3.2456,0.8728,200,10,10,10,90,9,12,12,12,10,10,0,1.0000
147.670000,2975,1.6367,0.209062,0.503572,7.8289,3.2502,0.8091,200,21,21,21,189,9,12,12,12,10,21,0,1.0000
147.720000,2976,1.6365,0.209169,0.503638,7.8237,3.2493,0.8854,200,15,15,15,135,9,12,12,12,10,15,0,1.0000
147.770000,2977,1.6376,0.209281,0.503701,7.8251,3.2512,0.9000,200,16,16,16,144,9,12,12,12,10,16,0,1.0000
147.820000,2978,1.6386,0.209392,0.503763,7.8255,3.2527,0.9186,200,18,18,18,162,9,12,12,12,10,18,0,1.0000
147.870000,2979,1.6390,0.209498,0.503817,7.8236,3.2532,0.9122,200,25,25,25,225,9,12,12,12,10,24,1,0.9600
147.920000,2980,1.6395,0.209630,0.503907,7.8210,3.2536,0.9343,200,15,15,15,135,9,12,12,12,10,15,0,1.0000
147.970000,2981,1.6393,0.209744,0.503977,7.8156,3.2527,0.8820,200,22,22,22,198,9,12,12,12,10,22,0,1.0000
148.020000,2982,1.6385,0.209870,0.504065,7.8073,3.2506,1.0228,200,10,10,10,90,9,12,12,12,10,10,0,1.0000
148.070000,2983,1.6386,0.210006,0.504148,7.8025,3.2502,0.9832,200,17,17,17,153,9,12,12,12,10,17,0,1.0000
148.120000,2984,1.6382,0.210137,0.504227,7.7959,3.2490,0.9848,200,19,19,19,171,9,12,12,12,10,19,0,1.0000
148.170000,2985,1.6382,0.210275,0.504328,7.7905,3.2482,0.9901,200,12,12,12,108,9,12,12,12,10,12,0,1.0000
148.220000,2986,1.6409,0.210406,0.504430,7.7988,3.2530,0.9801,200,10,10,10,90,9,12,12,12,10,10,0,1.0000
148.270000,2987,1.6420,0.210533,0.504522,7.7991,3.2545,0.9907,200,21,21,21,189,9,12,12,12,10,21,0,1.0000
148.320000,2988,1.6415,0.210677,0.504634,7.7918,3.2530,1.0140,200,15,15,15,135,9,12,12,12,10,15,0,1.0000
148.370000,2989,1.6405,0.210715,0.504697,7.7855,3.2505,0.9981,200,17,17,17,153,9,12,10,12,10,17,0,1.0000
148.420000,2990,1.6411,0.210873,0.504814,7.7825,3.2509,1.0076,200,18,18,18,162,9,12,12,12,10,18,0,1.0000
148.470000,2991,1.6409,0.211030,0.504928,7.7758,3.2498,1.0101,200,24,24,24,216,9,12,12,12,10,24,0,1.0000
148.520000,2992,1.6406,0.211206,0.505062,7.7676,3.2482,1.0353,200,15,15,15,135,9,12,12,12,10,15,0,1.0000
148.570000,2993,1.6397,0.211372,0.505189,7.7573,3.2457,1.0273,200,22,22,22,198,9,12,12,12,10,22,0,1.0000
148.620000,2994,1.6380,0.211534,0.505321,7.7434,3.2415,1.0375,200,10,10,10,90,9,12,12,12,10,10,0,1.0000
148.670000,2995,1.6359,0.211708,0.505446,7.7274,3.2366,1.0396,200,17,17,17,153,9,12,12,12,10,17,0,1.0000
148.720000,2996,1.6321,0.211579,0.505428,7.7138,3.2291,1.0570,200,19,19,19,171,9,12,12,12,10,19,0,1.0000
148.770000,2997,1.6307,0.211770,0.505581,7.7005,3.2255,1.0713,200,12,12,12,108,9,12,12,12,10,12,0,1.0000
148.820000,2998,1.6296,0.211952,0.505732,7.6886,3.2223,1.0636,200,10,10,10,90,9,12,12,12,10,10,0,1.0000
148.870000,2999,1.6284,0.212135,0.505883,7.6763,3.2190,1.0866,200,21,21,21,189,9,12,12,12,10,21,0,1.0000
148.920000,3000,1.6292,0.212326,0.506041,7.6731,3.2195,1.0750,200,15,15,15,135,9,12,12,12,10,15,0,1.0000
148.970000,3001,1.6290,0.212464,0.506173,7.6670,3.2182,1.0796,200,17,17,17,153,9,12,12,12,10,17,0,1.0000
149.020000,3002,1.6290,0.212657,0.506332,7.6604,3.2173,1.0702,200,18,18,18,162,9,12,12,12,10,18,0,1.0000
149.070000,3003,1.6285,0.212840,0.506484,7.6512,3.2153,1.0887,200,24,24,24,216,9,12,12,12,10,24,0,1.0000
149.120000,3004,1.6277,0.213045,0.506658,7.6404,3.2127,1.0839,200,15,15,15,135,9,12,12,12,10,15,0,1.0000
149.170000,3005,1.6279,0.213216,0.506813,7.6351,3.2121,1.0930,200,23,23,23,207,9,12,10,12,10,23,0,1.0000
149.220000,3006,1.6274,0.213413,0.506988,7.6257,3.2100,1.0963,200,10,10,10,90,9,12,12,12,10,10,0,1.0000
149.270000,3007,1.6270,0.213631,0.507172,7.6158,3.2079,1.1004,200,16,16,16,144,9,12,12,12,10,16,0,1.0000
149.320000,3008,1.6262,0.213865,0.507365,7.6039,3.2052,1.0940,200,19,19,19,171,9,12,12,12,10,19,0,1.0000
149.370000,3009,1.6257,0.214093,0.507560,7.5935,3.2030,1.0847,200,12,12,12,108,9,12,12,12,10,12,0,1.0000
149.420000,3010,1.6269,0.214324,0.507757,7.5909,3.2041,1.0894,200,10,10,10,90,9,12,12,12,10,10,0,1.0000
149.470000,3011,1.6258,0.214556,0.507953,7.5775,3.2007,1.1034,200,21,21,21,189,9,12,12,12,10,21,0,1.0000
149.520000,3012,1.6256,0.214806,0.508158,7.5680,3.1991,1.0919,200,15,15,15,135,9,12,12,12,10,15,0,1.0000
149.570000,3013,1.6250,0.214991,0.508329,7.5586,3.1968,1.1025,200,17,17,17,153,9,12,12,12,10,17,0,1.0000
149.620000,3014,1.6240,0.215215,0.508503,7.5462,3.1938,1.0958,200,18,18,18,162,9,12,12,12,10,18,0,1.0000
149.670000,3015,1.6243,0.215473,0.508699,7.5383,3.1930,1.1051,200,24,24,24,216,9,12,12,12,10,24,0,1.0000
149.720000,3016,1.6229,0.215691,0.508880,7.5244,3.1892,1.0926,200,15,15,15,135,9,12,12,12,10,15,0,1.0000
149.770000,3017,1.6237,0.215670,0.508895,7.5286,3.1906,1.1102,200,23,23,23,207,9,12,12,12,10,23,0,1.0000
149.820000,3018,1.6234,0.215906,0.509096,7.5188,3.1887,1.1443,200,10,10,10,90,9,12,12,12,10,10,0,1.0000
149.870000,3019,1.6242,0.216155,0.509293,7.5140,3.1891,1.1199,200,16,16,16,144,9,12,12,12,10,16,0,1.0000
149.920000,3020,1.6244,0.216305,0.509435,7.5098,3.1886,1.1211,200,19,19,19,171,9,12,12,12,10,19,0,1.0000
149.970000,3021,1.6245,0.216554,0.509636,7.5018,3.1877,1.1382,200,12,12,12,108,9,12,12,12,10,12,0,1.0000
150.020000,3022,1.6247,0.216787,0.509821,7.4946,3.1869,1.1430,200,10,10,10,90,9,12,12,12,10,10,0,1.0000
150.070000,3023,1.6305,0.217047,0.509988,7.5124,3.1972,1.1327,200,21,21,21,189,9,12,12,12,10,21,0,1.0000
150.120000,3024,1.6329,0.217227,0.510082,7.5171,3.2013,1.1439,200,15,15,15,135,9,12,12,12,10,15,0,1.0000
150.170000,3025,1.6350,0.217319,0.510108,7.5237,3.2053,1.1605,200,17,17,17,153,9,12,12,12,10,17,0,1.0000
150.220000,3026,1.6415,0.217572,0.510242,7.5447,3.2171,1.1608,200,18,18,18,162,9,12,12,12,10,18,0,1.0000
150.270000,3027,1.6444,0.217800,0.510365,7.5501,3.2220,1.1595,200,24,24,24,216,9,12,12,12,10,24,0,1.0000
150.320000,3028,1.6460,0.218042,0.510517,7.5492,3.2243,1.1699,200,15,15,15,135,9,12,12,12,10,15,0,1.0000
150.370000,3029,1.6479,0.218212,0.510595,7.5520,3.2275,1.1877,200,23,23,23,207,9,12,12,12,10,23,0,1.0000
150.420000,3030,1.6488,0.218486,0.510796,7.5464,3.2279,1.1713,200,10,10,10,90,9,12,12,12,10,10,0,1.0000
150.470000,3031,1.6496,0.218712,0.510949,7.5425,3.2286,1.1601,200,16,16,16,144,9,12,12,12,10,16,0,1.0000
150.520000,3032,1.6514,0.218939,0.511110,7.5428,3.2310,1.1732,200,19,19,19,171,9,12,12,12,10,19,0,1.0000
150.570000,3033,1.6528,0.219195,0.511301,7.5405,3.2326,1.2003,200,12,12,12,108,9,12,12,12,10,12,0,1.0000
150.620000,3034,1.6542,0.219405,0.511466,7.5395,3.2342,1.2073,200,10,10,10,90,9,12,12,12,10,10,0,1.0000
150.670000,3035,1.6575,0.219671,0.511673,7.5453,3.2393,1.2223,200,21,21,21,189,9,12,12,12,10,21,0,1.0000
150.720000,3036,1.6587,0.219871,0.511839,7.5440,3.2407,1.2386,200,15,15,15,135,9,12,12,12,10,15,0,1.0000
150.770000,3037,1.6574,0.219893,0.511918,7.5372,3.2376,1.2340,200,17,17,17,153,9,12,12,12,10,17,0,1.0000
150.820000,3038,1.6568,0.220138,0.512102,7.5261,3.2353,1.2598,200,18,18,18,162,9,12,12,12,10,18,0,1.0000
150.870000,3039,1.6542,0.220399,0.512282,7.5054,3.2290,1.2527,200,24,24,24,216,9,12,12,12,10,24,0,1.0000
150.920000,3040,1.6523,0.220535,0.512367,7.4921,3.2248,1.2546,200,15,15,15,135,9,12,12,12,10,15,0,1.0000
150.970000,3041,1.6482,0.220193,0.512060,7.4851,3.2187,1.2714,200,23,23,23,207,9,12,12,12,10,23,0,1.0000
151.020000,3042,1.6467,0.220403,0.512229,7.4714,3.2148,1.2535,200,10,10,10,90,9,12,12,12,10,10,0,1.0000
151.070000,3043,1.6438,0.220539,0.512279,7.4534,3.2087,1.2703,200,16,16,16,144,9,12,12,12,10,16,0,1.0000
151.120000,3044,1.6418,0.220677,0.512367,7.4400,3.2044,1.2738,200,19,19,19,171,9,12,12,12,10,19,0,1.0000
151.170000,3045,1.6417,0.220934,0.512550,7.4307,3.2030,1.2696,200,12,12,12,108,9,12,12,12,10,12,0,1.0000
151.220000,3046,1.6416,0.221119,0.512669,7.4242,3.2022,1.2693,200,10,10,10,90,9,12,12,12,10,10,0,1.0000
151.270000,3047,1.6418,0.221318,0.512832,7.4184,3.2015,1.2716,200,21,21,21,189,9,12,12,12,10,21,0,1.0000
151.320000,3048,1.6434,0.221440,0.512901,7.4216,3.2042,1.2814,200,15,15,15,135,9,12,12,12,10,15,0,1.0000
151.370000,3049,1.6432,0.221646,0.513045,7.4136,3.2028,1.2694,200,17,17,17,153,9,12,12,12,10,17,0,1.0000
151.420000,3050,1.6436,0.221862,0.513204,7.4082,3.2026,1.2807,200,18,18,18,162,9,12,12,12,10,18,0,1.0000
151.470000,3051,1.6437,0.222047,0.513315,7.4025,3.2021,1.2769,200,24,24,24,216,9,12,12,12,10,24,0,1.0000
151.520000,3052,1.6459,0.222169,0.513413,7.4085,3.2059,1.2581,200,15,15,15,135,9,12,12,12,10,15,0,1.0000
151.570000,3053,1.6464,0.221686,0.513005,7.4266,3.2093,1.2508,200,23,23,23,207,9,12,12,12,10,23,0,1.0000
151.620000,3054,1.6467,0.221943,0.513215,7.4193,3.2085,1.2486,200,10,10,10,90,9,12,12,12,10,10,0,1.0000
151.670000,3055,1.6468,0.222125,0.513348,7.4137,3.2079,1.2381,200,16,16,16,144,9,12,12,12,10,16,0,1.0000
151.720000,3056,1.6461,0.222323,0.513503,7.4039,3.2055,1.2494,200,19,19,19,171,9,12,12,12,10,19,0,1.0000
151.770000,3057,1.6462,0.222611,0.513725,7.3949,3.2044,1.2671,200,12,12,12,108,9,12,12,12,10,12,0,1.0000
151.820000,3058,1.6465,0.222859,0.513909,7.3881,3.2039,1.2957,200,10,10,10,90,9,12,12,12,10,10,0,1.0000
151.870000,3059,1.6455,0.223155,0.514131,7.3739,3.2006,1.2815,200,21,21,21,189,9,12,12,12,10,21,0,1.0000
151.920000,3060,1.6457,0.223414,0.514311,7.3660,3.1998,1.2674,200,15,15,15,135,9,12,12,12,10,15,0,1.0000
151.970000,3061,1.6445,0.223735,0.514535,7.3504,3.1962,1.2768,200,17,17,17,153,9,12,12,12,10,17,0,1.0000
152.020000,3062,1.6437,0.224051,0.514748,7.3363,3.1932,1.2874,200,18,18,18,162,9,12,12,12,10,18,0,1.0000
152.070000,3063,1.6411,0.224366,0.514956,7.3145,3.1869,1.2841,200,24,24,24,216,9,12,12,12,10,24,0,1.0000
152.120000,3064,1.6386,0.224719,0.515226,7.2917,3.1803,1.2761,200,15,15,15,135,9,12,12,12,10,15,0,1.0000
152.170000,3065,1.6361,0.224966,0.515447,7.2728,3.1742,1.2829,200,23,23,23,207,9,12,12,12,10,23,0,1.0000
152.220000,3066,1.6334,0.225320,0.515734,7.2492,3.1671,1.2830,200,10,10,10,90,9,12,12,12,10,10,0,1.0000
152.270000,3067,1.6307,0.225590,0.515972,7.2285,3.1604,1.2659,200,16,16,16,144,9,12,12,12,10,16,0,1.0000
152.320000,3068,1.6271,0.225877,0.516223,7.2035,3.1519,1.2785,200,19,19,19,171,9,12,12,12,10,19,0,1.0000
152.370000,3069,1.6230,0.225441,0.516058,7.1992,3.1450,1.2812,200,12,12,12,108,9,12,12,12,10,12,0,1.0000
152.420000,3070,1.6212,0.225719,0.516301,7.1825,3.1401,1.2766,200,10,10,10,90,9,12,12,12,10,10,0,1.0000
152.470000,3071,1.6192,0.226011,0.516565,7.1642,3.1345,1.2849,200,21,21,21,189,9,12,12,12,10,21,0,1.0000
152.520000,3072,1.6179,0.226339,0.516850,7.1479,3.1302,1.3083,200,15,15,15,135,9,12,12,12,10,15,0,1.0000
152.570000,3073,1.6165,0.226690,0.517149,7.1309,3.1258,1.2856,200,17,17,17,153,9,12,12,12,10,17,0,1.0000
152.620000,3074,1.6150,0.227093,0.517475,7.1115,3.1209,1.2870,200,18,18,18,162,9,12,12,12,10,18,0,1.0000
152.670000,3075,1.6137,0.227457,0.517774,7.0946,3.1166,1.2865,200,24,24,24,216,9,12,12,12,10,24,0,1.0000
152.720000,3076,1.6118,0.227844,0.518091,7.0739,3.1109,1.2780,200,15,15,15,135,9,12,12,12,10,15,0,1.0000
152.770000,3077,1.6121,0.228174,0.518369,7.0654,3.1100,1.2846,200,23,23,23,207,9,12,12,12,10,23,0,1.0000
152.820000,3078,1.6113,0.228576,0.518702,7.0494,3.1065,1.2817,200,10,10,10,90,9,12,12,12,10,10,0,1.0000
152.870000,3079,1.6115,0.228924,0.519001,7.0393,3.1050,1.2791,200,16,16,16,144,9,12,12,12,10,16,0,1.0000
152.920000,3080,1.6108,0.229308,0.519315,7.0248,3.1018,1.2723,200,19,19,19,171,9,12,12,12,10,19,0,1.0000
152.970000,3081,1.6105,0.229694,0.519640,7.0116,3.0993,1.2712,200,12,12,12,108,9,12,12,12,10,12,0,1.0000
153.020000,3082,1.6095,0.230108,0.519990,6.9946,3.0953,1.2883,200,10,10,10,90,9,12,12,12,10,10,0,1.0000
153.070000,3083,1.6091,0.230508,0.520328,6.9808,3.0925,1.2694,200,21,21,21,189,9,12,12,12,10,21,0,1.0000
153.120000,3084,1.6098,0.230904,0.520671,6.9718,3.0918,1.2721,200,15,15,15,135,9,12,12,12,10,15,0,1.0000
153.170000,3085,1.6109,0.231307,0.521019,6.9644,3.0918,1.2744,200,18,18,17,162,9,12,12,12,10,18,0,1.0000
153.220000,3086,1.6111,0.231795,0.521412,6.9505,3.0899,1.2909,200,18,18,18,162,9,12,12,12,10,18,0,1.0000
153.270000,3087,1.6107,0.232286,0.521807,6.9341,3.0868,1.3039,200,24,24,24,216,9,12,12,12,10,24,0,1.0000
153.320000,3088,1.6096,0.232791,0.522214,6.9145,3.0823,1.2797,200,14,14,14,126,9,12,12,12,10,14,0,1.0000
153.370000,3089,1.6100,0.233168,0.522533,6.9050,3.0812,1.3052,200,23,23,23,207,9,12,12,12,10,23,0,1.0000
153.420000,3090,1.6096,0.233672,0.522949,6.8884,3.0780,1.3124,200,10,10,10,90,9,12,12,12,10,10,0,1.0000
153.470000,3091,1.6098,0.234192,0.523375,6.8738,3.0758,1.2982,200,16,16,16,144,9,12,12,12,10,16,0,1.0000
153.520000,3092,1.6094,0.234715,0.523809,6.8570,3.0726,1.3160,200,19,19,19,171,9,12,12,12,10,19,0,1.0000
153.570000,3093,1.6093,0.235248,0.524254,6.8410,3.0697,1.3209,200,12,12,12,108,9,12,12,12,10,12,0,1.0000
153.620000,3094,1.6090,0.235786,0.524707,6.8240,3.0665,1.3181,200,10,10,10,90,9,12,12,12,10,10,0,1.0000
153.670000,3095,1.6091,0.236324,0.525161,6.8089,3.0640,1.3155,200,21,21,21,189,9,12,12,12,10,21,0,1.0000
153.720000,3096,1.6103,0.236832,0.525602,6.7992,3.0637,1.3176,200,15,15,15,135,9,12,12,12,10,15,0,1.0000
153.770000,3097,1.6116,0.237267,0.526000,6.7925,3.0639,1.3179,200,18,18,18,162,9,12,12,12,10,18,0,1.0000
153.820000,3098,1.6111,0.237831,0.526474,6.7743,3.0602,1.3165,200,18,18,18,162,9,12,12,12,10,18,0,1.0000
153.870000,3099,1.6113,0.238368,0.526933,6.7597,3.0579,1.3127,200,24,24,24,216,9,12,12,12,10,24,0,1.0000
153.920000,3100,1.6103,0.238967,0.527437,6.7386,3.0531,1.3306,200,14,14,14,126,9,12,12,12,10,14,0,1.0000
153.970000,3101,1.6102,0.239450,0.527871,6.7244,3.0503,1.3151,200,23,23,23,207,9,12,12,12,10,23,0,1.0000
154.020000,3102,1.6093,0.240023,0.528369,6.7047,3.0458,1.3392,200,10,10,10,90,9,12,12,12,10,10,0,1.0000
154.070000,3103,1.6097,0.240625,0.528886,6.6895,3.0435,1.3272,200,16,16,16,144,9,12,12,12,10,16,0,1.0000
154.120000,3104,1.6090,0.241223,0.529400,6.6703,3.0393,1.3226,200,19,19,19,171,9,12,12,12,10,19,0,1.0000
154.170000,3105,1.6082,0.241836,0.529931,6.6500,3.0347,1.3308,200,12,12,12,108,9,12,12,12,10,12,0,1.0000
154.220000,3106,1.6078,0.242460,0.530466,6.6312,3.0309,1.3249,200,10,10,10,90,9,12,12,12,10,10,0,1.0000
154.270000,3107,1.6066,0.243073,0.530998,6.6094,3.0256,1.3251,200,21,21,21,189,9,12,12,12,10,21,0,1.0000
154.320000,3108,1.6051,0.243721,0.531550,6.5860,3.0197,1.3232,200,15,15,15,135,9,12,12,12,10,15,0,1.0000
154.370000,3109,1.6049,0.244190,0.531987,6.5722,3.0167,1.3113,200,18,18,18,162,9,12,12,12,10,18,0,1.0000
154.420000,3110,1.6051,0.244818,0.532494,6.5562,3.0143,1.3265,200,18,18,18,162,9,12,12,12,10,18,0,1.0000
154.470000,3111,1.6035,0.245479,0.533029,6.5320,3.0082,1.3218,200,24,24,24,216,9,12,12,12,10,24,0,1.0000
154.520000,3112,1.6029,0.246123,0.533570,6.5125,3.0040,1.3115,200,14,14,14,126,9,12,12,12,10,14,0,1.0000
154.570000,3113,1.6047,0.246579,0.533975,6.5080,3.0053,1.3164,200,24,24,23,210,9,12,12,12,10,24,0,1.0000
154.620000,3114,1.6054,0.247203,0.534525,6.4942,3.0034,1.3134,200,10,10,10,90,9,12,12,12,10,10,0,1.0000
154.670000,3115,1.6074,0.247831,0.535062,6.4857,3.0040,1.3043,200,16,16,16,144,9,12,12,12,10,16,0,1.0000
154.720000,3116,1.6099,0.248448,0.535573,6.4797,3.0059,1.3249,200,19,19,19,171,9,12,12,12,10,19,0,1.0000
154.770000,3117,1.6117,0.249060,0.536075,6.4712,3.0065,1.3182,200,12,12,12,108,9,12,12,12,10,12,0,1.0000
154.820000,3118,1.6134,0.249646,0.536559,6.4628,3.0070,1.3164,200,10,10,10,90,9,12,12,12,10,10,0,1.0000
154.870000,3119,1.6185,0.250361,0.537121,6.4648,3.0133,1.3368,200,21,21,21,189,9,12,12,12,10,21,0,1.0000
154.920000,3120,1.6222,0.250731,0.537353,6.4698,3.0188,1.3389,200,15,15,15,135,9,12,12,12,10,15,0,1.0000
154.970000,3121,1.6263,0.251258,0.537693,6.4727,3.0246,1.3430,200,18,18,18,162,9,12,12,12,10,18,0,1.0000
155.020000,3122,1.6291,0.251940,0.538217,6.4661,3.0268,1.3531,200,17,17,17,153,9,12,12,12,10,17,0,1.0000
155.070000,3123,1.6329,0.252517,0.538615,6.4666,3.0317,1.3498,200,24,24,24,216,9,12,12,12,10,24,0,1.0000
155.120000,3124,1.6410,0.253162,0.539065,6.4821,3.0442,1.3699,200,14,14,14,126,9,12,12,12,10,14,0,1.0000
155.170000,3125,1.6445,0.253633,0.539386,6.4839,3.0489,1.3833,200,25,25,25,225,9,12,10,12,10,25,0,1.0000
155.220000,3126,1.6483,0.254354,0.539955,6.4804,3.0527,1.3946,200,10,10,10,90,9,12,12,12,10,10,0,1.0000
155.270000,3127,1.6521,0.254988,0.540459,6.4791,3.0568,1.4081,200,15,15,15,135,9,12,12,12,10,15,0,1.0000
155.320000,3128,1.6557,0.255645,0.540993,6.4764,3.0604,1.4825,200,19,19,19,171,9,12,12,12,10,19,0,1.0000
155.370000,3129,1.6604,0.256369,0.541584,6.4768,3.0659,1.4020,200,12,12,12,108,9,12,12,12,10,12,0,1.0000
155.420000,3130,1.6641,0.257059,0.542160,6.4734,3.0693,1.3838,200,10,10,10,90,9,12,12,12,10,10,0,1.0000
155.470000,3131,1.6686,0.257852,0.542823,6.4712,3.0740,1.3999,200,21,21,21,189,9,12,12,12,10,21,0,1.0000
155.520000,3132,1.6716,0.258330,0.543188,6.4709,3.0774,1.4450,200,15,15,15,135,9,12,12,12,10,15,0,1.0000
155.570000,3133,1.6748,0.258945,0.543641,6.4676,3.0806,1.3824,200,18,18,18,162,9,12,12,12,10,18,0,1.0000
155.620000,3134,1.6761,0.259719,0.544274,6.4534,3.0794,1.3783,200,17,17,17,153,9,12,12,12,10,17,0,1.0000
155.670000,3135,1.6738,0.260331,0.544718,6.4294,3.0728,1.3779,200,26,26,25,234,9,12,11,12,10,26,0,1.0000
155.720000,3136,1.6732,0.261131,0.545394,6.4075,3.0679,1.3672,200,13,13,13,117,9,12,12,12,10,13,0,1.0000
155.770000,3137,1.6715,0.261639,0.545779,6.3887,3.0627,1.3826,200,25,25,25,225,9,12,12,12,10,25,0,1.0000
155.820000,3138,1.6725,0.262484,0.546483,6.3718,3.0605,1.3999,200,9,9,9,81,9,12,12,12,10,9,0,1.0000
155.870000,3139,1.6744,0.263204,0.547100,6.3616,3.0605,1.3794,200,15,15,15,135,9,12,12,12,10,15,0,1.0000
155.920000,3140,1.6764,0.263871,0.547691,6.3530,3.0608,1.3913,200,19,19,19,171,9,12,12,12,10,19,0,1.0000
155.970000,3141,1.6890,0.263362,0.547153,6.4134,3.0870,1.4688,200,12,12,12,108,9,12,12,12,10,12,0,1.0000
156.020000,3142,1.6909,0.264196,0.547873,6.4000,3.0862,1.4785,200,10,10,10,90,9,12,12,12,10,10,0,1.0000
156.070000,3143,1.6946,0.265065,0.548596,6.3931,3.0890,1.4692,200,21,21,21,189,9,12,12,12,10,21,0,1.0000
156.120000,3144,1.6962,0.265829,0.549258,6.3807,3.0881,1.4728,200,16,16,16,144,9,12,11,12,10,16,0,1.0000
156.170000,3145,1.6993,0.266175,0.549650,6.3843,3.0917,1.4626,200,17,17,17,153,9,12,12,12,10,17,0,1.0000
156.220000,3146,1.7004,0.267071,0.550374,6.3669,3.0896,1.4700,200,17,17,17,153,9,12,12,12,10,17,0,1.0000
156.270000,3147,1.6991,0.267721,0.550802,6.3467,3.0849,1.4712,200,26,26,26,234,9,12,12,12,10,26,0,1.0000
156.320000,3148,1.6942,0.268516,0.551417,6.3096,3.0725,1.4987,200,13,13,13,117,9,12,12,12,10,13,0,1.0000
156.370000,3149,1.6919,0.268743,0.551499,6.2957,3.0679,1.4588,200,25,25,25,225,9,12,12,12,10,25,0,1.0000
156.420000,3150,1.6915,0.269711,0.552265,6.2714,3.0628,1.4610,200,9,9,9,81,9,12,12,12,10,9,0,1.0000
156.470000,3151,1.6884,0.270615,0.553015,6.2391,3.0531,1.4508,200,15,15,15,135,9,12,12,12,10,15,0,1.0000
156.520000,3152,1.6824,0.271511,0.553745,6.1963,3.0382,1.4728,200,19,19,19,171,9,12,12,12,10,19,0,1.0000
156.570000,3153,1.6805,0.272415,0.554535,6.1689,3.0305,1.4471,200,12,12,12,108,9,12,12,12,10,12,0,1.0000
156.620000,3154,1.6794,0.273295,0.555298,6.1452,3.0244,1.4544,200,9,9,9,81,9,12,12,12,10,9,0,1.0000
156.670000,3155,1.6806,0.274052,0.555956,6.1324,3.0229,1.4527,200,21,21,21,189,9,12,12,12,10,21,0,1.0000
156.720000,3156,1.6802,0.274240,0.555985,6.1266,3.0219,1.4468,200,17,17,17,153,9,12,12,12,10,17,0,1.0000
156.770000,3157,1.6871,0.273924,0.555946,6.1589,3.0346,1.4692,200,17,17,17,153,9,12,12,12,10,17,0,1.0000
156.820000,3158,1.6908,0.274718,0.556573,6.1548,3.0379,1.4760,200,17,17,17,153,9,12,12,12,10,17,0,1.0000
156.870000,3159,1.6981,0.275148,0.556847,6.1714,3.0494,1.4582,200,26,26,26,234,9,12,12,12,10,26,0,1.0000
156.920000,3160,1.7013,0.275972,0.557562,6.1646,3.0513,1.4725,200,13,13,13,117,9,12,12,12,10,13,0,1.0000
156.970000,3161,1.7079,0.276034,0.557685,6.1873,3.0625,1.4798,200,25,25,25,225,9,12,12,12,10,25,0,1.0000
157.020000,3162,1.7094,0.277007,0.558542,6.1709,3.0604,1.4775,200,9,9,9,81,9,12,12,12,10,9,0,1.0000
157.070000,3163,1.7129,0.277783,0.559278,6.1664,3.0627,1.4878,200,15,15,15,135,9,12,12,12,10,15,0,1.0000
157.120000,3164,1.7102,0.277625,0.559362,6.1602,3.0574,1.4672,200,19,19,19,171,9,12,12,12,10,19,0,1.0000
157.170000,3165,1.7044,0.278168,0.559926,6.1271,3.0439,1.4629,200,12,12,12,108,9,12,12,12,10,12,0,1.0000
157.220000,3166,1.6966,0.278578,0.560399,6.0904,3.0276,1.4619,200,9,9,9,81,9,12,12,12,10,9,0,1.0000
157.270000,3167,1.6861,0.278678,0.560681,6.0505,3.0073,1.4388,200,21,21,21,189,9,12,12,12,10,21,0,1.0000
157.320000,3168,1.6632,0.277201,0.559287,5.9999,2.9737,1.4054,200,17,17,17,153,9,12,12,12,10,17,0,1.0000
157.370000,3169,1.6610,0.276521,0.558558,6.0068,2.9737,1.4090,200,17,17,17,153,9,12,12,12,10,17,0,1.0000
157.420000,3170,1.6639,0.276966,0.558901,6.0076,2.9771,1.4210,200,17,17,17,153,9,12,12,12,10,17,0,1.0000
157.470000,3171,1.6610,0.274694,0.556774,6.0466,2.9832,1.4149,200,26,26,26,234,9,12,12,12,10,26,0,1.0000
157.520000,3172,1.6653,0.275095,0.557207,6.0534,2.9886,1.4234,200,13,13,13,117,9,12,12,12,10,13,0,1.0000
157.570000,3173,1.6686,0.275100,0.556936,6.0655,2.9961,1.4343,200,25,25,25,225,9,12,12,12,10,25,0,1.0000
157.620000,3174,1.6715,0.275728,0.557475,6.0620,2.9983,1.4427,200,9,9,9,81,9,12,12,12,10,9,0,1.0000
157.670000,3175,1.6746,0.275876,0.557580,6.0701,3.0033,1.4402,200,15,15,15,135,9,12,12,12,10,15,0,1.0000
157.720000,3176,1.6817,0.276100,0.557855,6.0908,3.0145,1.4507,200,19,19,19,171,9,12,12,12,10,19,0,1.0000
157.770000,3177,1.6824,0.276683,0.558368,6.0807,3.0131,1.4528,200,12,12,12,108,9,12,12,12,10,12,0,1.0000
157.820000,3178,1.6823,0.276860,0.558563,6.0762,3.0118,1.3591,200,9,9,9,81,9,12,12,12,10,9,0,1.0000
157.870000,3179,1.6883,0.276740,0.558751,6.1008,3.0216,1.4627,200,21,21,21,189,9,12,12,12,10,21,0,1.0000
157.920000,3180,1.6926,0.275456,0.557774,6.1448,3.0346,1.4520,200,17,17,17,153,9,12,12,12,10,17,0,1.0000
157.970000,3181,1.7058,0.256380,0.544761,6.6535,3.1313,1.4312,200,17,17,17,153,9,12,12,12,10,17,0,1.0000
158.020000,3182,1.7059,0.255713,0.543985,6.6710,3.1359,1.3569,200,17,17,17,153,9,12,12,12,10,17,0,1.0000
158.070000,3183,1.7064,0.253425,0.541162,6.7332,3.1532,1.4965,200,26,26,26,234,9,12,12,12,10,26,0,1.0000
158.120000,3184,1.7103,0.252286,0.539750,6.7792,3.1687,1.4289,200,13,13,13,117,9,12,12,12,10,12,1,0.9231
158.170000,3185,1.7060,0.251796,0.539259,6.7754,3.1636,1.4851,200,25,25,25,225,9,12,12,12,10,25,0,1.0000
158.220000,3186,1.7035,0.251867,0.539418,6.7636,3.1581,1.4761,200,9,9,9,81,9,12,12,12,10,9,0,1.0000
158.270000,3187,1.6993,0.251907,0.539544,6.7456,3.1494,1.4528,200,15,15,15,135,9,12,12,12,10,15,0,1.0000
158.320000,3188,1.6950,0.251964,0.539684,6.7273,3.1408,1.2356,200,19,19,19,171,9,12,12,12,10,19,0,1.0000
158.370000,3189,1.6906,0.252045,0.539863,6.7075,3.1315,1.4168,200,12,12,12,108,9,12,12,12,10,12,0,1.0000
158.420000,3190,1.6661,0.251020,0.538545,6.6375,3.0938,1.3205,200,10,10,9,88,9,12,12,12,10,10,0,1.0000
158.470000,3191,1.6623,0.251075,0.538692,6.6206,3.0857,1.1739,200,22,22,21,196,9,12,12,12,10,22,0,1.0000
158.520000,3192,1.6536,0.250897,0.538519,6.5906,3.0706,1.0788,200,17,17,17,153,9,12,12,12,10,17,0,1.0000
158.570000,3193,1.6491,0.250945,0.538665,6.5717,3.0615,1.2960,200,17,17,17,153,9,12,12,12,10,17,0,1.0000
158.620000,3194,1.6462,0.250995,0.538815,6.5589,3.0553,1.2926,200,17,17,17,153,9,12,12,12,10,17,0,1.0000
158.670000,3195,1.6430,0.251037,0.538947,6.5447,3.0485,1.3062,200,26,26,25,228,9,12,12,12,10,26,0,1.0000
158.720000,3196,1.6396,0.251091,0.539098,6.5299,3.0414,1.3323,200,12,12,12,108,9,12,12,12,10,12,0,1.0000
158.770000,3197,1.6362,0.251141,0.539236,6.5151,3.0343,1.3409,200,25,25,25,225,9,12,12,12,10,25,0,1.0000
158.820000,3198,1.6344,0.251196,0.539392,6.5063,3.0300,1.2984,200,9,9,9,81,9,12,12,12,10,9,0,1.0000
158.870000,3199,1.6304,0.251248,0.539541,6.4892,3.0218,1.3794,200,15,15,15,135,9,12,12,12,10,15,0,1.0000
158.920000,3200,1.6275,0.251297,0.539682,6.4766,3.0158,1.3914,200,19,19,19,171,9,12,12,12,10,19,0,1.0000
158.970000,3201,1.6249,0.251350,0.539836,6.4645,3.0099,1.3935,200,12,12,12,108,9,12,12,12,10,12,0,1.0000
159.020000,3202,1.6234,0.251399,0.539987,6.4573,3.0063,1.3822,200,10,10,10,90,9,12,11,12,10,9,1,0.9000
159.070000,3203,1.6202,0.251433,0.540119,6.4438,2.9997,1.4127,200,22,22,22,198,9,12,12,12,10,22,0,1.0000
159.120000,3204,1.6177,0.251460,0.540250,6.4332,2.9943,1.4138,200,16,16,16,144,9,12,12,12,10,16,0,1.0000
159.170000,3205,1.6148,0.251497,0.540393,6.4209,2.9882,1.4161,200,17,17,17,153,9,12,12,12,10,17,0,1.0000
159.220000,3206,1.6125,0.251532,0.540537,6.4106,2.9831,1.4159,200,17,17,17,153,9,12,12,12,10,17,0,1.0000
159.270000,3207,1.6092,0.251568,0.540680,6.3965,2.9762,1.4065,200,25,25,25,225,9,12,12,12,10,25,0,1.0000
159.320000,3208,1.6071,0.251620,0.540849,6.3870,2.9715,1.4075,200,12,12,12,108,9,12,12,12,10,12,0,1.0000
159.370000,3209,1.6022,0.251662,0.541001,6.3663,2.9615,1.4009,200,25,25,25,225,9,12,12,12,10,25,0,1.0000
159.420000,3210,1.5974,0.251710,0.541157,6.3463,2.9519,1.3992,200,10,10,10,90,9,12,12,12,10,10,0,1.0000
159.470000,3211,1.5944,0.251771,0.541336,6.3328,2.9454,1.4123,200,15,15,15,135,9,12,12,12,10,15,0,1.0000
159.520000,3212,1.5923,0.251838,0.541518,6.3229,2.9405,1.4288,200,19,19,19,171,9,12,12,12,10,19,0,1.0000
159.570000,3213,1.5882,0.251911,0.541712,6.3044,2.9317,1.3923,200,12,12,12,108,9,12,12,12,10,12,0,1.0000
159.620000,3214,1.5843,0.251970,0.541868,6.2876,2.9238,1.4056,200,10,10,10,90,9,12,12,12,10,10,0,1.0000
159.670000,3215,1.5807,0.252051,0.542070,6.2712,2.9160,1.3871,200,22,22,22,198,9,12,12,12,10,22,0,1.0000
159.720000,3216,1.5771,0.252112,0.542217,6.2556,2.9086,1.3834,200,16,16,16,144,9,12,12,12,10,16,0,1.0000
159.770000,3217,1.5748,0.252192,0.542408,6.2446,2.9034,1.3926,200,17,17,17,153,9,12,12,12,10,17,0,1.0000
159.820000,3218,1.5730,0.252278,0.542609,6.2353,2.8990,1.3623,200,17,17,17,153,9,12,12,12,10,17,0,1.0000
159.870000,3219,1.5711,0.252357,0.542776,6.2257,2.8945,1.3703,200,25,25,25,225,9,12,12,12,10,25,0,1.0000
159.920000,3220,1.5683,0.252456,0.543002,6.2122,2.8882,1.3604,200,12,12,12,108,9,12,12,12,10,12,0,1.0000
159.970000,3221,1.5667,0.252530,0.543130,6.2039,2.8845,1.3454,200,25,25,25,225,9,12,12,12,10,25,0,1.0000
160.020000,3222,1.5638,0.252623,0.543331,6.1901,2.8781,1.3431,200,10,10,10,90,9,12,12,12,10,10,0,1.0000
160.070000,3223,1.5599,0.252723,0.543548,6.1726,2.8699,1.3290,200,15,15,15,135,9,12,12,12,10,15,0,1.0000
160.120000,3224,1.5574,0.252824,0.543779,6.1599,2.8640,1.3161,200,19,19,19,171,9,12,12,12,10,19,0,1.0000
160.170000,3225,1.5549,0.252940,0.544030,6.1474,2.8582,1.3083,200,12,12,12,108,9,12,12,12,10,12,0,1.0000
160.220000,3226,1.5509,0.253048,0.544239,6.1291,2.8498,1.2636,200,10,10,10,90,9,12,12,12,10,10,0,1.0000
160.270000,3227,1.5477,0.253175,0.544500,6.1132,2.8424,1.3123,200,22,22,22,198,9,12,12,12,10,22,0,1.0000
160.320000,3228,1.5463,0.253297,0.544681,6.1048,2.8389,1.2457,200,16,16,16,144,9,12,12,12,10,16,0,1.0000
160.370000,3229,1.5435,0.253446,0.544937,6.0902,2.8325,1.2965,200,17,17,17,153,9,12,12,12,10,17,0,1.0000
160.420000,3230,1.5414,0.253606,0.545210,6.0778,2.8271,1.2947,200,17,17,17,153,9,12,12,12,10,17,0,1.0000
160.470000,3231,1.5440,0.253768,0.545409,6.0843,2.8309,1.2931,200,25,25,25,225,9,12,12,12,10,25,0,1.0000
160.520000,3232,1.5446,0.253957,0.545709,6.0820,2.8304,1.2443,200,12,12,12,108,9,12,12,12,10,12,0,1.0000
160.570000,3233,1.5462,0.254087,0.545726,6.0851,2.8332,1.2623,200,25,25,25,225,9,12,12,12,10,25,0,1.0000
160.620000,3234,1.5485,0.254279,0.545953,6.0898,2.8363,1.2497,200,10,10,10,90,9,12,12,12,10,10,0,1.0000
160.670000,3235,1.5556,0.254472,0.546179,6.1130,2.8481,1.2616,200,15,15,15,135,9,12,12,12,10,15,0,1.0000
160.720000,3236,1.5626,0.254673,0.546419,6.1357,2.8597,1.2121,200,19,19,19,171,9,12,12,12,10,19,0,1.0000
160.770000,3237,1.5662,0.254897,0.546719,6.1443,2.8646,1.2499,200,12,12,12,108,9,12,12,12,10,12,0,1.0000
160.820000,3238,1.5699,0.255117,0.546975,6.1535,2.8701,1.2519,200,10,10,10,90,9,12,12,12,10,10,0,1.0000
160.870000,3239,1.5723,0.255330,0.547266,6.1578,2.8729,1.2395,200,22,22,22,198,9,12,12,12,10,22,0,1.0000
160.920000,3240,1.5566,0.255383,0.547051,6.0952,2.8454,1.2059,200,16,16,16,144,9,12,12,12,10,16,0,1.0000
160.970000,3241,1.5596,0.255585,0.547293,6.1020,2.8496,1.2060,200,17,17,17,153,9,12,12,12,10,17,0,1.0000
161.020000,3242,1.5597,0.255802,0.547578,6.0973,2.8484,1.2021,200,17,17,17,153,9,12,12,12,10,17,0,1.0000
161.070000,3243,1.5547,0.256007,0.547770,6.0728,2.8382,1.1944,200,25,25,25,225,9,12,12,12,10,25,0,1.0000
161.120000,3244,1.5552,0.256241,0.548086,6.0692,2.8375,1.1865,200,12,12,12,108,9,12,12,12,10,12,0,1.0000
161.170000,3245,1.5465,0.256426,0.548167,6.0311,2.8213,1.1737,200,25,25,25,225,9,12,12,12,10,25,0,1.0000
161.220000,3246,1.5438,0.256668,0.548448,6.0146,2.8148,1.1749,200,11,11,10,95,9,12,12,12,10,11,0,1.0000
161.270000,3247,1.5438,0.256879,0.548715,6.0098,2.8135,1.1786,200,15,15,15,135,9,12,12,12,10,15,0,1.0000
161.320000,3248,1.5468,0.257065,0.548979,6.0172,2.8176,1.1909,200,19,19,19,171,9,12,12,12,10,19,0,1.0000
161.370000,3249,1.5483,0.257314,0.549301,6.0173,2.8187,1.1908,200,12,12,12,108,9,12,12,12,10,12,0,1.0000
161.420000,3250,1.5481,0.257584,0.549594,6.0100,2.8168,1.1897,200,10,10,10,90,9,12,12,12,10,10,0,1.0000
161.470000,3251,1.5482,0.257804,0.549884,6.0055,2.8156,1.1828,200,22,22,22,198,9,12,12,12,10,22,0,1.0000
161.520000,3252,1.5318,0.257915,0.549695,5.9392,2.7866,1.1699,200,16,16,16,144,9,12,12,12,10,16,0,1.0000
161.570000,3253,1.5299,0.258185,0.549957,5.9255,2.7818,1.1288,200,16,16,16,144,9,12,12,12,10,16,0,1.0000
161.620000,3254,1.5273,0.258458,0.550224,5.9093,2.7758,1.1217,200,17,17,17,153,9,12,12,12,10,17,0,1.0000
161.670000,3255,1.5205,0.258709,0.550389,5.8774,2.7627,1.0981,200,25,25,25,225,9,12,12,12,10,25,0,1.0000
161.720000,3256,1.5208,0.259012,0.550716,5.8714,2.7614,1.0945,200,12,12,12,108,9,12,12,12,10,12,0,1.0000
161.770000,3257,1.5065,0.259215,0.550720,5.8119,2.7356,1.0474,200,25,25,25,225,9,12,12,12,10,25,0,1.0000
161.820000,3258,1.4993,0.259470,0.550878,5.7783,2.7216,1.0220,200,11,11,11,99,9,12,12,12,10,11,0,1.0000
161.870000,3259,1.4976,0.259766,0.551133,5.7652,2.7173,0.9932,200,15,15,15,135,9,12,12,12,10,15,0,1.0000
161.920000,3260,1.4987,0.260026,0.551346,5.7635,2.7182,0.9685,200,19,19,19,171,9,12,12,12,10,19,0,1.0000
161.970000,3261,1.4999,0.260345,0.551632,5.7611,2.7190,0.9755,200,12,12,12,108,9,12,12,12,10,12,0,1.0000
162.020000,3262,1.4912,0.259575,0.550533,5.7449,2.7087,0.9411,200,10,10,10,90,9,12,12,12,10,10,0,1.0000
162.070000,3263,1.4915,0.259761,0.550710,5.7419,2.7084,0.9089,200,22,22,22,198,9,12,12,12,10,22,0,1.0000
162.120000,3264,1.4884,0.259996,0.550872,5.7248,2.7020,0.8845,200,16,16,16,144,9,12,12,12,10,16,0,1.0000
162.170000,3265,1.4868,0.260253,0.551118,5.7127,2.6977,0.8680,200,16,16,16,144,9,12,12,12,10,16,0,1.0000
162.220000,3266,1.4844,0.260510,0.551384,5.6981,2.6922,0.8160,200,17,17,17,153,9,12,12,12,10,17,0,1.0000
162.270000,3267,1.4803,0.260727,0.551597,5.6777,2.6837,0.8022,200,25,25,25,225,9,12,12,12,10,25,0,1.0000
162.320000,3268,1.4817,0.260992,0.551893,5.6772,2.6848,0.7564,200,12,12,12,108,9,12,12,12,10,12,0,1.0000
162.370000,3269,1.4696,0.261194,0.552025,5.6264,2.6622,0.7920,200,25,25,25,225,9,12,12,12,10,25,0,1.0000
162.420000,3270,1.4675,0.261452,0.552301,5.6131,2.6571,0.7936,200,11,11,11,99,9,12,12,12,10,11,0,1.0000
162.470000,3271,1.4685,0.261662,0.552564,5.6121,2.6576,0.8204,200,15,15,15,135,9,12,12,12,10,15,0,1.0000
162.520000,3272,1.4718,0.261828,0.552810,5.6211,2.6623,0.8245,200,19,19,19,171,9,12,12,12,10,19,0,1.0000
162.570000,3273,1.4730,0.262085,0.553103,5.6205,2.6632,0.8247,200,12,12,12,108,9,12,12,12,10,12,0,1.0000
162.620000,3274,1.4739,0.262362,0.553391,5.6178,2.6634,0.8287,200,10,10,10,90,9,12,12,12,10,10,0,1.0000
162.670000,3275,1.4774,0.262554,0.553622,5.6270,2.6686,0.8395,200,22,22,22,198,9,12,12,12,10,22,0,1.0000
162.720000,3276,1.4794,0.262801,0.553818,5.6294,2.6713,0.8067,200,16,16,16,144,9,12,12,12,10,16,0,1.0000
162.770000,3277,1.4851,0.263037,0.553991,5.6458,2.6807,0.8080,200,16,16,16,144,9,12,12,12,10,16,0,1.0000
162.820000,3278,1.4923,0.263257,0.554100,5.6686,2.6932,0.8156,200,17,17,17,153,9,12,12,12,10,17,0,1.0000
162.870000,3279,1.4995,0.263368,0.553932,5.6934,2.7069,0.7938,200,25,25,25,225,9,12,12,12,10,25,0,1.0000
162.920000,3280,1.5025,0.263614,0.554085,5.6997,2.7117,0.7948,200,12,12,12,108,9,12,12,12,10,12,0,1.0000
162.970000,3281,1.5107,0.263562,0.553680,5.7319,2.7285,0.7807,200,25,25,25,225,9,12,12,12,10,25,0,1.0000
163.020000,3282,1.5258,0.262793,0.553298,5.8063,2.7577,0.8078,200,10,10,10,90,9,12,12,12,10,10,0,1.0000
163.070000,3283,1.5347,0.262188,0.552991,5.8535,2.7753,0.8626,200,16,16,16,144,9,12,12,12,10,16,0,1.0000
163.120000,3284,1.5373,0.262242,0.553074,5.8621,2.7796,0.8790,200,19,19,19,171,9,12,12,12,10,19,0,1.0000
163.170000,3285,1.5403,0.262420,0.553270,5.8695,2.7839,0.8759,200,12,12,12,108,9,12,12,12,10,12,0,1.0000
163.220000,3286,1.5472,0.262117,0.553214,5.9027,2.7968,0.8682,200,10,10,10,90,9,12,12,12,10,10,0,1.0000
163.270000,3287,1.5516,0.262111,0.553337,5.9198,2.8042,0.8543,200,22,22,22,198,9,12,12,12,10,22,0,1.0000
163.320000,3288,1.5560,0.262237,0.553505,5.9336,2.8112,0.8413,200,16,16,16,144,9,12,12,12,10,16,0,1.0000
163.370000,3289,1.5531,0.262385,0.553707,5.9190,2.8048,0.8801,200,16,16,16,144,9,12,12,12,10,16,0,1.0000
163.420000,3290,1.5500,0.262555,0.553926,5.9035,2.7982,0.8479,200,17,17,17,153,9,12,12,12,10,17,0,1.0000
163.470000,3291,1.5500,0.262649,0.554075,5.9015,2.7975,0.8578,200,26,26,25,228,9,12,12,12,10,26,0,1.0000
163.520000,3292,1.5535,0.262844,0.554314,5.9104,2.8026,0.8609,200,12,12,12,108,9,12,12,12,10,12,0,1.0000
163.570000,3293,1.5430,0.262978,0.554418,5.8673,2.7830,0.8528,200,25,25,25,225,9,12,12,12,10,25,0,1.0000
163.620000,3294,1.5394,0.263161,0.554606,5.8497,2.7757,0.8531,200,10,10,10,90,9,12,12,12,10,10,0,1.0000
163.670000,3295,1.5381,0.263323,0.554744,5.8412,2.7727,0.8481,200,17,17,16,152,9,12,12,12,10,17,0,1.0000
163.720000,3296,1.5411,0.263500,0.554922,5.8487,2.7772,0.8284,200,19,19,19,171,9,12,12,12,10,19,0,1.0000
163.770000,3297,1.5435,0.263755,0.555174,5.8519,2.7801,0.8468,200,12,12,12,108,9,12,12,12,10,12,0,1.0000
163.820000,3298,1.5416,0.263972,0.555335,5.8400,2.7760,0.8652,200,10,10,10,90,9,12,12,12,10,10,0,1.0000
163.870000,3299,1.5420,0.264083,0.555510,5.8389,2.7758,0.8326,200,21,21,21,189,9,12,12,12,10,21,0,1.0000
163.920000,3300,1.5483,0.264253,0.555652,5.8591,2.7864,0.8150,200,16,16,15,144,9,12,12,12,10,16,0,1.0000
163.970000,3301,1.5457,0.264405,0.555799,5.8459,2.7810,0.8214,200,17,17,16,152,9,12,12,12,10,17,0,1.0000
164.020000,3302,1.5425,0.264634,0.556049,5.8288,2.7740,0.7805,200,17,17,17,153,9,12,12,12,10,17,0,1.0000
164.070000,3303,1.5402,0.264753,0.556214,5.8176,2.7691,0.8104,200,26,26,26,234,9,12,10,12,10,26,0,1.0000
164.120000,3304,1.5441,0.264976,0.556511,5.8271,2.7745,0.8237,200,12,12,12,108,9,12,12,12,10,12,0,1.0000
164.170000,3305,1.5374,0.265112,0.556730,5.7991,2.7615,0.8034,200,23,23,23,207,9,12,12,12,10,23,0,1.0000
164.220000,3306,1.5319,0.265312,0.556971,5.7741,2.7505,0.8122,200,11,11,10,98,9,12,12,12,10,11,0,1.0000
164.270000,3307,1.5290,0.265409,0.557122,5.7610,2.7445,0.8219,200,18,18,17,159,9,12,12,12,10,18,0,1.0000
164.320000,3308,1.5318,0.265585,0.557371,5.7677,2.7483,0.8366,200,19,19,19,171,9,12,12,12,10,19,0,1.0000
164.370000,3309,1.5320,0.265860,0.557692,5.7624,2.7470,0.8255,200,12,12,12,108,9,12,12,12,10,12,0,1.0000
164.420000,3310,1.5262,0.265927,0.557838,5.7392,2.7359,0.8138,200,9,9,9,81,9,12,12,12,10,9,0,1.0000
164.470000,3311,1.5298,0.266016,0.558050,5.7507,2.7413,0.8194,200,21,21,21,189,9,12,12,12,10,21,0,1.0000
164.520000,3312,1.5361,0.266164,0.558267,5.7714,2.7516,0.8518,200,16,16,16,144,9,12,12,12,10,16,0,1.0000
164.570000,3313,1.5365,0.265353,0.557988,5.7904,2.7536,0.8401,200,16,16,16,144,9,12,12,12,10,16,0,1.0000
164.620000,3314,1.5396,0.265578,0.558246,5.7972,2.7579,0.8155,200,17,17,17,153,9,12,12,12,10,17,0,1.0000
164.670000,3315,1.5472,0.265446,0.558223,5.8288,2.7717,0.8297,200,26,26,26,234,9,12,12,12,10,26,0,1.0000
164.720000,3316,1.5506,0.265671,0.558456,5.8367,2.7766,0.8018,200,12,12,12,108,9,12,12,12,10,12,0,1.0000
164.770000,3317,1.5578,0.265709,0.558335,5.8630,2.7902,0.7889,200,23,23,23,207,9,12,12,12,10,23,0,1.0000
164.820000,3318,1.5820,0.264896,0.557840,5.9722,2.8359,0.8217,200,12,12,11,102,9,12,12,12,10,12,0,1.0000
164.870000,3319,1.5875,0.264433,0.557193,6.0033,2.8490,0.8570,200,18,18,18,162,9,12,12,12,10,18,0,1.0000
164.920000,3320,1.5894,0.264459,0.556841,6.0102,2.8544,0.8527,200,19,19,19,171,9,12,12,12,10,19,0,1.0000
164.970000,3321,1.5911,0.264629,0.556710,6.0127,2.8581,0.8482,200,12,12,12,108,9,12,12,12,10,12,0,1.0000
165.020000,3322,1.6133,0.263352,0.555776,6.1261,2.9028,0.8551,200,9,9,9,81,9,12,12,12,10,9,0,1.0000
165.070000,3323,1.6090,0.263347,0.555214,6.1099,2.8980,0.9250,200,21,21,21,189,9,12,12,12,10,21,0,1.0000
165.120000,3324,1.6018,0.263497,0.554846,6.0789,2.8869,0.9052,200,16,16,16,144,9,12,12,12,10,16,0,1.0000
165.170000,3325,1.6037,0.262897,0.554212,6.1002,2.8937,0.9153,200,16,16,16,144,9,12,12,12,10,16,0,1.0000
165.220000,3326,1.6048,0.262918,0.553787,6.1038,2.8978,0.8973,200,17,17,17,153,9,12,12,12,10,17,0,1.0000
165.270000,3327,1.5989,0.263080,0.553547,6.0774,2.8884,0.8909,200,25,25,25,225,9,12,12,12,10,25,0,1.0000
165.320000,3328,1.5919,0.263278,0.553613,6.0464,2.8754,0.8897,200,13,13,12,114,9,12,12,12,10,13,0,1.0000
165.370000,3329,1.5854,0.263415,0.553605,6.0187,2.8638,0.8764,200,23,23,23,207,9,12,12,12,10,23,0,1.0000
165.420000,3330,1.5768,0.263520,0.553635,5.9835,2.8480,0.8381,200,13,13,13,117,9,12,11,12,10,13,0,1.0000
165.470000,3331,1.5735,0.263510,0.553561,5.9714,2.8425,0.8263,200,17,17,17,153,9,12,12,12,10,17,0,1.0000
165.520000,3332,1.5731,0.263721,0.553669,5.9649,2.8412,0.8583,200,19,19,19,171,9,12,12,12,10,19,0,1.0000
165.570000,3333,1.5752,0.264003,0.553822,5.9666,2.8442,0.8305,200,13,13,12,111,9,12,12,12,10,13,0,1.0000
165.620000,3334,1.5766,0.264271,0.553961,5.9659,2.8461,0.8062,200,8,8,8,72,9,12,12,12,10,8,0,1.0000
165.670000,3335,1.5777,0.264540,0.554108,5.9641,2.8474,0.7699,200,21,21,21,189,9,12,12,12,10,21,0,1.0000
165.720000,3336,1.5770,0.264814,0.554240,5.9551,2.8453,0.7702,200,16,16,16,144,9,12,12,12,10,16,0,1.0000
165.770000,3337,1.5785,0.264873,0.554275,5.9594,2.8479,0.7617,200,16,16,16,144,9,12,12,12,10,16,0,1.0000
165.820000,3338,1.5772,0.265200,0.554441,5.9472,2.8447,0.7630,200,17,17,17,153,9,12,12,12,10,17,0,1.0000
165.870000,3339,1.5773,0.265517,0.554594,5.9406,2.8441,0.7639,200,25,25,25,225,9,12,12,12,10,25,0,1.0000
165.920000,3340,1.5774,0.265847,0.554756,5.9334,2.8434,0.8085,200,13,13,13,117,9,12,12,12,10,13,0,1.0000
165.970000,3341,1.5767,0.266120,0.554873,5.9246,2.8415,0.7672,200,24,24,23,216,9,12,12,12,10,24,0,1.0000
166.020000,3342,1.5759,0.266387,0.554996,5.9160,2.8396,0.8619,200,12,12,12,108,9,12,12,12,10,12,0,1.0000
166.070000,3343,1.5775,0.266050,0.554799,5.9292,2.8433,0.8369,200,17,17,17,153,9,12,12,12,10,17,0,1.0000
166.120000,3344,1.5783,0.266368,0.554949,5.9253,2.8441,0.8246,200,18,18,18,162,9,12,12,12,10,18,0,1.0000
166.170000,3345,1.5789,0.266644,0.555082,5.9212,2.8444,0.8253,200,13,13,13,117,9,12,12,12,10,13,0,1.0000
166.220000,3346,1.5794,0.266932,0.555223,5.9167,2.8445,0.7977,200,8,8,8,72,9,12,12,12,10,8,0,1.0000
166.270000,3347,1.5799,0.267229,0.555366,5.9121,2.8448,0.7985,200,21,21,21,189,9,12,12,12,10,21,0,1.0000
166.320000,3348,1.5799,0.267470,0.555478,5.9067,2.8442,0.7961,200,16,16,16,144,9,12,12,12,10,16,0,1.0000
166.370000,3349,1.5807,0.267723,0.555596,5.9042,2.8450,0.8079,200,16,16,16,144,9,12,12,12,10,16,0,1.0000
166.420000,3350,1.5810,0.267970,0.555706,5.8999,2.8450,0.8014,200,17,17,17,153,9,12,12,12,10,17,0,1.0000
166.470000,3351,1.5814,0.268211,0.555811,5.8960,2.8451,0.7860,200,25,25,25,225,9,12,12,12,10,25,0,1.0000
166.520000,3352,1.5816,0.268484,0.555937,5.8907,2.8448,0.7975,200,13,13,13,117,9,12,12,12,10,13,0,1.0000
166.570000,3353,1.5841,0.268666,0.556006,5.8960,2.8490,0.7837,200,23,23,23,207,9,12,12,12,10,23,0,1.0000
166.620000,3354,1.5857,0.268391,0.555840,5.9080,2.8527,0.7831,200,12,12,12,108,9,12,12,12,10,12,0,1.0000
166.670000,3355,1.5881,0.268526,0.555868,5.9143,2.8570,0.7562,200,18,18,18,162,9,12,12,12,10,18,0,1.0000
166.720000,3356,1.5892,0.268796,0.555983,5.9122,2.8583,0.7473,200,18,18,18,162,9,12,12,12,10,18,0,1.0000
166.770000,3357,1.5906,0.269087,0.556108,5.9110,2.8602,0.7430,200,13,13,13,117,9,12,12,12,10,13,0,1.0000
166.820000,3358,1.5910,0.269359,0.556220,5.9066,2.8604,0.7146,200,8,8,8,72,9,12,12,12,10,8,0,1.0000
166.870000,3359,1.5935,0.269639,0.556338,5.9097,2.8642,0.7197,200,21,21,21,189,9,12,12,12,10,21,0,1.0000
166.920000,3360,1.5952,0.269897,0.556443,5.9104,2.8668,0.6935,200,16,16,16,144,9,12,12,12,10,16,0,1.0000
166.970000,3361,1.5974,0.270055,0.556497,5.9152,2.8705,0.6849,200,16,16,16,144,9,12,12,12,10,16,0,1.0000
167.020000,3362,1.5976,0.270300,0.556588,5.9105,2.8703,0.6710,200,18,18,17,161,9,12,12,12,10,18,0,1.0000
167.070000,3363,1.6011,0.270562,0.556689,5.9178,2.8762,0.6344,200,25,25,25,225,9,12,12,12,10,25,0,1.0000
167.120000,3364,1.6050,0.270873,0.556817,5.9252,2.8824,0.6400,200,13,13,13,117,9,12,12,12,10,13,0,1.0000
167.170000,3365,1.6084,0.271084,0.556887,5.9333,2.8882,0.5060,200,24,24,23,210,9,12,12,12,10,24,0,1.0000
167.220000,3366,1.6114,0.270911,0.556757,5.9480,2.8942,0.6215,200,11,11,11,99,9,12,12,12,10,11,0,1.0000
167.270000,3367,1.6146,0.271006,0.556752,5.9579,2.9001,0.6104,200,19,19,18,169,9,12,12,12,10,19,0,1.0000
167.320000,3368,1.6171,0.271295,0.556877,5.9607,2.9039,0.6042,200,18,18,18,162,9,12,12,12,10,18,0,1.0000
167.370000,3369,1.6217,0.271605,0.557018,5.9709,2.9115,0.5822,200,13,13,13,117,9,12,12,12,10,13,0,1.0000
167.420000,3370,1.6255,0.271884,0.557143,5.9785,2.9175,0.5401,200,8,8,8,72,9,12,12,12,10,8,0,1.0000
167.470000,3371,1.6292,0.272171,0.557278,5.9858,2.9234,0.4650,200,21,21,21,189,9,12,12,12,10,21,0,1.0000
167.520000,3372,1.6323,0.272436,0.557402,5.9914,2.9283,0.5392,200,15,15,15,135,9,12,12,12,10,15,0,1.0000
167.570000,3373,1.6363,0.272565,0.557457,6.0035,2.9353,0.5516,200,16,16,16,144,9,12,12,12,10,16,0,1.0000
167.620000,3374,1.6398,0.272822,0.557578,6.0105,2.9409,0.5708,200,17,17,17,153,9,12,12,12,10,17,0,1.0000
167.670000,3375,1.6443,0.273109,0.557717,6.0207,2.9483,0.5632,200,25,25,25,225,9,12,12,12,10,25,0,1.0000
167.720000,3376,1.6504,0.273425,0.557872,6.0362,2.9585,0.5959,200,14,14,13,126,9,12,12,12,10,14,0,1.0000
167.770000,3377,1.6555,0.273717,0.558012,6.0484,2.9669,0.5996,200,24,24,24,216,9,12,12,12,10,24,0,1.0000
167.820000,3378,1.6603,0.273758,0.558015,6.0649,2.9754,0.6284,200,12,12,12,108,9,12,11,12,10,12,0,1.0000
167.870000,3379,1.6664,0.274008,0.558129,6.0814,2.9856,0.5980,200,17,17,17,153,9,12,12,12,10,17,0,1.0000
167.920000,3380,1.6713,0.274345,0.558302,6.0921,2.9936,0.5743,200,18,18,18,162,9,12,12,12,10,18,0,1.0000
167.970000,3381,1.6762,0.274699,0.558488,6.1019,3.0013,0.6110,200,13,13,13,117,9,12,12,12,10,13,0,1.0000
168.020000,3382,1.6808,0.275041,0.558668,6.1110,3.0086,0.6235,200,8,8,8,72,9,12,12,12,10,8,0,1.0000
168.070000,3383,1.6856,0.275363,0.558843,6.1212,3.0161,0.6171,200,21,21,21,189,9,12,12,12,10,21,0,1.0000
168.120000,3384,1.6905,0.275679,0.559016,6.1321,3.0240,0.6386,200,15,15,15,135,9,12,12,12,10,15,0,1.0000
168.170000,3385,1.6943,0.275785,0.559084,6.1436,3.0305,0.6263,200,16,16,16,144,9,12,12,12,10,16,0,1.0000
168.220000,3386,1.6996,0.276114,0.559277,6.1555,3.0390,0.6645,200,17,17,17,153,9,12,12,12,10,17,0,1.0000
168.270000,3387,1.7043,0.276424,0.559462,6.1657,3.0464,0.6511,200,25,25,25,225,9,12,12,12,10,25,0,1.0000
168.320000,3388,1.7093,0.276774,0.559675,6.1758,3.0541,0.6617,200,13,13,13,117,9,12,12,12,10,13,0,1.0000
168.370000,3389,1.7145,0.277079,0.559865,6.1878,3.0624,0.6519,200,25,25,25,225,9,12,12,12,10,25,0,1.0000
168.420000,3390,1.7180,0.277018,0.559861,6.2017,3.0686,0.6408,200,12,12,12,108,9,12,12,12,10,12,0,1.0000
168.470000,3391,1.7204,0.277328,0.560056,6.2033,3.0718,0.6379,200,17,17,17,153,9,12,12,12,10,17,0,1.0000
168.520000,3392,1.7231,0.277663,0.560277,6.2058,3.0755,0.6953,200,18,18,18,162,9,12,12,12,10,18,0,1.0000
168.570000,3393,1.7238,0.277967,0.560487,6.2013,3.0755,0.7176,200,13,13,13,117,9,12,12,12,10,13,0,1.0000
168.620000,3394,1.7252,0.278339,0.560735,6.1982,3.0767,0.7413,200,8,8,8,72,9,12,12,12,10,8,0,1.0000
168.670000,3395,1.7234,0.278522,0.560872,6.1878,3.0728,0.7721,200,21,21,21,189,9,12,12,12,10,21,0,1.0000
168.720000,3396,1.7217,0.278764,0.561043,6.1763,3.0688,0.7790,200,16,16,15,142,9,12,12,12,10,16,0,1.0000
168.770000,3397,1.7122,0.278054,0.560688,6.1576,3.0537,0.7981,200,16,16,16,144,9,12,12,12,10,16,0,1.0000
168.820000,3398,1.7114,0.278215,0.560805,6.1512,3.0516,0.8703,200,17,17,17,153,9,12,12,12,10,17,0,1.0000
168.870000,3399,1.7090,0.278362,0.560919,6.1396,3.0468,0.8980,200,25,25,25,225,9,12,12,12,10,25,0,1.0000
168.920000,3400,1.7096,0.278615,0.561104,6.1361,3.0469,0.9169,200,13,13,13,117,9,12,12,12,10,13,0,1.0000
168.970000,3401,1.7082,0.278798,0.561244,6.1269,3.0435,0.9207,200,24,24,24,216,9,12,12,12,10,24,0,1.0000
169.020000,3402,1.7005,0.277299,0.560448,6.1325,3.0342,0.9257,200,12,12,12,108,9,12,12,12,10,12,0,1.0000
169.070000,3403,1.6995,0.277398,0.560530,6.1266,3.0320,0.9234,200,17,17,17,153,9,12,12,12,10,17,0,1.0000
169.120000,3404,1.6997,0.277642,0.560713,6.1218,3.0313,0.9258,200,18,18,18,162,9,12,12,12,10,18,0,1.0000
169.170000,3405,1.6994,0.277922,0.560925,6.1145,3.0296,0.9220,200,13,13,13,117,9,12,12,12,10,13,0,1.0000
169.220000,3406,1.7001,0.278252,0.561165,6.1100,3.0296,0.9368,200,8,8,8,72,9,12,12,12,10,8,0,1.0000
169.270000,3407,1.7005,0.278561,0.561395,6.1046,3.0291,0.9270,200,21,21,21,189,9,12,12,12,10,21,0,1.0000
169.320000,3408,1.7007,0.278851,0.561620,6.0988,3.0281,0.9431,200,16,16,16,144,9,12,12,12,10,16,0,1.0000
169.370000,3409,1.7009,0.278870,0.561699,6.0994,3.0282,0.9399,200,16,16,16,144,9,12,12,12,10,16,0,1.0000
169.420000,3410,1.7010,0.279019,0.561844,6.0963,3.0275,0.9325,200,17,17,17,153,9,12,12,12,10,17,0,1.0000
169.470000,3411,1.7005,0.279216,0.562013,6.0902,3.0257,0.9200,200,25,25,25,225,9,12,12,12,10,25,0,1.0000
169.520000,3412,1.6999,0.279582,0.562286,6.0802,3.0232,0.9095,200,13,13,13,117,9,12,12,12,10,13,0,1.0000
169.570000,3413,1.6967,0.279430,0.562194,6.0720,3.0180,0.8919,200,24,24,24,216,9,12,12,12,10,24,0,1.0000
169.620000,3414,1.6901,0.277673,0.561219,6.0866,3.0115,0.8359,200,12,12,12,108,9,12,12,12,10,12,0,1.0000
169.670000,3415,1.6821,0.276470,0.560428,6.0842,3.0015,0.7530,200,17,17,17,153,9,12,12,12,10,17,0,1.0000
169.720000,3416,1.6810,0.276688,0.560578,6.0753,2.9986,0.7608,200,18,18,18,162,9,12,12,12,10,18,0,1.0000
169.770000,3417,1.6806,0.276986,0.560793,6.0675,2.9968,0.7505,200,13,13,13,117,9,12,12,12,10,13,0,1.0000
169.820000,3418,1.6784,0.277191,0.560956,6.0551,2.9921,0.7432,200,8,8,8,72,9,12,12,12,10,8,0,1.0000
169.870000,3419,1.6787,0.277482,0.561171,6.0498,2.9914,0.7171,200,21,21,21,189,9,12,12,12,10,21,0,1.0000
169.920000,3420,1.6769,0.277664,0.561321,6.0393,2.9874,0.6872,200,16,16,16,144,9,12,12,12,10,16,0,1.0000
169.970000,3421,1.6739,0.277322,0.561179,6.0359,2.9828,0.6581,200,16,16,16,144,9,12,12,12,10,16,0,1.0000
170.020000,3422,1.6686,0.277542,0.561362,6.0122,2.9725,0.5952,200,17,17,17,153,9,12,12,12,10,17,0,1.0000
170.070000,3423,1.6676,0.277750,0.561538,6.0041,2.9698,0.5460,200,25,25,25,225,9,12,12,12,10,25,0,1.0000
170.120000,3424,1.6676,0.278049,0.561774,5.9976,2.9685,0.5369,200,13,13,13,117,9,12,12,12,10,13,0,1.0000
170.170000,3425,1.6659,0.278216,0.561923,5.9877,2.9646,0.5127,200,24,24,24,216,9,12,12,12,10,24,0,1.0000
170.220000,3426,1.6646,0.277375,0.561487,6.0012,2.9646,0.5089,200,12,12,12,108,9,12,12,12,10,12,0,1.0000
170.270000,3427,1.6642,0.277337,0.561512,6.0006,2.9637,0.4727,200,17,17,17,153,9,12,12,12,10,17,0,1.0000
170.320000,3428,1.6617,0.277597,0.561724,5.9859,2.9581,0.3839,200,18,18,18,162,9,12,12,12,10,18,0,1.0000
170.370000,3429,1.6641,0.277890,0.561961,5.9882,2.9612,0.4156,200,13,13,13,117,9,12,12,12,10,13,0,1.0000
170.420000,3430,1.6646,0.278151,0.562179,5.9845,2.9610,0.4266,200,8,8,8,72,9,12,12,12,10,8,0,1.0000
170.470000,3431,1.6630,0.278443,0.562411,5.9723,2.9568,0.4238,200,21,21,21,189,9,12,12,12,10,21,0,1.0000
170.520000,3432,1.6604,0.278654,0.562588,5.9585,2.9513,0.4217,200,16,16,16,144,9,12,12,12,10,16,0,1.0000
170.570000,3433,1.6608,0.278539,0.562580,5.9624,2.9520,0.3747,200,16,16,16,144,9,12,12,12,10,16,0,1.0000
170.620000,3434,1.6585,0.278771,0.562765,5.9495,2.9471,0.3420,200,17,17,17,153,9,12,12,12,10,17,0,1.0000
170.670000,3435,1.6581,0.278983,0.562931,5.9433,2.9454,0.2748,200,24,24,24,216,9,12,12,12,10,24,0,1.0000
170.720000,3436,1.6595,0.279253,0.563155,5.9428,2.9469,0.3630,200,13,13,13,117,9,12,12,12,10,13,0,1.0000
170.770000,3437,1.6602,0.279404,0.563285,5.9419,2.9473,0.3516,200,25,25,25,225,9,12,12,12,10,25,0,1.0000
170.820000,3438,1.6602,0.278948,0.563085,5.9516,2.9484,0.3785,200,12,12,12,108,9,12,12,12,10,12,0,1.0000
170.870000,3439,1.6625,0.278961,0.563139,5.9597,2.9523,0.3208,200,17,17,17,153,9,12,12,12,10,17,0,1.0000
170.920000,3440,1.6639,0.279198,0.563357,5.9594,2.9535,0.3478,200,18,18,18,162,9,12,12,12,10,18,0,1.0000
170.970000,3441,1.6653,0.279454,0.563600,5.9590,2.9547,0.2875,200,13,13,13,117,9,12,12,12,10,13,0,1.0000
171.020000,3442,1.6657,0.279688,0.563841,5.9557,2.9543,0.3047,200,8,8,8,72,9,12,12,12,10,8,0,1.0000
171.070000,3443,1.6676,0.279930,0.564088,5.9572,2.9563,0.2865,200,21,21,21,189,9,12,12,12,10,21,0,1.0000
171.120000,3444,1.6692,0.280132,0.564313,5.9588,2.9580,0.2967,200,16,16,16,144,9,12,12,12,10,16,0,1.0000
171.170000,3445,1.6710,0.279941,0.564313,5.9690,2.9611,0.3062,200,16,16,16,144,9,12,12,12,10,16,0,1.0000
171.220000,3446,1.6720,0.280149,0.564548,5.9683,2.9617,0.3212,200,17,17,17,153,9,12,12,12,10,17,0,1.0000
171.270000,3447,1.6726,0.280340,0.564756,5.9665,2.9617,0.3753,200,24,24,24,216,9,12,12,12,10,24,0,1.0000
171.320000,3448,1.6729,0.280537,0.564978,5.9632,2.9610,0.4321,200,13,13,13,117,9,12,12,12,10,13,0,1.0000
171.370000,3449,1.6723,0.280696,0.565121,5.9578,2.9592,0.3751,200,25,25,25,225,9,12,12,12,10,25,0,1.0000
171.420000,3450,1.6719,0.280107,0.564854,5.9688,2.9599,0.3901,200,12,12,12,108,9,12,12,12,10,12,0,1.0000
171.470000,3451,1.6690,0.280266,0.564960,5.9550,2.9542,0.4015,200,17,17,17,153,9,12,12,12,10,17,0,1.0000
171.520000,3452,1.6685,0.280429,0.565109,5.9499,2.9526,0.4962,200,18,18,18,162,9,12,12,12,10,18,0,1.0000
171.570000,3453,1.6699,0.280595,0.565301,5.9511,2.9539,0.3943,200,13,13,13,117,9,12,12,12,10,13,0,1.0000
171.620000,3454,1.6709,0.280798,0.565530,5.9507,2.9546,0.3799,200,8,8,8,72,9,12,12,12,10,8,0,1.0000
171.670000,3455,1.6721,0.280971,0.565734,5.9511,2.9556,nan,200,21,21,21,189,9,12,12,12,10,21,0,1.0000
171.720000,3456,1.6721,0.281148,0.565939,5.9474,2.9546,0.3539,200,16,16,16,144,9,12,12,12,10,16,0,1.0000
171.770000,3457,1.6724,0.280881,0.565902,5.9540,2.9552,0.3533,200,16,16,16,144,9,12,12,12,10,16,0,1.0000
171.820000,3458,1.6710,0.281069,0.566128,5.9453,2.9517,0.4556,200,17,17,17,153,9,12,12,12,10,17,0,1.0000
171.870000,3459,1.6706,0.281251,0.566348,5.9398,2.9497,0.3991,200,24,24,24,216,9,12,12,12,10,24,0,1.0000
171.920000,3460,1.6706,0.281449,0.566606,5.9356,2.9484,0.3662,200,13,13,13,117,9,12,12,12,10,13,0,1.0000
171.970000,3461,1.6684,0.281624,0.566822,5.9241,2.9434,nan,200,25,25,25,225,9,12,12,12,10,25,0,1.0000
172.020000,3462,1.6661,0.280794,0.566469,5.9335,2.9412,0.4804,200,12,12,12,108,9,12,12,12,10,12,0,1.0000
172.070000,3463,1.6621,0.280950,0.566659,5.9160,2.9332,0.3842,200,16,16,16,144,9,12,12,12,10,16,0,1.0000
172.120000,3464,1.6621,0.281034,0.566766,5.9143,2.9326,0.3840,200,19,19,19,171,9,12,12,12,10,19,0,1.0000
172.170000,3465,1.6615,0.281182,0.566980,5.9089,2.9304,0.3616,200,13,13,13,117,9,12,12,12,10,13,0,1.0000
172.220000,3466,1.6577,0.279588,0.566172,5.9289,2.9278,0.3047,200,9,9,8,76,9,12,12,12,10,9,0,1.0000
172.270000,3467,1.6580,0.279688,0.566294,5.9280,2.9278,0.3068,200,21,21,21,189,9,12,12,12,10,21,0,1.0000
172.320000,3468,1.6574,0.279786,0.566375,5.9238,2.9263,0.4786,200,16,16,16,144,9,12,12,12,10,16,0,1.0000
172.370000,3469,1.6576,0.279380,0.565955,5.9333,2.9289,nan,200,16,16,16,144,9,12,12,12,10,16,0,1.0000
172.420000,3470,1.6601,0.279468,0.565794,5.9403,2.9341,0.3071,200,17,17,17,153,9,12,12,12,10,17,0,1.0000
172.470000,3471,1.6686,0.279544,0.565178,5.9691,2.9524,0.3346,200,24,24,24,216,9,12,12,12,10,24,0,1.0000
172.520000,3472,1.6724,0.279629,0.564882,5.9808,2.9606,0.4182,200,13,13,13,117,9,12,12,12,10,13,0,1.0000
172.570000,3473,1.6821,0.279660,0.564140,6.0148,2.9817,0.3193,200,25,25,25,225,9,12,12,12,10,25,0,1.0000
172.620000,3474,1.6815,0.279752,0.564162,6.0106,2.9805,0.3218,200,11,11,11,99,9,12,12,12,10,11,0,1.0000
172.670000,3475,1.6819,0.279849,0.564170,6.0101,2.9812,0.3669,200,16,16,16,144,9,12,12,12,10,16,0,1.0000
172.720000,3476,1.6800,0.279939,0.564165,6.0014,2.9779,0.2651,200,19,19,19,171,9,12,12,12,10,18,1,0.9474
172.770000,3477,1.6788,0.280039,0.564244,5.9948,2.9753,0.3609,200,13,13,13,117,9,12,12,12,10,13,0,1.0000
172.820000,3478,1.6768,0.280126,0.564323,5.9858,2.9713,0.3569,200,9,9,9,81,9,12,12,12,10,9,0,1.0000
172.870000,3479,1.6758,0.280225,0.564380,5.9802,2.9693,0.3791,200,22,22,21,195,9,12,12,12,10,22,0,1.0000
172.920000,3480,1.6751,0.280324,0.564448,5.9755,2.9676,0.3835,200,16,16,16,144,9,12,12,12,10,16,0,1.0000
172.970000,3481,1.6718,0.280420,0.564484,5.9616,2.9616,0.3764,200,15,15,15,135,9,12,12,12,10,15,0,1.0000
173.020000,3482,1.6688,0.280509,0.564517,5.9490,2.9561,0.3494,200,18,18,18,162,9,12,12,12,10,18,0,1.0000
173.070000,3483,1.6686,0.280609,0.564574,5.9463,2.9555,0.3911,200,24,24,24,216,9,12,12,12,10,24,0,1.0000
173.120000,3484,1.6671,0.280709,0.564661,5.9387,2.9523,0.3688,200,13,13,13,117,9,12,12,12,10,13,0,1.0000
173.170000,3485,1.6659,0.280800,0.564713,5.9325,2.9499,0.3776,200,24,24,24,216,9,12,12,12,10,24,0,1.0000
173.220000,3486,1.6645,0.280898,0.564802,5.9257,2.9471,0.3603,200,11,11,11,99,9,12,12,12,10,11,0,1.0000
173.270000,3487,1.6640,0.280991,0.564873,5.9219,2.9458,0.3900,200,16,16,16,144,9,12,12,12,10,16,0,1.0000
173.320000,3488,1.6598,0.281066,0.564918,5.9055,2.9382,0.3974,200,20,20,19,178,9,12,12,12,10,20,0,1.0000
173.370000,3489,1.6605,0.281166,0.565020,5.9058,2.9389,0.3933,200,14,14,13,124,9,12,12,12,10,14,0,1.0000
173.420000,3490,1.6586,0.281261,0.565131,5.8969,2.9348,0.3837,200,9,9,9,81,9,12,12,12,10,9,0,1.0000
173.470000,3491,1.6567,0.281358,0.565220,5.8881,2.9310,0.3716,200,22,22,22,198,9,12,12,12,10,22,0,1.0000
173.520000,3492,1.6520,0.281468,0.565332,5.8691,2.9221,0.4108,200,16,16,16,144,9,12,12,12,10,16,0,1.0000
173.570000,3493,1.6510,0.281590,0.565453,5.8631,2.9197,0.4045,200,14,14,14,126,9,12,12,12,10,14,0,1.0000
173.620000,3494,1.6482,0.281710,0.565563,5.8505,2.9142,0.3841,200,17,17,17,153,9,12,12,12,10,17,0,1.0000
173.670000,3495,1.6456,0.281844,0.565680,5.8386,2.9090,0.3897,200,24,24,24,216,9,12,12,12,10,24,0,1.0000
173.720000,3496,1.6424,0.281988,0.565822,5.8245,2.9027,0.3997,200,13,13,13,117,9,12,12,12,10,13,0,1.0000
173.770000,3497,1.6391,0.282135,0.565954,5.8095,2.8961,0.3683,200,24,24,24,216,9,12,12,12,10,24,0,1.0000
173.820000,3498,1.6336,0.282293,0.566112,5.7870,2.8857,0.4582,200,11,11,11,99,9,12,12,12,10,11,0,1.0000
173.870000,3499,1.6325,0.282451,0.566270,5.7797,2.8829,0.3830,200,16,16,16,144,9,12,12,12,10,16,0,1.0000
173.920000,3500,1.6292,0.282603,0.566424,5.7648,2.8762,0.4044,200,20,20,20,180,9,12,12,12,10,20,0,1.0000
173.970000,3501,1.6264,0.282766,0.566596,5.7516,2.8704,0.1930,200,14,14,14,126,9,12,12,12,10,14,0,1.0000
174.020000,3502,1.6218,0.282930,0.566766,5.7321,2.8615,0.4659,200,9,9,9,81,9,12,12,12,10,9,0,1.0000
174.070000,3503,1.6254,0.283079,0.566917,5.7418,2.8671,0.3797,200,22,22,22,198,9,12,12,12,10,22,0,1.0000
174.120000,3504,1.6244,0.283252,0.567092,5.7349,2.8645,0.3921,200,19,19,16,162,9,12,12,12,10,19,0,1.0000
174.170000,3505,1.6240,0.283433,0.567276,5.7298,2.8629,0.3641,200,14,14,14,126,9,12,12,12,10,14,0,1.0000
174.220000,3506,1.6233,0.283608,0.567439,5.7239,2.8608,0.3473,200,17,17,17,153,9,12,12,12,10,17,0,1.0000
174.270000,3507,1.6279,0.283783,0.567600,5.7365,2.8681,0.3724,200,23,23,23,207,9,12,12,12,10,23,0,1.0000
174.320000,3508,1.6227,0.283984,0.567816,5.7142,2.8579,0.4002,200,14,14,14,126,9,12,10,12,10,12,2,0.8571
174.370000,3509,1.6253,0.284173,0.567997,5.7193,2.8614,0.3626,200,24,24,24,216,9,12,12,12,10,24,0,1.0000
174.420000,3510,1.6234,0.284390,0.568214,5.7082,2.8569,0.3486,200,10,10,10,90,9,12,12,12,10,10,0,1.0000
174.470000,3511,1.6250,0.284607,0.568417,5.7098,2.8589,0.3325,200,15,15,15,135,9,12,12,12,10,15,0,1.0000
174.520000,3512,1.6255,0.284804,0.568599,5.7074,2.8588,0.2490,200,19,19,19,171,9,12,12,12,10,19,0,1.0000
174.570000,3513,1.6273,0.285023,0.568825,5.7094,2.8608,0.3443,200,14,14,14,126,9,12,12,12,10,14,0,1.0000
174.620000,3514,1.6247,0.285234,0.569054,5.6962,2.8552,0.3445,200,9,9,9,81,9,12,12,12,10,9,0,1.0000
174.670000,3515,1.6255,0.285449,0.569282,5.6946,2.8554,0.3625,200,21,21,21,189,9,12,12,12,10,21,0,1.0000
174.720000,3516,1.6325,0.284908,0.568910,5.7300,2.8696,0.3258,200,20,20,20,180,9,12,12,12,10,20,0,1.0000
174.770000,3517,1.6288,0.285092,0.569136,5.7132,2.8618,0.3074,200,15,15,15,135,9,12,10,12,10,15,0,1.0000
174.820000,3518,1.6209,0.285282,0.569365,5.6816,2.8468,0.3174,200,17,17,17,153,9,12,12,12,10,17,0,1.0000
174.870000,3519,1.6182,0.285478,0.569602,5.6682,2.8408,0.3142,200,22,22,22,198,9,12,12,12,10,22,0,1.0000
174.920000,3520,1.6132,0.285678,0.569844,5.6470,2.8310,0.3250,200,13,13,13,117,9,12,12,12,10,13,0,1.0000
174.970000,3521,1.6077,0.285879,0.570084,5.6238,2.8201,0.3443,200,26,26,25,234,9,12,12,12,10,26,0,1.0000
175.020000,3522,1.5999,0.286084,0.570334,5.5925,2.8052,0.3456,200,11,11,10,96,9,12,12,12,10,11,0,1.0000
175.070000,3523,1.5990,0.286288,0.570589,5.5854,2.8024,0.3496,200,15,15,15,135,9,12,12,12,10,15,0,1.0000
175.120000,3524,1.5969,0.286492,0.570842,5.5739,2.7974,0.3489,200,18,18,18,162,9,12,12,12,10,18,0,1.0000
175.170000,3525,1.5943,0.286700,0.571099,5.5608,2.7916,0.3281,200,16,16,14,137,9,12,12,12,10,16,0,1.0000
175.220000,3526,1.5915,0.286913,0.571364,5.5468,2.7854,0.3440,200,9,9,9,81,9,12,12,12,10,9,0,1.0000
175.270000,3527,1.5916,0.287118,0.571619,5.5435,2.7844,0.3359,200,20,20,20,180,9,12,12,12,10,20,0,1.0000
175.320000,3528,1.5837,0.287327,0.571863,5.5118,2.7693,0.3515,200,21,21,19,184,9,12,12,12,10,21,0,1.0000
175.370000,3529,1.5858,0.287543,0.572126,5.5151,2.7718,0.3377,200,15,15,15,135,9,12,12,12,10,15,0,1.0000
175.420000,3530,1.5851,0.287768,0.572407,5.5083,2.7692,0.3259,200,17,17,17,153,9,12,12,12,10,17,0,1.0000
175.470000,3531,1.5824,0.287998,0.572704,5.4946,2.7631,0.3463,200,21,21,21,189,9,12,12,12,10,21,0,1.0000
175.520000,3532,1.5764,0.288233,0.573006,5.4691,2.7511,0.3136,200,13,13,13,117,9,12,12,12,10,13,0,1.0000
175.570000,3533,1.5805,0.288465,0.573267,5.4789,2.7569,0.3139,200,26,26,26,234,9,12,12,12,10,26,0,1.0000
175.620000,3534,1.5797,0.288705,0.573559,5.4718,2.7543,0.3450,200,10,10,10,90,9,12,12,12,10,10,0,1.0000
175.670000,3535,1.5807,0.288947,0.573858,5.4704,2.7544,0.3014,200,15,15,15,135,9,12,12,12,10,15,0,1.0000
175.720000,3536,1.5812,0.289193,0.574175,5.4677,2.7539,0.3401,200,17,17,17,153,9,12,12,12,10,17,0,1.0000
175.770000,3537,1.5812,0.289442,0.574493,5.4628,2.7523,0.3297,200,16,16,16,144,9,12,12,12,10,16,0,1.0000
175.820000,3538,1.5805,0.289695,0.574819,5.4558,2.7496,0.3803,200,9,9,9,81,9,12,12,12,10,9,0,1.0000
175.870000,3539,1.5824,0.289946,0.575166,5.4575,2.7512,0.3469,200,21,21,21,189,9,12,10,12,10,21,0,1.0000
175.920000,3540,1.5813,0.290196,0.575502,5.4490,2.7477,0.3526,200,20,20,20,180,9,12,12,12,10,20,0,1.0000
175.970000,3541,1.5848,0.290444,0.575838,5.4563,2.7521,0.3562,200,16,16,16,144,9,12,10,12,10,16,0,1.0000
176.020000,3542,1.5803,0.290701,0.576211,5.4362,2.7426,0.3888,200,17,17,17,153,9,12,12,12,10,17,0,1.0000
176.070000,3543,1.5809,0.290961,0.576603,5.4334,2.7418,0.3920,200,20,20,20,180,9,12,12,12,10,20,0,1.0000
176.120000,3544,1.5786,0.291234,0.577018,5.4204,2.7358,0.3640,200,13,13,13,117,9,12,12,12,10,13,0,1.0000
176.170000,3545,1.5780,0.291505,0.577425,5.4134,2.7329,0.3610,200,26,26,26,234,9,12,12,12,10,26,0,1.0000
176.220000,3546,1.5752,0.291792,0.577865,5.3985,2.7259,0.3619,200,10,10,10,90,9,12,12,12,10,10,0,1.0000
176.270000,3547,1.5704,0.292084,0.578317,5.3766,2.7155,0.3546,200,15,15,15,135,9,12,12,12,10,15,0,1.0000
176.320000,3548,1.5613,0.292383,0.578779,5.3400,2.6976,0.3731,200,17,17,17,153,9,12,12,12,10,17,0,1.0000
176.370000,3549,1.5566,0.292687,0.579246,5.3185,2.6874,0.3799,200,16,16,16,144,9,12,12,12,10,16,0,1.0000
176.420000,3550,1.5519,0.292994,0.579738,5.2967,2.6769,0.3915,200,10,10,9,86,9,12,12,12,10,10,0,1.0000
176.470000,3551,1.5468,0.293303,0.580236,5.2739,2.6659,0.3588,200,21,21,21,189,9,12,12,12,10,21,0,1.0000
176.520000,3552,1.5416,0.293613,0.580735,5.2504,2.6545,0.3871,200,20,20,20,180,9,12,12,12,10,20,0,1.0000
176.570000,3553,1.5422,0.293925,0.581231,5.2468,2.6533,0.3881,200,15,15,15,135,9,12,12,12,10,15,0,1.0000
176.620000,3554,1.5389,0.294232,0.581681,5.2303,2.6456,0.3919,200,17,17,17,153,9,12,12,12,10,17,0,1.0000
176.670000,3555,1.5386,0.294528,0.582079,5.2241,2.6433,0.3874,200,21,21,20,188,9,12,12,12,10,21,0,1.0000
176.720000,3556,1.5372,0.294845,0.582536,5.2136,2.6388,0.3199,200,13,13,13,117,9,12,12,12,10,13,0,1.0000
176.770000,3557,1.5390,0.295115,0.582693,5.2151,2.6413,0.3376,200,25,25,25,225,9,12,12,12,10,25,0,1.0000
176.820000,3558,1.5336,0.295446,0.583084,5.1909,2.6302,0.3483,200,11,11,11,99,9,12,12,12,10,11,0,1.0000
176.870000,3559,1.5339,0.295784,0.583478,5.1860,2.6290,0.3702,200,15,15,14,131,9,12,12,12,10,15,0,1.0000
176.920000,3560,1.5323,0.296135,0.583919,5.1742,2.6241,0.3940,200,17,17,17,153,9,12,12,12,10,17,0,1.0000
176.970000,3561,1.5377,0.296478,0.584342,5.1866,2.6315,0.3486,200,17,17,16,147,9,12,12,12,10,17,0,1.0000
177.020000,3562,1.5330,0.296859,0.584890,5.1641,2.6210,0.4514,200,11,11,10,99,9,12,10,12,10,10,1,0.9091
177.070000,3563,1.5379,0.297230,0.585343,5.1742,2.6274,0.4365,200,22,22,21,195,9,12,12,12,10,21,1,0.9545
177.120000,3564,1.5411,0.297566,0.585573,5.1790,2.6318,0.4357,200,20,20,19,174,9,12,12,12,10,19,1,0.9500
177.170000,3565,1.5426,0.297888,0.585666,5.1785,2.6340,0.4198,200,15,15,15,135,9,12,12,12,10,15,0,1.0000
177.220000,3566,1.5417,0.298194,0.585735,5.1702,2.6321,0.4351,200,16,16,16,144,9,12,12,12,10,16,0,1.0000
177.270000,3567,1.5463,0.298461,0.585606,5.1809,2.6405,0.3451,200,25,25,22,209,9,12,11,12,10,25,0,1.0000
177.320000,3568,1.5403,0.298792,0.585813,5.1552,2.6294,0.4925,200,12,12,12,108,9,12,12,12,10,12,0,1.0000
177.370000,3569,1.6038,0.298951,0.585217,5.3648,2.7405,0.4712,200,25,25,24,223,9,12,12,12,10,25,0,1.0000
177.420000,3570,1.6116,0.299282,0.585388,5.3849,2.7531,0.4557,200,12,12,10,105,9,12,12,12,10,12,0,1.0000
177.470000,3571,1.6276,0.299607,0.585517,5.4326,2.7798,0.4539,200,15,15,14,134,9,12,12,12,10,15,0,1.0000
177.520000,3572,1.6389,0.299971,0.585805,5.4635,2.7977,0.4469,200,18,18,18,162,9,12,12,12,10,18,0,1.0000
177.570000,3573,1.8415,0.299598,0.582922,6.1464,3.1590,0.7493,200,19,19,17,160,9,12,10,12,10,19,0,1.0000
177.620000,3574,1.8448,0.299947,0.583298,6.1505,3.1627,0.7295,200,7,7,7,63,9,12,12,12,10,7,0,1.0000
177.670000,3575,1.8476,0.300289,0.583656,6.1527,3.1656,0.7275,200,23,23,22,206,9,12,10,12,10,23,0,1.0000
177.720000,3576,1.8436,0.300612,0.584009,6.1327,3.1567,0.5918,200,25,25,17,207,9,12,10,12,10,25,0,1.0000
177.770000,3577,1.8421,0.300907,0.584328,6.1217,3.1525,0.8663,200,17,17,14,150,9,12,10,12,10,17,0,1.0000
177.820000,3578,1.8355,0.301196,0.584664,6.0939,3.1394,0.9462,200,15,15,15,135,9,12,12,12,10,15,0,1.0000
177.870000,3579,1.8403,0.301399,0.584832,6.1059,3.1467,0.9715,200,22,22,22,198,9,12,12,12,10,22,0,1.0000
177.920000,3580,1.8428,0.301667,0.585141,6.1088,3.1494,0.9589,200,14,14,11,115,9,12,11,12,10,14,0,1.0000
177.970000,3581,1.8501,0.301912,0.585425,6.1280,3.1603,0.9665,200,18,18,18,162,9,12,11,12,10,18,0,1.0000
178.020000,3582,1.8530,0.302128,0.585623,6.1331,3.1641,0.9565,200,10,10,10,90,9,12,12,12,10,10,0,1.0000
178.070000,3583,1.8664,0.302328,0.585810,6.1736,3.1861,0.9745,200,16,16,16,144,9,12,12,12,10,16,0,1.0000
178.120000,3584,1.8690,0.302557,0.586073,6.1775,3.1891,0.9599,200,17,17,17,153,9,12,12,12,10,17,0,1.0000
178.170000,3585,1.8746,0.302722,0.586174,6.1925,3.1980,0.9540,200,19,19,16,168,9,12,12,12,10,19,0,1.0000
178.220000,3586,1.8779,0.302984,0.586503,6.1979,3.2018,0.9965,200,9,9,6,71,9,12,12,12,10,9,0,1.0000
178.270000,3587,1.8710,0.303192,0.586736,6.1712,3.1889,1.0024,200,22,22,20,193,9,12,12,12,10,22,0,1.0000
178.320000,3588,1.8112,0.302962,0.585929,5.9783,3.0912,1.0245,200,27,27,25,237,9,12,11,12,10,27,0,1.0000
178.370000,3589,1.7892,0.302936,0.585245,5.9063,3.0572,1.0429,200,19,19,17,163,9,12,12,12,10,19,0,1.0000
178.420000,3590,1.7854,0.303147,0.585494,5.8896,3.0494,1.0801,200,17,17,14,138,9,12,10,12,10,17,0,1.0000
178.470000,3591,1.7802,0.303190,0.585404,5.8717,3.0410,1.0968,200,20,20,20,180,9,12,12,12,10,20,0,1.0000
178.520000,3592,1.7662,0.303158,0.585209,5.8259,3.0180,1.1349,200,17,17,13,140,9,12,12,12,10,17,0,1.0000
178.570000,3593,1.7681,0.303260,0.585313,5.8304,3.0208,1.0457,200,18,18,17,161,9,12,12,12,10,18,0,1.0000
178.620000,3594,1.7749,0.303271,0.585110,5.8527,3.0335,1.0718,200,11,11,11,99,9,12,12,12,10,11,0,1.0000
178.670000,3595,1.8078,0.303248,0.584768,5.9614,3.0915,1.0126,200,17,17,13,140,9,12,12,12,10,17,0,1.0000
178.720000,3596,1.8658,0.303335,0.584625,6.1508,3.1914,0.9717,200,16,16,15,140,9,12,12,12,10,16,0,1.0000
178.770000,3597,1.8618,0.303277,0.584407,6.1390,3.1858,0.9721,200,18,18,16,157,9,12,10,12,10,18,0,1.0000
178.820000,3598,1.8994,0.303261,0.584165,6.2632,3.2515,0.9792,200,9,9,8,75,9,12,11,12,10,9,0,1.0000
178.870000,3599,1.8721,0.303126,0.583385,6.1761,3.2091,0.9479,200,22,22,16,173,9,12,12,12,10,22,0,1.0000
178.920000,3600,1.8607,0.303030,0.583169,6.1402,3.1906,0.9579,200,27,27,27,243,9,12,12,12,10,27,0,1.0000
178.970000,3601,1.8404,0.302942,0.582660,6.0751,3.1586,0.9321,200,17,17,17,153,9,12,12,12,10,17,0,1.0000
179.020000,3602,1.8365,0.302948,0.582551,6.0623,3.1526,0.9181,200,16,16,16,144,9,12,12,12,10,16,0,1.0000
179.070000,3603,1.8401,0.302967,0.582584,6.0735,3.1584,0.9517,200,19,19,18,166,9,12,12,12,10,19,0,1.0000
179.120000,3604,1.8403,0.303014,0.582641,6.0732,3.1585,0.9613,200,15,15,15,135,9,12,10,12,10,15,0,1.0000
179.170000,3605,1.8606,0.303072,0.582645,6.1390,3.1933,1.0384,200,21,21,20,184,9,12,12,12,10,21,0,1.0000
179.220000,3606,1.8605,0.303151,0.582726,6.1373,3.1928,1.0593,200,9,9,8,75,9,12,12,12,10,9,0,1.0000
179.270000,3607,1.8902,0.303030,0.582631,6.2375,3.2442,1.1810,200,14,14,12,119,9,12,12,12,10,14,0,1.0000
179.320000,3608,1.8913,0.302974,0.582575,6.2424,3.2464,1.2209,200,19,19,16,165,9,12,12,12,10,19,0,1.0000
179.370000,3609,1.8962,0.303028,0.582624,6.2575,3.2546,1.2374,200,18,18,17,157,9,12,12,12,10,18,0,1.0000
179.420000,3610,1.8997,0.303086,0.582665,6.2680,3.2604,1.2573,200,10,10,9,87,9,12,12,12,10,10,0,1.0000
179.470000,3611,1.9066,0.302990,0.582583,6.2926,3.2726,1.2647,200,21,21,21,189,9,12,12,12,10,21,0,1.0000
179.520000,3612,1.9116,0.303001,0.582597,6.3089,3.2812,1.3433,200,26,26,26,234,9,12,12,12,10,26,0,1.0000
179.570000,3613,1.9152,0.303041,0.582631,6.3199,3.2871,1.3586,200,16,16,16,144,9,12,12,12,10,16,0,1.0000
179.620000,3614,1.9310,0.302896,0.582555,6.3752,3.3147,1.4632,200,16,16,15,138,9,12,12,12,10,16,0,1.0000
179.670000,3615,1.9344,0.302857,0.582540,6.3871,3.3206,1.4665,200,18,18,18,162,9,12,12,12,10,18,0,1.0000
179.720000,3616,1.9381,0.302900,0.582583,6.3986,3.3268,1.4773,200,12,12,11,107,9,12,12,12,10,12,0,1.0000
179.770000,3617,1.9433,0.302833,0.582549,6.4172,3.3359,1.5064,200,22,22,21,195,9,12,12,12,10,22,0,1.0000
179.820000,3618,1.9464,0.302843,0.582576,6.4272,3.3411,1.5205,200,9,9,9,81,9,12,12,12,10,9,0,1.0000
179.870000,3619,1.9474,0.302624,0.582442,6.4351,3.3435,1.4568,200,16,16,16,144,9,12,12,12,10,16,0,1.0000
179.920000,3620,1.9681,0.302357,0.582274,6.5091,3.3800,1.5899,200,17,17,17,153,9,12,12,12,10,17,0,1.0000
179.970000,3621,1.9737,0.302309,0.582238,6.5286,3.3898,1.5891,200,20,20,19,180,9,12,12,12,10,20,0,1.0000
180.020000,3622,1.9721,0.302361,0.582262,6.5224,3.3870,1.5744,200,10,10,9,84,9,12,12,12,10,10,0,1.0000
180.070000,3623,1.9765,0.302165,0.582120,6.5412,3.3954,1.6020,200,20,20,20,180,9,12,12,12,10,20,0,1.0000
180.120000,3624,1.9822,0.302205,0.582143,6.5593,3.4051,1.6327,200,25,25,25,225,9,12,12,12,10,25,0,1.0000
180.170000,3625,1.9838,0.302170,0.582112,6.5652,3.4080,1.6028,200,18,18,16,154,9,12,12,12,10,18,0,1.0000
180.220000,3626,1.9872,0.302098,0.582073,6.5779,3.4140,1.5862,200,16,16,15,142,9,12,12,12,10,16,0,1.0000
180.270000,3627,1.9913,0.302070,0.582037,6.5921,3.4212,1.5689,200,21,21,18,173,9,12,12,12,10,21,0,1.0000
180.320000,3628,1.9957,0.302105,0.582051,6.6060,3.4288,1.5814,200,18,18,13,152,9,12,10,12,10,18,0,1.0000
180.370000,3629,1.9916,0.302091,0.581931,6.5927,3.4224,1.5651,200,25,25,21,213,9,12,10,12,10,25,0,1.0000
180.420000,3630,1.9995,0.302068,0.581840,6.6194,3.4365,1.5364,200,15,15,12,130,9,12,10,12,10,15,0,1.0000
180.470000,3631,1.9968,0.302112,0.581803,6.6095,3.4321,1.5138,200,12,12,12,108,9,12,12,12,10,12,0,1.0000
180.520000,3632,1.9979,0.302174,0.581782,6.6118,3.4341,1.4766,200,13,13,13,117,9,12,12,12,10,13,0,1.0000
180.570000,3633,1.9949,0.302235,0.581696,6.6004,3.4294,1.4441,200,18,18,17,158,9,12,10,12,10,18,0,1.0000
180.620000,3634,1.9818,0.302310,0.581631,6.5556,3.4073,1.3885,200,10,10,9,84,9,12,12,12,10,10,0,1.0000
180.670000,3635,1.9733,0.302362,0.581539,6.5264,3.3933,1.3648,200,19,19,18,165,9,12,10,12,10,19,0,1.0000
180.720000,3636,1.9678,0.302434,0.581537,6.5064,3.3837,1.2960,200,25,25,20,214,9,12,10,12,10,25,0,1.0000
180.770000,3637,1.9639,0.302493,0.581507,6.4923,3.3772,1.3101,200,17,17,15,148,9,12,12,12,10,17,0,1.0000
180.820000,3638,1.9547,0.302553,0.581490,6.4605,3.3615,1.2515,200,29,29,16,224,9,12,11,12,10,29,0,1.0000
180.870000,3639,1.9626,0.302609,0.581469,6.4855,3.3752,1.2974,200,19,19,17,164,9,12,10,12,10,19,0,1.0000
180.920000,3640,2.0389,0.302469,0.581165,6.7407,3.5082,1.7399,200,17,17,16,153,9,12,12,12,10,17,0,1.0000
180.970000,3641,2.0406,0.302534,0.581174,6.7451,3.5112,1.7609,200,21,21,21,189,9,12,11,12,10,21,0,1.0000
181.020000,3642,2.0447,0.302586,0.581162,6.7575,3.5183,1.7848,200,20,20,14,161,9,12,12,12,10,20,0,1.0000
181.070000,3643,2.0449,0.302635,0.581170,6.7570,3.5186,1.7731,200,6,6,6,54,9,12,12,12,10,6,0,1.0000
181.120000,3644,2.0433,0.302672,0.581171,6.7509,3.5158,1.7649,200,9,9,8,75,9,12,12,12,10,9,0,1.0000
181.170000,3645,2.0367,0.302667,0.581127,6.7292,3.5047,1.6916,200,23,23,19,196,9,12,10,12,10,23,0,1.0000
181.220000,3646,2.0256,0.302672,0.581079,6.6924,3.4859,1.5842,200,11,11,10,97,9,12,12,12,10,11,0,1.0000
181.270000,3647,1.9805,0.302425,0.580687,6.5487,3.4106,1.3352,200,14,14,14,126,9,12,12,12,10,14,0,1.0000
181.320000,3648,1.9810,0.302271,0.580408,6.5536,3.4131,1.3636,200,16,16,16,144,9,12,12,12,10,16,0,1.0000
181.370000,3649,1.9590,0.302253,0.580346,6.4813,3.3756,1.2296,200,16,16,16,144,9,12,12,12,10,16,0,1.0000
181.420000,3650,1.9297,0.302209,0.580207,6.3852,3.3258,1.0742,200,29,29,28,255,9,12,12,12,10,29,0,1.0000
181.470000,3651,1.9316,0.302187,0.580161,6.3919,3.3293,1.0711,200,20,20,18,170,9,12,12,12,10,20,0,1.0000
181.520000,3652,1.9335,0.302192,0.580118,6.3982,3.3329,1.1170,200,18,18,17,157,9,12,10,12,10,18,0,1.0000
181.570000,3653,1.9367,0.302195,0.580098,6.4089,3.3386,1.1573,200,23,23,20,189,9,12,12,12,10,21,2,0.9130
181.620000,3654,1.9339,0.302231,0.580097,6.3986,3.3337,1.1299,200,20,20,19,179,9,12,12,12,10,20,0,1.0000
181.670000,3655,1.9327,0.302288,0.580109,6.3935,3.3316,1.1103,200,12,12,8,91,9,12,10,12,10,12,0,1.0000
181.720000,3656,1.9313,0.302339,0.580116,6.3878,3.3291,0.9640,200,9,9,7,76,9,12,12,12,10,9,0,1.0000
181.770000,3657,1.9326,0.302365,0.580106,6.3915,3.3314,1.1435,200,39,39,27,317,9,12,10,12,10,39,0,1.0000
181.820000,3658,1.9360,0.302389,0.580097,6.4023,3.3373,1.2346,200,30,30,13,222,9,12,11,12,10,30,0,1.0000
181.870000,3659,1.9355,0.302377,0.580067,6.4009,3.3366,1.2487,200,15,15,6,112,9,12,10,12,10,15,0,1.0000
181.920000,3660,1.9359,0.302333,0.580020,6.4034,3.3377,1.2991,200,30,30,16,222,9,12,10,12,10,30,0,1.0000
181.970000,3661,1.9309,0.302253,0.579952,6.3883,3.3294,1.8570,200,47,47,12,300,9,12,11,12,10,46,1,0.9787
182.020000,3662,1.9269,0.302161,0.579891,6.3772,3.3229,4.2720,200,44,44,21,314,9,12,10,12,10,44,0,1.0000
182.070000,3663,1.9179,0.302096,0.579871,6.3485,3.3074,5.6969,200,9,9,4,70,9,12,12,12,10,9,0,1.0000
182.120000,3664,1.9006,0.301981,0.579824,6.2936,3.2778,3.9063,175,38,38,9,190,9,12,10,12,10,33,5,0.8684
182.170000,3665,1.8876,0.301879,0.579789,6.2529,3.2557,4.0605,200,32,32,3,162,9,12,10,12,10,32,0,1.0000
182.220000,3666,1.8765,0.301812,0.579786,6.2173,3.2365,4.7335,200,4,4,1,24,9,12,12,12,10,4,0,1.0000
182.270000,3667,1.8671,0.301726,0.579761,6.1880,3.2204,5.8304,200,35,35,6,194,9,12,10,12,10,33,2,0.9429
182.320000,3668,1.8578,0.301664,0.579739,6.1585,3.2046,7.2877,200,18,18,3,94,9,12,10,12,10,17,1,0.9444
182.370000,3669,1.8513,0.301625,0.579730,6.1377,3.1934,7.1196,200,8,8,8,72,9,12,12,12,10,8,0,1.0000
182.420000,3670,1.8446,0.301588,0.579710,6.1164,3.1820,6.7709,200,5,5,3,35,9,12,12,12,10,3,2,0.6000
182.470000,3671,1.8427,0.301574,0.579711,6.1101,3.1786,6.8421,200,0,0,0,0,0,0,0,0,10,0,0,0.0000
182.520000,3672,1.8410,0.301560,0.579719,6.1051,3.1758,6.8271,200,4,4,4,36,9,12,12,12,10,4,0,1.0000
182.570000,3673,1.8394,0.301545,0.579723,6.0998,3.1728,6.8066,200,7,7,7,63,9,12,12,12,10,7,0,1.0000
182.620000,3674,1.8281,0.301504,0.579711,6.0633,3.1535,6.7502,200,14,14,14,126,9,12,12,12,10,14,0,1.0000
182.670000,3675,1.8264,0.301491,0.579719,6.0580,3.1506,6.7524,200,2,2,2,18,9,12,12,12,10,2,0,1.0000
182.720000,3676,1.8142,0.301458,0.579709,6.0182,3.1296,6.6846,200,21,21,21,189,9,12,12,12,10,20,1,0.9524
182.770000,3677,1.7970,0.301324,0.579606,5.9636,3.1003,6.5627,200,31,31,31,279,9,12,12,12,10,26,5,0.8387
182.820000,3678,1.7865,0.301130,0.579461,5.9327,3.0831,6.4945,200,9,9,9,81,9,12,12,12,10,8,1,0.8889
182.870000,3679,1.7839,0.301121,0.579472,5.9242,3.0785,6.4965,200,41,41,41,369,9,12,12,12,10,0,41,0.0000
182.920000,3680,1.7810,0.301101,0.579477,5.9149,3.0734,6.4960,200,52,52,52,468,9,12,12,12,10,14,38,0.2692
182.970000,3681,1.7785,0.301085,0.579484,5.9068,3.0690,6.4968,200,11,11,11,99,9,12,12,12,10,2,9,0.1818
